altitude,temperature,pressure,density
0,288.149993896484,101324.996948242,1.22497705725583
10,288.068756103516,101174.926757813,1.22350771319757
20,287.987487792969,101025.032043457,1.22203979229816
30,287.90625,100875.32043457,1.22057312885284
40,287.824981689453,100725.784301758,1.21910789057222
50,287.743743896484,100576.438903809,1.21764400464826
60,287.662506103516,100427.261352539,1.21618132453748
70,287.581237792969,100278.274536133,1.21472025742142
80,287.5,100129.455566406,1.21326026929778
90,287.418762207031,99980.827331543,1.21180176762591
100,287.337524414063,99832.3745727539,1.21034456867256
110,287.256256103516,99684.0972900391,1.20888880197309
120,287.175018310547,99535.9954833984,1.20743421165554
130,287.093780517578,99388.0844116211,1.20598111252716
140,287.012512207031,99240.3411865234,1.20452935612461
150,286.931274414063,99092.7810668945,1.20307887246619
160,286.850036621094,98945.3964233398,1.2016296982817
170,286.768798828125,98798.1948852539,1.20018192736447
180,286.687530517578,98651.1688232422,1.1987355958048
190,286.606292724609,98504.3182373047,1.19729044939223
200,286.525054931641,98357.6507568359,1.19584670972462
210,286.443817138672,98211.1511230469,1.19440419242768
220,286.362579345703,98064.8345947266,1.19296308416557
230,286.281341552734,97918.701171875,1.1915233861378
240,286.200073242188,97772.7355957031,1.19008504071506
250,286.118835449219,97626.953125,1.18864798080806
260,286.03759765625,97481.3385009766,1.18721214880194
270,285.956359863281,97335.9069824219,1.18577773163074
280,285.875122070313,97190.6509399414,1.18434463753045
290,285.793884277344,97045.5703735352,1.18291286762933
300,285.712646484375,96900.6652832031,1.18148242305693
310,285.631408691406,96755.9356689453,1.18005330494408
320,285.550170898438,96611.3815307617,1.17862551442288
330,285.468902587891,96467.0104980469,1.17719927157574
340,285.387664794922,96322.8073120117,1.1757741395493
350,285.306427001953,96178.7796020508,1.1743503385187
360,285.225189208984,96034.9273681641,1.17292786962123
370,285.143951416016,95891.2506103516,1.17150673399545
380,285.062713623047,95747.7493286133,1.17008693278126
390,284.981475830078,95604.4158935547,1.16866837385809
400,284.900238037109,95461.2655639648,1.16725124486528
410,284.819000244141,95318.2830810547,1.16583536039655
420,284.737762451172,95175.4837036133,1.1644209082002
430,284.656524658203,95032.8521728516,1.16300770276612
440,284.575317382813,94890.3961181641,1.16159571398849
450,284.494079589844,94748.1079101563,1.16018509884733
460,284.412841796875,94605.9951782227,1.15877582717683
470,284.331604003906,94464.0579223633,1.15736790012852
480,284.250366210938,94322.2961425781,1.15596131885529
490,284.169128417969,94180.7022094727,1.15455599098299
500,284.087890625,94039.2837524414,1.15315201114196
510,284.006652832031,93898.0407714844,1.15174938048897
520,283.925415039063,93756.965637207,1.15034800657353
530,283.844177246094,93616.0659790039,1.14894798411008
540,283.762969970703,93475.3341674805,1.14754909718279
550,283.681732177734,93334.7778320313,1.14615168750595
560,283.600494384766,93194.3893432617,1.1447555389976
570,283.519256591797,93054.1763305664,1.14336074648457
580,283.438018798828,92914.1387939453,1.14196731113279
590,283.356811523438,92774.2614746094,1.14057492367651
600,283.275573730469,92634.5672607422,1.13918411238789
610,283.1943359375,92495.0332641602,1.13779447401194
620,283.113098144531,92355.6747436523,1.13640619731273
630,283.031890869141,92216.4916992188,1.13501916108066
640,282.950653076172,92077.4688720703,1.13363342350594
650,282.869415283203,91938.6291503906,1.13224914497962
660,282.788177490234,91799.9496459961,1.13086604480396
670,282.706970214844,91661.4456176758,1.12948419009365
680,282.625732421875,91523.1094360352,1.12810373195329
690,282.544494628906,91384.9411010742,1.12672454944289
700,282.463287353516,91246.940612793,1.12534652207965
710,282.382049560547,91109.1156005859,1.12396998836634
720,282.300811767578,90971.4508056641,1.12259463949547
730,282.219604492188,90833.9691162109,1.1212206377712
740,282.138366699219,90696.6400146484,1.11984785025392
750,282.05712890625,90559.4940185547,1.11847653344662
760,281.975921630859,90422.5082397461,1.1171062849513
770,281.894683837891,90285.6903076172,1.11573744199591
780,281.8134765625,90149.0478515625,1.11436985831117
790,281.732238769531,90012.565612793,1.11300358787956
800,281.651000976563,89876.2588500977,1.11163869967362
810,281.569793701172,89740.1123046875,1.1102748857705
820,281.488555908203,89604.1412353516,1.10891257682691
830,281.407348632813,89468.3303833008,1.10755134459085
840,281.326110839844,89332.6873779297,1.10619152490511
850,281.244903564453,89197.2122192383,1.10483287878259
860,281.163665771484,89061.9049072266,1.10347564722561
870,281.082458496094,88926.7654418945,1.1021195917007
880,281.001220703125,88791.7938232422,1.10076495276201
890,280.920013427734,88656.9900512695,1.09941149232913
900,280.838775634766,88522.346496582,1.09805935587122
910,280.757568359375,88387.8707885742,1.09670840034303
920,280.676330566406,88253.5629272461,1.09535886540412
930,280.595123291016,88119.4229125976,1.0940105138784
940,280.513916015625,87985.4431152344,1.09266337135936
950,280.432678222656,87851.6311645508,1.09131765243243
960,280.351470947266,87717.9870605469,1.08997312059822
970,280.270233154297,87584.5031738281,1.08862991957205
980,280.189025878906,87451.1947631836,1.08728800293629
990,280.107818603516,87318.0389404297,1.08594720590674
1000,280.026580810547,87185.0509643555,1.08460783748293
1010,279.945373535156,87052.2308349609,1.08326966229037
1020,279.864166259766,86919.5785522461,1.08193279978406
1030,279.782928466797,86787.0788574219,1.08059717898499
1040,279.701721191406,86654.7546386719,1.07926285009291
1050,279.620513916016,86522.590637207,1.07792974221525
1060,279.539276123047,86390.5868530273,1.07659797394936
1070,279.458068847656,86258.7509155273,1.07526740628799
1080,279.376861572266,86127.0751953125,1.07393806289248
1090,279.295623779297,85995.5596923828,1.07261006203076
1100,279.214416503906,85864.2120361328,1.07128326544897
1110,279.133209228516,85733.0322265625,1.06995779161159
1120,279.052001953125,85602.0050048828,1.06863345118664
1130,278.970764160156,85471.1456298828,1.06731055246294
1140,278.889556884766,85340.4541015625,1.06598886297368
1150,278.808349609375,85209.9151611328,1.06466831009185
1160,278.727142333984,85079.5440673828,1.06334908551969
1170,278.645935058594,84949.333190918,1.06203109503638
1180,278.564727783203,84819.2825317383,1.06071433972119
1190,278.483489990234,84689.3997192383,1.05939903218659
1200,278.402282714844,84559.6694946289,1.05808475036818
1210,278.321075439453,84430.1071166992,1.05677180245693
1220,278.239868164063,84300.7049560547,1.05546009409938
1230,278.158660888672,84171.4630126953,1.05414962638118
1240,278.077453613281,84042.3812866211,1.05284040038925
1250,277.996246337891,83913.459777832,1.05153241721177
1260,277.9150390625,83784.7061157227,1.05022577357126
1270,277.833801269531,83656.1050415039,1.04892039453487
1280,277.752593994141,83527.6718139648,1.04761624194993
1290,277.67138671875,83399.3911743164,1.04631324088402
1300,277.590179443359,83271.2707519531,1.04501148809271
1310,277.508972167969,83143.3181762695,1.04371108044484
1320,277.427764892578,83015.5181884766,1.0424118275196
1330,277.346557617188,82887.8784179688,1.04111382616036
1340,277.265350341797,82760.3988647461,1.03981707746684
1350,277.184143066406,82633.0795288086,1.03852158254001
1360,277.102935791016,82505.9204101563,1.03722734248216
1370,277.021728515625,82378.9215087891,1.03593435839686
1380,276.940521240234,82252.0751953125,1.03464253541941
1390,276.859313964844,82125.3890991211,1.03335197056924
1400,276.778106689453,81998.8632202148,1.03206266495376
1410,276.696899414063,81872.4975585938,1.03077461968169
1420,276.61572265625,81746.2844848633,1.02948762620272
1430,276.534515380859,81620.2392578125,1.0282021050291
1440,276.453308105469,81494.3466186523,1.02691775139403
1450,276.372100830078,81368.6065673828,1.02563456632672
1460,276.290893554688,81243.0267333984,1.02435264705277
1470,276.209686279297,81117.6071166992,1.02307199468862
1480,276.128479003906,80992.3477172852,1.02179261035205
1490,276.047271728516,80867.2409057617,1.02051439888203
1500,275.966064453125,80742.2866821289,1.01923736131395
1510,275.884887695313,80617.5003051758,1.01796157875409
1520,275.803680419922,80492.8588867188,1.01668698863076
1530,275.722473144531,80368.3853149414,1.01541376836669
1540,275.641265869141,80244.0567016602,1.01414162990684
1550,275.56005859375,80119.8959350586,1.01287086355865
1560,275.478881835938,79995.8801269531,1.01160106903395
1570,275.397674560547,79872.0245361328,1.0103326645441
1580,275.316467285156,79748.3291625977,1.00906553904697
1590,275.235260009766,79624.7863769531,1.00779959711049
1600,275.154083251953,79501.3961791992,1.00653472814694
1610,275.072875976563,79378.1661987305,1.00527125320517
1620,274.991668701172,79255.0888061523,1.00400896502855
1630,274.910491943359,79132.1640014648,1.00274775335459
1640,274.829284667969,79009.3994140625,1.0014879386784
1650,274.748077392578,78886.7874145508,1.00022931398327
1660,274.666870117188,78764.3280029297,0.998971880324678
1670,274.585693359375,78642.0288085938,0.997715624665378
1680,274.504486083984,78519.8822021484,0.996460673207881
1690,274.423309326172,78397.8881835938,0.995206805344914
1700,274.342102050781,78276.0467529297,0.993954243589979
1710,274.260894775391,78154.3579101563,0.992702878225027
1720,274.179718017578,78032.8216552734,0.991452599959449
1730,274.098510742188,77911.4456176758,0.990203727635874
1740,274.017333984375,77790.2221679688,0.988955944811613
1750,273.936126708984,77669.1436767578,0.987709375919654
1760,273.854919433594,77548.225402832,0.986464105796323
1770,273.773742675781,77427.4597167969,0.98521992869513
1780,273.692535400391,77306.8466186523,0.983977065437854
1790,273.611358642578,77186.3861083984,0.98273529755724
1800,273.530151367188,77066.0781860352,0.98149484545357
1810,273.448974609375,76945.9228515625,0.980255491085891
1820,273.367767333984,76825.9201049805,0.979017454433568
1830,273.286590576172,76706.0699462891,0.977780517881382
1840,273.205383300781,76586.3647460938,0.976544803706746
1850,273.124206542969,76466.8197631836,0.975310289253932
1860,273.042999267578,76347.4273681641,0.974077096409492
1870,272.961822509766,76228.1799316406,0.972844911039562
1880,272.880615234375,76109.0850830078,0.97161404917472
1890,272.799438476563,75990.1428222656,0.970384294473523
1900,272.71826171875,75871.3531494141,0.969155756787428
1910,272.637054443359,75752.7160644531,0.967928545548411
1920,272.555877685547,75634.2239379883,0.966702347536616
1930,272.474670410156,75515.8843994141,0.965477477881975
1940,272.393493652344,75397.6974487305,0.964253721300665
1950,272.312316894531,75279.6630859375,0.9630311871248
1960,272.231109619141,75161.7736816406,0.961809886638684
1970,272.149932861328,75044.0368652344,0.960589702762931
1980,272.068725585938,74926.4450073242,0.959370754442171
1990,271.987548828125,74809.0057373047,0.958152925076404
2000,271.906372070313,74691.7190551758,0.956936323480184
2010,271.8251953125,74574.5849609375,0.955720950753478
2020,271.743988037109,74457.5881958008,0.954506719581675
2030,271.662811279297,74340.7516479492,0.95329370990248
2040,271.581634521484,74224.0600585938,0.952081834478901
2050,271.500427246094,74107.5134277344,0.950871201209511
2060,271.419250488281,73991.1193847656,0.949661695168357
2070,271.338073730469,73874.8779296875,0.948453424448438
2080,271.256896972656,73758.7814331055,0.947246292178395
2090,271.175720214844,73642.8298950195,0.946040299380618
2100,271.094512939453,73527.0309448242,0.94483565147958
2110,271.013336181641,73411.376953125,0.943632038692546
2120,270.932159423828,73295.8755493164,0.942429666608998
2130,270.850982666016,73180.5191040039,0.941228438217241
2140,270.769775390625,73065.3076171875,0.940028460493439
2150,270.688598632813,72950.2410888672,0.938829522469008
2160,270.607421875,72835.3271484375,0.937631829441615
2170,270.526245117188,72720.5581665039,0.936435284286979
2180,270.445068359375,72605.9417724609,0.935239986313264
2190,270.363891601563,72491.4627075195,0.934045740035795
2200,270.28271484375,72377.1362304688,0.932852743069296
2210,270.201538085938,72262.9547119141,0.931660898176654
2220,270.120361328125,72148.92578125,0.930470304789202
2230,270.039154052734,72035.0341796875,0.929280872210682
2240,269.957977294922,71921.2875366211,0.928092489703443
2250,269.876800537109,71807.6934814453,0.926905361913778
2260,269.795623779297,71694.2443847656,0.925719391463159
2270,269.714447021484,71580.9326171875,0.924534480855826
2280,269.633270263672,71467.7734375,0.923350828189841
2290,269.552093505859,71354.7592163086,0.922168336001612
2300,269.470916748047,71241.8899536133,0.920987005339903
2310,269.389739990234,71129.1656494141,0.919806837254742
2320,269.308563232422,71016.5863037109,0.918627832797423
2330,269.227386474609,70904.1519165039,0.91744999302051
2340,269.146209716797,70791.862487793,0.916273318977834
2350,269.065032958984,70679.7180175781,0.915097811724499
2360,268.983856201172,70567.7108764648,0.913923373508492
2370,268.902679443359,70455.8563232422,0.912750202974419
2380,268.821533203125,70344.1390991211,0.911578000048971
2390,268.740356445313,70232.5744628906,0.910407170571512
2400,268.6591796875,70121.1471557617,0.909237414250147
2410,268.578002929688,70009.8648071289,0.908068831015653
2420,268.496826171875,69898.7197875977,0.906901322944413
2430,268.415649414063,69787.727355957,0.905735089047027
2440,268.33447265625,69676.872253418,0.904569932384861
2450,268.253295898438,69566.162109375,0.903405953013355
2460,268.172149658203,69455.5969238281,0.902243049327737
2470,268.090972900391,69345.1766967773,0.901081427847322
2480,268.009796142578,69234.8937988281,0.899920887701213
2490,267.928619384766,69124.755859375,0.898761529069822
2500,267.847442626953,69014.762878418,0.897603353027398
2510,267.766296386719,68904.9072265625,0.896446159222969
2520,267.685119628906,68795.1965332031,0.895290252369337
2530,267.603942871094,68685.6231689453,0.89413543195701
2540,267.522766113281,68576.1947631836,0.892981798323029
2550,267.441589355469,68466.911315918,0.891829352548067
2560,267.360443115234,68357.7651977539,0.890677894640232
2570,267.279266357422,68248.7564086914,0.889527629023722
2580,267.198089599609,68139.892578125,0.888378554395192
2590,267.116943359375,68031.1737060547,0.887230570476132
2600,267.035766601563,67922.5921630859,0.886083781653365
2610,266.95458984375,67814.1555786133,0.884938187019405
2620,266.873443603516,67705.8563232422,0.88379358701042
2630,266.792266845703,67597.6943969727,0.882650184854193
2640,266.711090087891,67489.6774291992,0.88150798003858
2650,266.629943847656,67381.7977905273,0.880366773212598
2660,266.548767089844,67274.055480957,0.879226767007688
2670,266.467590332031,67166.4581298828,0.878087961306615
2680,266.386444091797,67058.9981079102,0.876950156970479
2690,266.305267333984,66951.6830444336,0.875813655837871
2700,266.22412109375,66844.4976806641,0.874678058513948
2710,266.142944335938,66737.4572753906,0.873543766273934
2720,266.061767578125,66630.5618286133,0.872410679855599
2730,265.980621337891,66523.796081543,0.871278500547748
2740,265.899444580078,66417.1752929688,0.870147629215364
2750,265.818298339844,66310.6918334961,0.869017767144932
2760,265.737121582031,66204.345703125,0.867889114989152
2770,265.655975341797,66098.1369018555,0.866761474327438
2780,265.574798583984,65992.0654296875,0.865635045418373
2790,265.49365234375,65886.1389160156,0.86450973034753
2800,265.412475585938,65780.3497314453,0.863385628933823
2810,265.331329345703,65674.690246582,0.862262443385222
2820,265.250152587891,65569.1757202148,0.861140573480335
2830,265.169006347656,65463.7985229492,0.86001972185549
2840,265.087829589844,65358.5586547852,0.858900087590346
2850,265.006683349609,65253.4561157227,0.857781473856358
2860,264.925537109375,65148.4832763672,0.856663880337564
2870,264.844360351563,65043.6553955078,0.855547607260541
2880,264.763214111328,64938.96484375,0.854432358100249
2890,264.682037353516,64834.4116210938,0.853318330957667
2900,264.600891113281,64729.9957275391,0.852205329994861
2910,264.519744873047,64625.7095336914,0.851093354255972
2920,264.438568115234,64521.5682983398,0.849982703790681
2930,264.357421875,64417.5567626953,0.8488729823711
2940,264.276275634766,64313.6825561523,0.84776438970239
2950,264.195098876953,64209.9533081055,0.846657125222628
2960,264.113952636719,64106.3461303711,0.845550692479988
2970,264.032806396484,64002.8839111328,0.844445492211714
2980,263.951629638672,63899.5552062988,0.843341472021767
2990,263.870483398438,63796.3638305664,0.842238488161871
3000,263.789337158203,63693.3059692383,0.841136588904572
3010,263.708190917969,63590.3816223145,0.840035775251109
3020,263.627014160156,63487.5946044922,0.838936195727629
3030,263.545867919922,63384.9449157715,0.837837657055879
3040,263.464721679688,63282.4249267578,0.836740156622145
3050,263.383575439453,63180.046081543,0.83564384675005
3060,263.302398681641,63077.7969360351,0.834548673856495
3070,263.221252441406,62975.6813049316,0.833454495838669
3080,263.140106201172,62873.7030029297,0.832361461031803
3090,263.058959960938,62771.858215332,0.831269519976911
3100,262.977813720703,62670.1469421387,0.83017867368648
3110,262.896667480469,62568.5729980469,0.829088973722364
3120,262.815490722656,62467.1287536621,0.82800041616457
3130,262.734344482422,62365.8180236816,0.826912860173943
3140,262.653198242188,62264.6408081055,0.825826403010323
3150,262.572052001953,62163.5971069336,0.824741045692466
3160,262.490905761719,62062.6907348633,0.823656839866642
3170,262.409759521484,61961.9140625,0.822573685317278
3180,262.32861328125,61861.270904541,0.821491633677524
3190,262.247467041016,61760.7612609863,0.820410685971186
3200,262.166320800781,61660.3813171387,0.819330792534407
3210,262.085144042969,61560.1348876953,0.818252100329538
3220,262.004028320313,61460.0219726563,0.817174324548779
3230,261.9228515625,61360.0425720215,0.816097847142876
3240,261.841705322266,61260.1928710937,0.815022332842855
3250,261.760559082031,61160.4766845703,0.81394792858288
3260,261.679412841797,61060.8940124512,0.812874635395616
3270,261.598266601563,60961.4410400391,0.811802403516005
3280,261.517120361328,60862.1215820313,0.810731284746752
3290,261.435974121094,60762.9318237305,0.809661229293804
3300,261.354827880859,60663.8717651367,0.808592238147586
3310,261.273681640625,60564.9452209473,0.807524363161864
3320,261.192565917969,60466.1483764648,0.806457460273016
3330,261.111419677734,60367.4850463867,0.805391769916193
3340,261.0302734375,60268.9514160156,0.804327147903363
3350,260.949127197266,60170.5474853516,0.80326359523118
3360,260.867980957031,60072.2732543945,0.80220111289754
3370,260.786834716797,59974.1287231445,0.80113970190158
3380,260.705688476563,59876.1177062988,0.800079414216605
3390,260.624542236328,59778.2363891602,0.799020199903059
3400,260.543395996094,59680.4809570313,0.797962008959173
3410,260.462280273438,59582.8628540039,0.796904902032174
3420,260.381134033203,59485.3668212891,0.795848862913554
3430,260.299987792969,59388.0043029785,0.79479395220597
3440,260.218841552734,59290.771484375,0.793740119896778
3450,260.1376953125,59193.6645507813,0.792687315910933
3460,260.056579589844,59096.6911315918,0.79163555051311
3470,259.975433349609,58999.8435974121,0.790584908421449
3480,259.894287109375,58903.1257629395,0.789535348740442
3490,259.813140869141,58806.5376281738,0.788486872484279
3500,259.731994628906,58710.075378418,0.787439429504408
3510,259.65087890625,58613.7466430664,0.786393030702358
3520,259.569732666016,58517.5399780274,0.785347708504571
3530,259.488586425781,58421.4668273926,0.784303524948983
3540,259.407470703125,58325.5195617676,0.783260286502674
3550,259.326324462891,58229.7019958496,0.782218229768037
3560,259.245178222656,58134.0103149414,0.781177212268747
3570,259.1640625,58038.444519043,0.780137143116782
3580,259.082916259766,57943.0084228516,0.779098258403738
3590,259.001770019531,57847.7020263672,0.778060467198584
3600,258.920623779297,57752.5177001953,0.777023667880755
3610,258.839508056641,57657.4630737305,0.775987872573808
3620,258.758361816406,57562.5381469726,0.774953265382077
3630,258.67724609375,57467.7391052246,0.773919613077712
3640,258.596099853516,57373.0659484863,0.772887099345914
3650,258.514953613281,57278.5186767578,0.771855633775959
3660,258.433837890625,57184.1011047363,0.770825177752065
3670,258.352691650391,57089.8094177246,0.769795863015392
3680,258.271575927734,56995.6398010254,0.76876745714706
3690,258.1904296875,56901.5998840332,0.767740245797914
3700,258.109313964844,56807.6858520508,0.766713996939499
3710,258.028167724609,56713.8977050781,0.765688892963162
3720,257.947021484375,56620.2354431152,0.764664844118441
3730,257.865905761719,56526.6952514648,0.763641709492676
3740,257.784759521484,56433.2847595215,0.76261977397705
3750,257.703643798828,56339.9963378906,0.761598754828841
3760,257.622497558594,56246.8376159668,0.760578936636438
3770,257.541381835938,56153.8009643555,0.759560036964636
3780,257.460266113281,56060.8901977539,0.758542198571776
3790,257.379119873047,55968.1015014648,0.757525460649727
3800,257.298004150391,55875.4425048828,0.756509747717838
3810,257.216857910156,55782.9055786133,0.755495137050659
3820,257.1357421875,55690.4907226563,0.754481450242572
3830,257.054595947266,55598.201751709,0.753468919130064
3840,256.973480224609,55506.0386657715,0.752457365726977
3850,256.892364501953,55413.9976501465,0.75144682885867
3860,256.811218261719,55322.0825195312,0.75043745041081
3870,256.730102539063,55230.2894592285,0.749429001189907
3880,256.648986816406,55138.6222839355,0.748421623208574
3890,256.567840576172,55047.0771789551,0.747415354589505
3900,256.486724853516,54955.6579589844,0.746410070217465
3910,256.405609130859,54864.3569946289,0.745405756448709
3920,256.324462890625,54773.1857299805,0.744402658364586
3930,256.243347167969,54682.1327209473,0.743400444107634
3940,256.162231445313,54591.2017822266,0.742399255197489
3950,256.081085205078,54500.3967285156,0.741399232855637
3960,255.999969482422,54409.7137451172,0.740400149398649
3970,255.918853759766,54319.1528320313,0.739402094248239
3980,255.83772277832,54228.7139892578,0.738405112422797
3990,255.756607055664,54138.4010314941,0.737409168734922
4000,255.675476074219,54048.2063293457,0.736414248298306
4010,255.594360351563,53958.1336975098,0.735420316093363
4020,255.513229370117,53868.1869506836,0.734427512965473
4030,255.432113647461,53778.3584594727,0.733435648135237
4040,255.350982666016,53688.6520385742,0.732444862252616
4050,255.269866943359,53599.0676879883,0.731455068723035
4060,255.188751220703,53509.6054077148,0.730466312347943
4070,255.107635498047,53420.2651977539,0.729478594116681
4080,255.026504516602,53331.0432434082,0.728491906499063
4090,254.945388793945,53241.943359375,0.727506215342204
4100,254.864273071289,53152.9655456543,0.726521565271605
4110,254.783142089844,53064.1098022461,0.725538000733597
4120,254.702026367188,52975.3723144531,0.724555383600406
4130,254.620910644531,52886.7568969727,0.723573810507139
4140,254.539794921875,52798.2597351074,0.722593230244251
4150,254.458679199219,52709.8846435547,0.721613695985537
4160,254.377563476563,52621.6278076172,0.720635156490672
4170,254.296447753906,52533.4930419922,0.719657664969224
4180,254.215316772461,52445.4803466797,0.718681265561831
4190,254.134201049805,52357.5820922852,0.717705768371217
4200,254.053085327148,52269.8059082031,0.716731322100627
4210,253.971969604492,52182.1517944336,0.715757927757017
4220,253.890853881836,52094.6159362793,0.714785534007511
4230,253.80973815918,52007.1983337402,0.713814141811457
4240,253.728622436523,51919.8989868164,0.712843752129428
4250,253.647521972656,51832.7217102051,0.71187437549001
4260,253.56640625,51745.6588745117,0.710905993784008
4270,253.485290527344,51658.7181091309,0.709938669905975
4280,253.404174804688,51571.8955993652,0.708972352430113
4290,253.323059082031,51485.1913452149,0.708007042323194
4300,253.241943359375,51398.6053466797,0.707042740553225
4310,253.160827636719,51312.1376037598,0.706079448089456
4320,253.079711914063,51225.7919311523,0.705117218411253
4330,252.998611450195,51139.5568847656,0.704155852494854
4340,252.917495727539,51053.4477233887,0.703195646364482
4350,252.836380004883,50967.4530029297,0.702236400904024
4360,252.755279541016,50881.5727233887,0.701278074702362
4370,252.674163818359,50795.8145141601,0.70032085858818
4380,252.593048095703,50710.1707458496,0.699364605989741
4390,252.511932373047,50624.6452331543,0.698409370462531
4400,252.43083190918,50539.2379760742,0.697455110827669
4410,252.349716186523,50453.9451599121,0.696501859768908
4420,252.268615722656,50368.7705993652,0.695549586621472
4430,252.1875,50283.7142944336,0.694598376556024
4440,252.106384277344,50198.7724304199,0.693648135731194
4450,252.025283813477,50113.9488220215,0.692698875872185
4460,251.944183349609,50029.2434692383,0.69175063999408
4470,251.863067626953,49944.6487426758,0.690803365412414
4480,251.781951904297,49860.1760864258,0.689857169415082
4490,251.70085144043,49775.8178710938,0.688911905688099
4500,251.619750976563,49691.5740966797,0.687967617024786
4510,251.538635253906,49607.4447631836,0.687024346044417
4520,251.457534790039,49523.4336853027,0.686082063142937
4530,251.376419067383,49439.5370483398,0.685140799761009
4540,251.295318603516,49355.7586669922,0.684200526506112
4550,251.214218139648,49272.0909118652,0.683261180212307
4560,251.133102416992,49188.5414123535,0.682322909067198
4570,251.052001953125,49105.1063537598,0.681385578180448
4580,250.970901489258,49021.785736084,0.680449230005202
4590,250.889801025391,48938.5795593262,0.679513865494449
4600,250.808685302734,48855.4878234863,0.678579526886073
4610,250.727584838867,48772.5143432617,0.677646185526225
4620,250.646484375,48689.6514892578,0.676713777712949
4630,250.565383911133,48606.9030761719,0.675782357388508
4640,250.484283447266,48524.2691040039,0.674851925512076
4650,250.403182983398,48441.7495727539,0.673922483044065
4660,250.322082519531,48359.3444824219,0.672994030946135
4670,250.240966796875,48277.0538330078,0.67206661116138
4680,250.159881591797,48194.8738098145,0.671140048591636
4690,250.07878112793,48112.8082275391,0.670214520230172
4700,249.997680664063,48030.8609008789,0.66929003921964
4710,249.916564941406,47949.0203857422,0.668366487866736
4720,249.835479736328,47867.2981262207,0.667443904186839
4730,249.754379272461,47785.6864929199,0.666522305208535
4740,249.673278808594,47704.1893005371,0.665601704269443
4750,249.592178344727,47622.802734375,0.664682049099869
4760,249.511077880859,47541.5306091309,0.663763393881928
4770,249.429977416992,47460.3729248047,0.662845739591004
4780,249.348876953125,47379.3258666992,0.661929033909218
4790,249.267776489258,47298.3894348145,0.661013277762474
4800,249.186676025391,47217.5674438477,0.6600985254071
4810,249.105590820313,47136.8598937988,0.659184737445596
4820,249.024490356445,47056.2591552734,0.658271888930323
4830,248.943389892578,46975.772857666,0.657360047081889
4840,248.8623046875,46895.4010009766,0.65644917263482
4850,248.781204223633,46815.1359558105,0.655539240284274
4860,248.700103759766,46734.9853515625,0.654630317487228
4870,248.619018554688,46654.9453735352,0.653722311658981
4880,248.53791809082,46575.0160217285,0.652815304022401
4890,248.456817626953,46495.1972961426,0.651909255351338
4900,248.375732421875,46415.4930114746,0.65100418009452
4910,248.294631958008,46335.8955383301,0.650100052233814
4920,248.213531494141,46256.4125061035,0.649196939698713
4930,248.132446289063,46177.0401000977,0.648294750062386
4940,248.051361083984,46097.7745056152,0.647393470647255
4950,247.970260620117,46018.6233520508,0.646493249309679
4960,247.889175415039,45939.5790100098,0.645593900226267
4970,247.808074951172,45860.6491088867,0.64469561106546
4980,247.726989746094,45781.8260192871,0.64379819610559
4990,247.645904541016,45703.1135559082,0.642901749644872
5000,247.564804077148,45624.51171875,0.642006312205347
5010,247.48371887207,45546.0205078125,0.641111805556916
5020,247.402618408203,45467.6399230957,0.6402183097524
5030,247.321533203125,45389.3661499023,0.639325693001543
5040,247.240447998047,45311.2030029297,0.638434049485356
5050,247.159362792969,45233.1466674805,0.637543326395053
5060,247.078262329102,45155.2047729492,0.636653671523168
5070,246.997177124023,45077.3696899414,0.635764899601596
5080,246.916091918945,44999.641418457,0.634877050898762
5090,246.835006713867,44922.0237731934,0.633990180161798
5100,246.75390625,44844.5129394531,0.633104273649765
5110,246.672821044922,44767.1127319336,0.63221930780584
5120,246.591735839844,44689.8231506348,0.631335322788485
5130,246.510650634766,44612.6403808594,0.630452265657436
5140,246.429565429688,44535.5644226074,0.629570137328627
5150,246.348480224609,44458.5952758789,0.628688938719199
5160,246.267395019531,44381.7367553711,0.627808724708893
5170,246.186309814453,44304.9850463867,0.626929442291422
5180,246.105224609375,44228.343963623,0.626051146384541
5190,246.024139404297,44151.8096923828,0.625173783948915
5200,245.943054199219,44075.382232666,0.624297355907814
5210,245.861968994141,43999.0615844727,0.623421863185729
5220,245.780883789063,43922.8477478027,0.622547306708367
5230,245.699798583984,43846.7407226563,0.621673687402661
5240,245.618713378906,43770.7443237305,0.620801060300668
5250,245.537628173828,43694.8509216309,0.619929318141831
5260,245.45654296875,43619.0681457519,0.619058570082454
5270,245.375457763672,43543.3883666992,0.618188708792972
5280,245.294387817383,43467.8192138672,0.617319805102652
5290,245.213302612305,43392.3530578613,0.616451828456173
5300,245.132232666016,43316.9937133789,0.615584757185842
5310,245.051147460938,43241.7449951172,0.614718723135733
5320,244.970062255859,43166.5992736816,0.613853580443691
5330,244.888977050781,43091.5603637695,0.612989384260256
5340,244.807891845703,43016.6244506836,0.612126081242835
5350,244.726821899414,42941.7991638184,0.611263742768918
5360,244.645736694336,42867.0768737793,0.610402337463346
5370,244.564666748047,42792.4613952637,0.609541844369519
5380,244.483581542969,42717.9489135742,0.608682286179457
5390,244.402496337891,42643.5432434082,0.607823680087548
5400,244.321426391602,42569.2443847656,0.606965989134433
5410,244.240341186523,42495.0485229492,0.606109235715622
5420,244.159271240234,42420.9594726563,0.605253399380955
5430,244.078186035156,42346.9772338867,0.6043985567739
5440,243.997116088867,42273.0941772461,0.603544524310375
5450,243.916046142578,42199.3179321289,0.602691449624502
5460,243.8349609375,42125.6484985352,0.601839371333712
5470,243.753890991211,42052.0820617676,0.6009881605118
5480,243.672821044922,41978.6224365234,0.600137910301077
5490,243.591735839844,41905.2658081055,0.599288604646474
5500,243.510665893555,41832.0121765137,0.598440169333349
5510,243.429580688477,41758.861541748,0.597592680308073
5520,243.348510742188,41685.8139038086,0.596746063521077
5530,243.267440795898,41612.8730773926,0.595900412007996
5540,243.186370849609,41540.0352478027,0.595055672089146
5550,243.105285644531,41467.3004150391,0.59421188197292
5560,243.024215698242,41394.6685791016,0.593368967939228
5570,242.943145751953,41322.1435546875,0.592527022939167
5580,242.862075805664,41249.7177124023,0.591685938507126
5590,242.781005859375,41177.3986816406,0.590845824977768
5600,242.699920654297,41105.1788330078,0.590006610909201
5610,242.618850708008,41033.0619812012,0.589168277709814
5620,242.537780761719,40961.051940918,0.588330918226001
5630,242.45671081543,40889.1410827637,0.587494423815504
5640,242.375640869141,40817.3332214355,0.586658850174205
5650,242.294570922852,40745.6283569336,0.585824198226353
5660,242.213500976563,40674.0226745605,0.584990414032896
5670,242.132431030273,40602.5238037109,0.584157608231261
5680,242.051361083984,40531.1241149902,0.583325672001947
5690,241.970291137695,40459.8274230957,0.582494661138664
5700,241.889221191406,40388.6337280273,0.581664576571828
5710,241.808166503906,40317.5392150879,0.580835327624223
5720,241.727081298828,40246.5476989746,0.58000708010554
5730,241.646026611328,40175.6553649902,0.579179633426976
5740,241.564956665039,40104.866027832,0.578353153317535
5750,241.48388671875,40034.1796875,0.577527604101437
5760,241.402816772461,39963.5925292969,0.57670293166776
5770,241.321746826172,39893.1083679199,0.575879191967421
5780,241.240692138672,39822.7233886719,0.575056294481924
5790,241.159622192383,39752.44140625,0.57423436798753
5800,241.078552246094,39682.2547912598,0.573413266768554
5810,240.997482299805,39612.174987793,0.572593157081953
5820,240.916427612305,39542.1943664551,0.571773893394725
5830,240.835357666016,39472.3129272461,0.57095554906569
5840,240.754302978516,39402.530670166,0.570138052598314
5850,240.673233032227,39332.8514099121,0.569321532410835
5860,240.592163085938,39263.2713317871,0.568505898044861
5870,240.511108398438,39193.790435791,0.567691114380023
5880,240.430038452148,39124.4087219238,0.566877254385058
5890,240.348983764648,39055.1300048828,0.566064302255485
5900,240.267913818359,38985.9466552734,0.565252220242785
5910,240.186859130859,38916.8663024902,0.564441048011644
5920,240.10578918457,38847.8813171387,0.563630747583566
5930,240.02473449707,38778.9993286133,0.562821358858009
5940,239.943664550781,38710.2165222168,0.562012899010194
5950,239.862609863281,38641.529083252,0.56120524202358
5960,239.781555175781,38572.9446411133,0.560398535370153
5970,239.700500488281,38504.4555664063,0.559592669134515
5980,239.619430541992,38436.0694885254,0.558787790669678
5990,239.538375854492,38367.7787780762,0.557983718782177
6000,239.457305908203,38299.5872497559,0.557180580950549
6010,239.376251220703,38231.4949035645,0.556378307038707
6020,239.295196533203,38163.501739502,0.555576933504675
6030,239.214141845703,38095.6039428711,0.55477640571125
6040,239.133071899414,38027.8053283691,0.553976815438288
6050,239.052017211914,37960.1058959961,0.55317809286732
6060,238.970962524414,37892.5018310547,0.552380218695912
6070,238.889907836914,37824.9969482422,0.55158324941549
6080,238.808853149414,37757.5912475586,0.550787185947447
6090,238.727798461914,37690.2809143066,0.549991973548808
6100,238.646728515625,37623.0697631836,0.549197703886328
6110,238.565673828125,37555.9539794922,0.54840425191276
6120,238.484619140625,37488.9373779297,0.547611709373958
6130,238.403564453125,37422.0199584961,0.546820077197517
6140,238.322509765625,37355.1940917969,0.546029244791724
6150,238.241455078125,37288.4674072266,0.545239324531386
6160,238.160400390625,37221.8399047852,0.544450317347811
6170,238.079345703125,37155.3077697754,0.543662168356343
6180,237.998291015625,37088.8710021973,0.542874878433799
6190,237.917236328125,37022.533416748,0.542088504313462
6200,237.836181640625,36956.2873840332,0.541302935183043
6210,237.755142211914,36890.1405334473,0.540518248962849
6220,237.674087524414,36824.0928649902,0.539734516009561
6230,237.593032836914,36758.1367492676,0.538951590672068
6240,237.511993408203,36692.2798156738,0.538169551104027
6250,237.430938720703,36626.5144348145,0.537388355495704
6260,237.349884033203,36560.848236084,0.53660808204109
6270,237.268829345703,36495.2774047852,0.53582867567734
6280,237.187774658203,36429.801940918,0.535050137293393
6290,237.106735229492,36364.4218444824,0.534272433396782
6300,237.025680541992,36299.1371154785,0.53349563368237
6310,236.944625854492,36233.9477539063,0.532719704621848
6320,236.863586425781,36168.8499450684,0.53194455673734
6330,236.782531738281,36103.8513183594,0.531170371686215
6340,236.701477050781,36038.948059082,0.530397059974049
6350,236.62043762207,35974.1363525391,0.529624532183389
6360,236.539398193359,35909.423828125,0.528852935746185
6370,236.458343505859,35844.8028564453,0.528082193297701
6380,236.377288818359,35780.2734375,0.527312271527758
6390,236.296249389648,35715.8432006836,0.526543249756324
6400,236.215209960938,35651.5045166016,0.525775050506756
6410,236.134155273438,35587.2611999512,0.525007764828493
6420,236.053115844727,35523.1132507324,0.524241325738504
6430,235.972061157227,35459.056854248,0.523475745641588
6440,235.891021728516,35395.0958251953,0.522711013985787
6450,235.809967041016,35331.2301635742,0.521947199342588
6460,235.728927612305,35267.4522399902,0.521184122289274
6470,235.647888183594,35203.7734985352,0.520421986613165
6480,235.566833496094,35140.1863098145,0.519660714121584
6490,235.485809326172,35076.6906738281,0.518900204688226
6500,235.404754638672,35013.2904052734,0.518140650190354
6510,235.323715209961,34949.9816894531,0.517381894204572
6520,235.24267578125,34886.7683410645,0.516624027704391
6530,235.16162109375,34823.6465454102,0.515867028572368
6540,235.080581665039,34760.6163024902,0.515110830687868
6550,234.999542236328,34697.681427002,0.514355524973562
6560,234.918502807617,34634.838104248,0.513601055784502
6570,234.837463378906,34572.0863342285,0.512847423986709
6580,234.756423950195,34509.4261169434,0.512094630447403
6590,234.675384521484,34446.8612670898,0.511342732661863
6600,234.594329833984,34384.3841552734,0.510591651476104
6610,234.513305664063,34322.0024108887,0.50984140140257
6620,234.432250976563,34259.7122192383,0.509092059454068
6630,234.351226806641,34197.5135803223,0.508343493885551
6640,234.27018737793,34135.4064941406,0.507595804979249
6650,234.189147949219,34073.3871459961,0.506848903730498
6660,234.108108520508,34011.4669799805,0.506102961249506
6670,234.027069091797,33949.6307373047,0.505357751397345
6680,233.946029663086,33887.8898620605,0.504613445345583
6690,233.864990234375,33826.2405395508,0.503869987210693
6700,233.783950805664,33764.6789550781,0.50312732103166
6710,233.702911376953,33703.2127380371,0.502385561357341
6720,233.621887207031,33641.8342590332,0.50164456260221
6730,233.54084777832,33580.5473327637,0.500904448060317
6740,233.459808349609,33519.3519592285,0.500165185816844
6750,233.378768920898,33458.2443237305,0.499426719818185
6760,233.297729492188,33397.2320556641,0.49868916481661
6770,233.216705322266,33336.3075256348,0.497952375219912
6780,233.135681152344,33275.4707336426,0.497216384513725
6790,233.054641723633,33214.7254943848,0.496481283058064
6800,232.973602294922,33154.0718078613,0.49574703916712
6810,232.892578125,33093.505859375,0.495013564243178
6820,232.811538696289,33033.031463623,0.49428098110522
6830,232.730499267578,32972.6486206055,0.493549258181579
6840,232.649475097656,32912.3497009277,0.49281824980874
6850,232.568435668945,32852.1461486816,0.492088192868703
6860,232.487396240234,32792.0303344727,0.491358941643826
6870,232.406372070313,32732.0022583008,0.490630464764301
6880,232.325347900391,32672.0657348633,0.489902852559588
6890,232.24430847168,32612.2169494629,0.489176080854637
6900,232.163284301758,32552.4597167969,0.488450143419729
6910,232.082244873047,32492.7864074707,0.487724990885913
6920,232.001220703125,32433.2046508789,0.487000674431421
6930,231.920196533203,32373.7144470215,0.486277227069268
6940,231.839172363281,32314.3081665039,0.485554535071437
6950,231.75813293457,32254.9934387207,0.484832745830507
6960,231.677108764648,32195.7626342773,0.484111681662337
6970,231.596069335938,32136.6233825684,0.483391521926829
6980,231.515045166016,32077.5756835938,0.482672203807024
6990,231.434020996094,32018.611907959,0.481953645265156
7000,231.352996826172,31959.7358703613,0.481235904539345
7010,231.27197265625,31900.9494781494,0.480519011219228
7020,231.190933227539,31842.248916626,0.479802940382819
7030,231.109909057617,31783.6380004883,0.479087686991459
7040,231.028884887695,31725.1129150391,0.478373226121452
7050,230.947860717773,31666.6774749756,0.477659616147752
7060,230.866836547852,31608.3278656006,0.47694680040522
7070,230.78581237793,31550.0659942627,0.476234808520985
7080,230.704788208008,31491.8918609619,0.475523641363073
7090,230.623764038086,31433.8035583496,0.474813270989882
7100,230.542739868164,31375.8029937744,0.474103727062471
7110,230.461715698242,31317.8901672363,0.47339501045251
7120,230.38069152832,31260.0631713867,0.47268709319165
7130,230.299667358398,31202.3239135742,0.471980004974963
7140,230.218643188477,31144.6704864502,0.471273717816238
7150,230.137619018555,31087.1028900146,0.470568232561557
7160,230.056594848633,31029.6230316162,0.469863578940066
7170,229.975570678711,30972.2290039063,0.469159728938711
7180,229.894546508789,30914.9208068848,0.468456683407175
7190,229.813537597656,30857.6984405518,0.467754412139138
7200,229.732513427734,30800.5619049072,0.467052978136729
7210,229.651489257813,30743.5131072998,0.466352380093187
7220,229.570465087891,30686.5482330322,0.465652561007571
7230,229.489456176758,30629.6710968018,0.464953548696613
7240,229.408432006836,30572.8778839111,0.464255347986132
7250,229.327407836914,30516.170501709,0.463557957726894
7260,229.246398925781,30459.5489501953,0.462861347969876
7270,229.165374755859,30403.0132293701,0.462165581227766
7280,229.084350585938,30346.5614318848,0.461470598514059
7290,229.003326416016,30290.1954650879,0.460776429675664
7300,228.922317504883,30233.9153289795,0.460083044909983
7310,228.841293334961,30177.7191162109,0.459390477416049
7320,228.760284423828,30121.6087341309,0.458698695776887
7330,228.679260253906,30065.5822753906,0.458007733032099
7340,228.598251342773,30009.6397399902,0.457317528862744
7350,228.517227172852,29953.7830352783,0.456628174271141
7360,228.436218261719,29898.0102539063,0.455939580025875
7370,228.355194091797,29842.3233032227,0.455251837011466
7380,228.274185180664,29786.7183685303,0.454564827011638
7390,228.193176269531,29731.1992645264,0.453878639530204
7400,228.112152099609,29675.7621765137,0.453193247502158
7410,228.031143188477,29620.4109191895,0.452508649355088
7420,227.950134277344,29565.1435852051,0.451824847168867
7430,227.869110107422,29509.9582672119,0.45114184284306
7440,227.788101196289,29454.8587799072,0.450459635081141
7450,227.707092285156,29399.8413085938,0.449778196650558
7460,227.626068115234,29344.9077606201,0.449097587667968
7470,227.545059204102,29290.0581359863,0.44841774874221
7480,227.464050292969,29235.2905273438,0.447738681657081
7490,227.383026123047,29180.606842041,0.447060446459469
7500,227.302017211914,29126.0070800781,0.446382983970985
7510,227.221008300781,29071.4893341064,0.445706295843209
7520,227.140014648438,29017.0555114746,0.445030382261184
7530,227.058990478516,28962.703704834,0.444355304511381
7540,226.977981567383,28908.4339141846,0.443680973736087
7550,226.89697265625,28854.248046875,0.44300744994767
7560,226.815963745117,28800.1441955566,0.44233470471627
7570,226.734954833984,28746.1223602295,0.441662738876387
7580,226.653945922852,28692.1825408936,0.440991553263714
7590,226.572937011719,28638.3247375488,0.440321148715137
7600,226.491928100586,28584.5508575439,0.439651555405176
7610,226.410919189453,28530.8570861816,0.438982715510743
7620,226.32991027832,28477.2453308105,0.438314659198269
7630,226.248901367188,28423.7174987793,0.43764741667739
7640,226.167892456055,28370.2697753906,0.43698093006563
7650,226.086883544922,28316.9021606445,0.436315200175533
7660,226.005874633789,28263.6184692383,0.435650286619863
7670,225.924865722656,28210.4148864746,0.434986131456614
7680,225.843872070313,28157.2933197021,0.434322735578156
7690,225.76286315918,28104.2518615723,0.433660129125185
7700,225.681854248047,28051.2943267822,0.432998342421012
7710,225.600860595703,27998.4149932861,0.432337258750122
7720,225.51985168457,27945.6176757812,0.431676996344899
7730,225.438842773438,27892.9004669189,0.43101749730979
7740,225.357849121094,27840.2652740478,0.430358762812854
7750,225.276840209961,27787.7101898193,0.429700822528179
7760,225.195831298828,27735.2352142334,0.429043648108037
7770,225.114837646484,27682.84034729,0.428387211342181
7780,225.033828735352,27630.5274963379,0.427731600693225
7790,224.952819824219,27578.2928466797,0.42707672887687
7800,224.871826171875,27526.1383056641,0.426422597304272
7810,224.790817260742,27474.0657806396,0.425769294269605
7820,224.709823608398,27422.0714569092,0.425116703663055
7830,224.628814697266,27370.1572418213,0.42446491363486
7840,224.547821044922,27318.323135376,0.423813867319409
7850,224.466827392578,27266.5691375732,0.423163594420308
7860,224.385818481445,27214.8952484131,0.422514124507068
7870,224.304824829102,27163.3014678955,0.421865400920651
7880,224.223815917969,27111.7858886719,0.421217452298112
7890,224.142822265625,27060.3485107422,0.420570222085732
7900,224.061828613281,27008.9931488037,0.419923799101165
7910,223.980819702148,26957.7140808105,0.419278123787624
7920,223.899826049805,26906.5170288086,0.418633228793069
7930,223.818817138672,26855.396270752,0.417989083028705
7940,223.737823486328,26804.3556213379,0.417345689646201
7950,223.656829833984,26753.3931732178,0.41670304831552
7960,223.575836181641,26702.5089263916,0.416061159853989
7970,223.494842529297,26651.704788208,0.415420054809955
7980,223.413848876953,26600.9769439697,0.414779674554219
7990,223.33283996582,26550.329208374,0.414140107673465
8000,223.251861572266,26499.7596740723,0.413501240373969
8010,223.170867919922,26449.2683410645,0.412863158365013
8020,223.089859008789,26398.853302002,0.412225832587168
8030,223.008865356445,26348.518371582,0.41158926699917
8040,222.927871704102,26298.2616424561,0.410953460883469
8050,222.846878051758,26248.0812072754,0.410318385251872
8060,222.765884399414,26197.9789733887,0.409684070728275
8070,222.68489074707,26147.9549407959,0.409050518143157
8080,222.603897094727,26098.0072021484,0.408417698479373
8090,222.522903442383,26048.1376647949,0.407785642396921
8100,222.441909790039,25998.3463287353,0.407154350729887
8110,222.360916137695,25948.6312866211,0.406523794432127
8120,222.279922485352,25898.9944458008,0.405894004199829
8130,222.198928833008,25849.4338989258,0.405264950967478
8140,222.117950439453,25799.9496459961,0.404636607744064
8150,222.036956787109,25750.5435943604,0.40400906088949
8160,221.955963134766,25701.2138366699,0.403382253478881
8170,221.874969482422,25651.9603729248,0.402756186322023
8180,221.793975830078,25602.7851104736,0.402130890187708
8190,221.712997436523,25553.6842346191,0.401506278350807
8200,221.63200378418,25504.6615600586,0.400882466849265
8210,221.551025390625,25455.7151794434,0.400259371307464
8220,221.470031738281,25406.8450927734,0.399637047707734
8230,221.389038085938,25358.0493927002,0.399015439254672
8240,221.308044433594,25309.3318939209,0.398394606780672
8250,221.22705078125,25260.6887817383,0.397774491068821
8260,221.146072387695,25212.1238708496,0.397155125594663
8270,221.065093994141,25163.6333465576,0.396536478568228
8280,220.984100341797,25115.2172088623,0.395918578117213
8290,220.903106689453,25066.8792724609,0.39530145778677
8300,220.822113037109,25018.6157226563,0.394685058255953
8310,220.741134643555,24970.4284667969,0.394069383178747
8320,220.66015625,24922.3155975342,0.393454430576322
8330,220.579162597656,24874.2771148682,0.3928402284195
8340,220.498184204102,24826.3168334961,0.392226783390185
8350,220.417205810547,24778.4290313721,0.391614033125616
8360,220.336212158203,24730.6175231934,0.391002065781663
8370,220.255233764648,24682.8804016113,0.390390797836913
8380,220.174255371094,24635.217666626,0.389780257203187
8390,220.09326171875,24587.6312255859,0.389170501853295
8400,220.012283325195,24540.1172637939,0.388561418229979
8410,219.931304931641,24492.6795959473,0.3879530945412
8420,219.850311279297,24445.3163146973,0.387345528287863
8430,219.769332885742,24398.0274200439,0.386738666477593
8440,219.688354492188,24350.8129119873,0.386132536835247
8450,219.607360839844,24303.6708831787,0.385527136701903
8460,219.526397705078,24256.6051483154,0.38492244702802
8470,219.445404052734,24209.6118927002,0.384318515187252
8480,219.36442565918,24162.6930236816,0.383715291983922
8490,219.283447265625,24115.8485412598,0.383112804987842
8500,219.20246887207,24069.0784454346,0.382511055014927
8510,219.121490478516,24022.3808288574,0.381910012559096
8520,219.040512084961,23975.757598877,0.381309708739459
8530,218.959533691406,23929.2068481445,0.380710114029902
8540,218.878555297852,23882.7304840088,0.380111259574329
8550,218.797576904297,23836.3265991211,0.379513115826566
8560,218.716598510742,23789.9971008301,0.378915713955355
8570,218.635620117188,23743.7400817871,0.378319024394435
8580,218.554641723633,23697.5555419922,0.377723047935578
8590,218.473663330078,23651.4434814453,0.377127785371729
8600,218.392684936523,23605.4058074951,0.376533267921405
8610,218.311706542969,23559.440612793,0.375939465978079
8620,218.230743408203,23513.5478973389,0.375346354093874
8630,218.149749755859,23467.7276611328,0.374754011799626
8640,218.068786621094,23421.9799041748,0.374162334980032
8650,217.987808227539,23376.3046264648,0.373571403073225
8660,217.906829833984,23330.7018280029,0.372981190667763
8670,217.825866699219,23285.1715087891,0.372391672479898
8680,217.744888305664,23239.7117614746,0.371802871002286
8690,217.663909912109,23194.3244934082,0.371214791414191
8700,217.582946777344,23149.0097045898,0.370627408530027
8710,217.501968383789,23103.7673950195,0.370040775171648
8720,217.420989990234,23058.5975646973,0.369454866124368
8730,217.340026855469,23013.4983062744,0.368869625728813
8740,217.259048461914,22968.469619751,0.368285106587473
8750,217.178070068359,22923.5134124756,0.367701314144035
8760,217.097106933594,22878.6296844482,0.367118223408579
8770,217.016128540039,22833.8165283203,0.366535856215655
8780,216.935150146484,22789.0739440918,0.365954187512141
8790,216.854187011719,22744.4019317627,0.365373192371309
8800,216.773223876953,22699.8023986816,0.364792928000227
8810,216.692245483398,22655.2734375,0.364213390201631
8820,216.649993896484,22610.8169555664,0.363569584003903
8830,216.649993896484,22566.4463043213,0.362856128172259
8840,216.649993896484,22522.1614837646,0.362144052451196
8850,216.649993896484,22477.9624938965,0.361433356840713
8860,216.649993896484,22433.8512420654,0.360724072009934
8870,216.649993896484,22389.8239135742,0.360016136620611
8880,216.649993896484,22345.8824157715,0.359309581341868
8890,216.649993896484,22302.0267486572,0.358604406173705
8900,216.649993896484,22258.2569122314,0.357900611116122
8910,216.649993896484,22214.5729064941,0.357198196169119
8920,216.649993896484,22170.9747314453,0.356497161332696
8930,216.649993896484,22127.4604797363,0.355797475937729
8940,216.649993896484,22084.0301513672,0.355099139984218
8950,216.649993896484,22040.6856536865,0.354402184141288
8960,216.649993896484,21997.4250793457,0.353706577739813
8970,216.649993896484,21954.2503356934,0.353012351448919
8980,216.649993896484,21911.1595153809,0.35231947459948
8990,216.649993896484,21868.1526184082,0.351627947191498
9000,216.649993896484,21825.2296447754,0.350937769224972
9010,216.649993896484,21782.3905944824,0.350248940699901
9020,216.649993896484,21739.6354675293,0.349561461616287
9030,216.649993896484,21696.964263916,0.348875331974129
9040,216.649993896484,21654.3750762939,0.348190521104303
9050,216.649993896484,21611.8698120117,0.347507059675933
9060,216.649993896484,21569.4484710693,0.346824947689019
9070,216.649993896484,21527.1110534668,0.346144185143561
9080,216.649993896484,21484.8556518555,0.345464741370435
9090,216.649993896484,21442.6822662354,0.344786616369641
9100,216.649993896484,21400.5928039551,0.344109840810303
9110,216.649993896484,21358.585357666,0.343434384023298
9120,216.649993896484,21316.6599273682,0.342760246008624
9130,216.649993896484,21274.8165130615,0.342087426766282
9140,216.649993896484,21233.0551147461,0.341415926296273
9150,216.649993896484,21191.3757324219,0.340745744598595
9160,216.649993896484,21149.7783660889,0.34007688167325
9170,216.649993896484,21108.2630157471,0.339409337520237
9180,216.649993896484,21066.8277740479,0.338743081470431
9190,216.649993896484,21025.4764556885,0.338078174862082
9200,216.649993896484,20984.203338623,0.337414525687817
9210,216.649993896484,20943.0122375488,0.336752195285884
9220,216.649993896484,20901.9031524658,0.336091183656283
9230,216.649993896484,20860.8741760254,0.33543146012989
9240,216.649993896484,20819.9272155762,0.334773055375829
9250,216.649993896484,20779.0584564209,0.334115908055852
9260,216.649993896484,20738.2717132568,0.333460079508207
9270,216.649993896484,20697.5631713867,0.332805508394646
9280,216.649993896484,20656.9366455078,0.332152256053418
9290,216.649993896484,20616.3883209229,0.331500261146273
9300,216.649993896484,20575.9220123291,0.33084958501146
9310,216.649993896484,20535.5339050293,0.330200166310732
9320,216.649993896484,20495.2259063721,0.329552035713211
9330,216.649993896484,20454.9961090088,0.328905162549775
9340,216.649993896484,20414.8464202881,0.328259577489547
9350,216.649993896484,20374.7749328613,0.327615249863402
9360,216.649993896484,20334.7835540771,0.326972210340466
9370,216.649993896484,20294.8703765869,0.326330428251614
9380,216.649993896484,20255.0373077393,0.32568993426597
9390,216.649993896484,20215.2805328369,0.325050667045285
9400,216.649993896484,20175.6038665771,0.324412687927809
9410,216.649993896484,20136.0034942627,0.323775935575293
9420,216.649993896484,20096.4832305908,0.323140471325986
9430,216.649993896484,20057.0392608643,0.322506233841638
9440,216.649993896484,20017.6734924316,0.321873253791374
9450,216.649993896484,19978.385925293,0.321241531175194
9460,216.649993896484,19939.1746520996,0.320611035323974
9470,216.649993896484,19900.0415802002,0.319981796906839
9480,216.649993896484,19860.9867095947,0.319353815923787
9490,216.649993896484,19822.0081329346,0.318727061705695
9500,216.649993896484,19783.1058502197,0.318101534252564
9510,216.649993896484,19744.2798614502,0.317477233564393
9520,216.649993896484,19705.5320739746,0.316854190310305
9530,216.649993896484,19666.8605804443,0.316232373821178
9540,216.649993896484,19628.2653808594,0.315611784097011
9550,216.649993896484,19589.7445678711,0.314992390468679
9560,216.649993896484,19551.3019561768,0.314374254274432
9570,216.649993896484,19512.9356384277,0.313757344845145
9580,216.649993896484,19474.6437072754,0.313141631511694
9590,216.649993896484,19436.4280700684,0.312527144943203
9600,216.649993896484,19398.286819458,0.311913854470548
9610,216.649993896484,19360.221862793,0.311301790762853
9620,216.649993896484,19322.2312927246,0.310690923150994
9630,216.649993896484,19284.3170166016,0.310081282304095
9640,216.649993896484,19246.4771270752,0.309472837553033
9650,216.649993896484,19208.7116241455,0.308865588897806
9660,216.649993896484,19171.0224151611,0.308259567007539
9670,216.649993896484,19133.4056854248,0.307654710543985
9680,216.649993896484,19095.8633422852,0.307051050176266
9690,216.649993896484,19058.3972930908,0.306448616573508
9700,216.649993896484,19021.0037231445,0.305847348397461
9710,216.649993896484,18983.6845397949,0.305247276317251
9720,216.649993896484,18946.4378356934,0.304648369663753
9730,216.649993896484,18909.2674255371,0.304050689775214
9740,216.649993896484,18872.1694946289,0.303454175313388
9750,216.649993896484,18835.1440429688,0.302858826278274
9760,216.649993896484,18798.1910705566,0.302264642669872
9770,216.649993896484,18761.3124847412,0.301671655157306
9780,216.649993896484,18724.5082855225,0.301079863740576
9790,216.649993896484,18687.7746582031,0.300489207081434
9800,216.649993896484,18651.1135101318,0.299899715849004
9810,216.649993896484,18614.5267486572,0.29931142071241
9820,216.649993896484,18578.010559082,0.298724260333404
9830,216.649993896484,18541.5668487549,0.29813826538111
9840,216.649993896484,18505.1956176758,0.297553435855529
9850,216.649993896484,18468.8968658447,0.296969771756659
9860,216.649993896484,18432.6705932617,0.296387273084501
9870,216.649993896484,18396.5148925781,0.295805909169932
9880,216.649993896484,18360.4297637939,0.29522568001295
9890,216.649993896484,18324.4171142578,0.294646616282681
9900,216.649993896484,18288.4750366211,0.294068687309999
9910,216.649993896484,18252.6054382324,0.29349192376403
9920,216.649993896484,18216.8045043945,0.292916264306525
9930,216.649993896484,18181.0760498047,0.292341770275732
9940,216.649993896484,18145.4181671143,0.291768411002526
9950,216.649993896484,18109.8308563232,0.291196186486909
9960,216.649993896484,18074.312210083,0.290625066059756
9970,216.649993896484,18038.8660430908,0.290055111059315
9980,216.649993896484,18003.4885406494,0.289486260147338
9990,216.649993896484,17968.1816101074,0.288918543992949
10000,216.649993896484,17932.9452514648,0.288351962596148
10010,216.649993896484,17897.777557373,0.287786485287811
10020,216.649993896484,17862.678527832,0.287222112067939
10030,216.649993896484,17827.6500701904,0.286658873605654
10040,216.649993896484,17792.6902770996,0.286096739231833
10050,216.649993896484,17757.8010559082,0.2855357396156
10060,216.649993896484,17722.9785919189,0.284975813418708
10070,216.649993896484,17688.2266998291,0.284417021979403
10080,216.649993896484,17653.5415649414,0.283859303959439
10090,216.649993896484,17618.9270019531,0.283302720697062
10100,216.649993896484,17584.379196167,0.282747210854026
10110,216.649993896484,17549.9000549316,0.282192805099453
10120,216.649993896484,17515.4914855957,0.281639534102469
10130,216.649993896484,17481.1477661133,0.281087305855701
10140,216.649993896484,17446.8727111816,0.280536181697397
10150,216.649993896484,17412.6644134521,0.279986130958432
10160,216.649993896484,17378.5247802734,0.279437184307932
10170,216.649993896484,17344.4519042969,0.278889311076772
10180,216.649993896484,17310.4476928711,0.278342541934076
10190,216.649993896484,17276.5083312988,0.277796815541596
10200,216.649993896484,17242.6376342773,0.27725219323758
10210,216.649993896484,17208.833694458,0.276708644352904
10220,216.649993896484,17175.0946044922,0.276166138218444
10230,216.649993896484,17141.4241790771,0.275624736172449
10240,216.649993896484,17107.8205108643,0.275084407545793
10250,216.649993896484,17074.2816925049,0.274545121669353
10260,216.649993896484,17040.8096313477,0.274006909212254
10270,216.649993896484,17007.4024200439,0.27346973950537
10280,216.649993896484,16974.0619659424,0.272933643217826
10290,216.649993896484,16940.7863616943,0.272398589680499
10300,216.649993896484,16907.5775146484,0.271864609562511
10310,216.649993896484,16874.4316101074,0.271331641525616
10320,216.649993896484,16841.3543701172,0.270799777577185
10330,216.649993896484,16808.3400726318,0.270268925709845
10340,216.649993896484,16775.390625,0.269739116592722
10350,216.649993896484,16742.5060272217,0.269210350225815
10360,216.649993896484,16709.6881866455,0.268682657278247
10370,216.649993896484,16676.9332885742,0.268155976411772
10380,216.649993896484,16644.2413330078,0.267630307626389
10390,216.649993896484,16611.6161346436,0.267105712260346
10400,216.649993896484,16579.0538787842,0.266582128975395
10410,216.649993896484,16546.5545654297,0.266059557771536
10420,216.649993896484,16514.1220092773,0.265538059987017
10430,216.649993896484,16481.7504882813,0.265017543614466
10440,216.649993896484,16449.4438171387,0.264498069992132
10450,216.649993896484,16417.1981811523,0.263979577781765
10460,216.649993896484,16385.0193023682,0.263462158990738
10470,216.649993896484,16352.9014587402,0.262945721611679
10480,216.649993896484,16320.8465576172,0.262430296313713
10490,216.649993896484,16288.854598999,0.261915883096838
10500,216.649993896484,16256.9255828857,0.261402481961055
10510,216.649993896484,16225.0595092773,0.260890092906365
10520,216.649993896484,16193.2563781738,0.260378715932766
10530,216.649993896484,16161.5142822266,0.259868320371136
10540,216.649993896484,16129.8332214355,0.259358906221474
10550,216.649993896484,16098.2151031494,0.258850504152903
10560,216.649993896484,16066.6599273682,0.258343114165425
10570,216.649993896484,16035.1657867432,0.257836705589915
10580,216.649993896484,16003.7326812744,0.257331278426372
10590,216.649993896484,15972.3606109619,0.256826832674798
10600,216.649993896484,15941.0514831543,0.256323399004316
10610,216.649993896484,15909.8014831543,0.255820916076678
10620,216.649993896484,15878.6144256592,0.255319445230132
10630,216.649993896484,15847.4864959717,0.25481892512643
10640,216.649993896484,15816.4196014404,0.254319386434696
10650,216.649993896484,15785.4137420654,0.25382082915493
10660,216.649993896484,15754.4689178467,0.253323253287132
10670,216.649993896484,15723.5832214355,0.252826628162178
10680,216.649993896484,15692.756652832,0.252330953780069
10690,216.649993896484,15661.9920730591,0.251836276144489
10700,216.649993896484,15631.2866210937,0.251342549251753
10710,216.649993896484,15600.640296936,0.250849773101862
10720,216.649993896484,15570.0550079346,0.250357978363938
10730,216.649993896484,15539.5278930664,0.249867119034296
10740,216.649993896484,15509.0599060059,0.249377210447499
10750,216.649993896484,15478.6510467529,0.248888252603545
10760,216.649993896484,15448.3013153076,0.248400245502436
10770,216.649993896484,15418.0107116699,0.24791318914417
10780,216.649993896484,15387.7792358398,0.247427083528749
10790,216.649993896484,15357.6040267944,0.246941882652486
10800,216.649993896484,15327.4898529053,0.24645766318819
10810,216.649993896484,15297.4348068237,0.245974394466739
10820,216.649993896484,15267.4388885498,0.245492076488132
10830,216.649993896484,15237.5011444092,0.245010693917807
10840,216.649993896484,15207.6225280762,0.244530262090326
10850,216.649993896484,15177.8011322021,0.244050750336565
10860,216.649993896484,15148.0388641357,0.243572189325648
10870,216.649993896484,15118.3347702026,0.243094563723013
10880,216.649993896484,15088.6898040771,0.242617888863222
10890,216.649993896484,15059.1020584106,0.242142134077151
10900,216.649993896484,15029.5715332031,0.2416672993648
10910,216.649993896484,15000.1001358032,0.241193415395293
10920,216.649993896484,14970.6859588623,0.240720451499506
10930,216.649993896484,14941.3290023804,0.240248407677439
10940,216.649993896484,14912.0302200317,0.239777299263655
10950,216.649993896484,14882.7886581421,0.23930711092359
10960,216.649993896484,14853.6043167114,0.238837842657246
10970,216.649993896484,14824.4771957397,0.238369494464621
10980,216.649993896484,14795.4072952271,0.237902066345716
10990,216.649993896484,14766.3946151733,0.237435558300532
11000,216.649993896484,14737.4391555786,0.236969970329067
11010,216.649993896484,14708.5399627686,0.236505287096761
11020,216.649993896484,14679.6979904175,0.236041523938175
11030,216.649993896484,14650.9122848511,0.235578665518746
11040,216.649993896484,14622.1828460693,0.235116711838476
11050,216.649993896484,14593.5096740723,0.234655662897364
11060,216.649993896484,14564.8937225342,0.234195534029971
11070,216.649993896484,14536.3330841064,0.233736294567175
11080,216.649993896484,14507.8296661377,0.233277975178099
11090,216.649993896484,14479.380607605,0.232820529859057
11100,216.649993896484,14450.9887695313,0.232364004613735
11110,216.649993896484,14422.6522445679,0.231908368773009
11120,216.649993896484,14394.3719863892,0.231453637671441
11130,216.649993896484,14366.1460876465,0.230999780639907
11140,216.649993896484,14337.9764556885,0.230546828347531
11150,216.649993896484,14309.8621368408,0.230094765459751
11160,216.649993896484,14281.8031311035,0.229643591976567
11170,216.649993896484,14253.7994384766,0.22919330789798
11180,216.649993896484,14225.85105896,0.228743913223988
11190,216.649993896484,14197.9570388794,0.22829539262003
11200,216.649993896484,14170.1183319092,0.227847761420668
11210,216.649993896484,14142.333984375,0.227401004291341
11220,216.649993896484,14114.6049499512,0.226955136566609
11230,216.649993896484,14086.9293212891,0.22651012757735
11240,216.649993896484,14059.3090057373,0.226066007992686
11250,216.649993896484,14031.7430496216,0.225622762478057
11260,216.649993896484,14004.2314529419,0.225180391033461
11270,216.649993896484,13976.7742156982,0.2247388936589
11280,216.649993896484,13949.3703842163,0.22429825501981
11290,216.649993896484,13922.0199584961,0.223858475116193
11300,216.649993896484,13894.7248458862,0.223419584617172
11310,216.649993896484,13867.4821853638,0.22298153751906
11320,216.649993896484,13840.2938842773,0.222544364490983
11330,216.649993896484,13813.1589889526,0.222108050198378
11340,216.649993896484,13786.0774993896,0.221672594641245
11350,216.649993896484,13759.0494155884,0.221237997819584
11360,216.649993896484,13732.0747375488,0.220804259733395
11370,216.649993896484,13705.1525115967,0.220371365048116
11380,216.649993896484,13678.2836914063,0.219939329098309
11390,216.649993896484,13651.4682769775,0.219508151883974
11400,216.649993896484,13624.7043609619,0.219077802735987
11410,216.649993896484,13597.993850708,0.218648312323472
11420,216.649993896484,13571.3367462158,0.218219680646429
11430,216.649993896484,13544.7311401367,0.217791877035734
11440,216.649993896484,13518.177986145,0.217364916825949
11450,216.649993896484,13491.678237915,0.216938815351637
11460,216.649993896484,13465.2290344238,0.21651352660911
11470,216.649993896484,13438.8332366943,0.216089096602055
11480,216.649993896484,13412.4889373779,0.215665494661349
11490,216.649993896484,13386.1961364746,0.21524272078699
11500,216.649993896484,13359.9557876587,0.214820790313542
11510,216.649993896484,13333.7669372559,0.214399687906441
11520,216.649993896484,13307.6295852661,0.213979413565689
11530,216.649993896484,13281.5437316895,0.213559967291284
11540,216.649993896484,13255.5093765259,0.213141349083228
11550,216.649993896484,13229.5265197754,0.212723558941519
11560,216.649993896484,13203.5942077637,0.212306581531597
11570,216.649993896484,13177.713394165,0.211890432188023
11580,216.649993896484,13151.8831253052,0.211475095576235
11590,216.649993896484,13126.1034011841,0.211060571696232
11600,216.649993896484,13100.3751754761,0.210646875882578
11610,216.649993896484,13074.6974945068,0.21023399280071
11620,216.649993896484,13049.0703582764,0.209821922450628
11630,216.649993896484,13023.4937667847,0.209410664832332
11640,216.649993896484,12997.9667663574,0.20900020461126
11650,216.649993896484,12972.4903106689,0.208590557121974
11660,216.649993896484,12947.0643997192,0.208181722364474
11670,216.649993896484,12921.6890335083,0.20777370033876
11680,216.649993896484,12896.3623046875,0.207366460375708
11690,216.649993896484,12871.0861206055,0.206960033144442
11700,216.649993896484,12845.8595275879,0.2065544033104
11710,216.649993896484,12820.6825256348,0.206149570873582
11720,216.649993896484,12795.5551147461,0.205745535833989
11730,216.649993896484,12770.4772949219,0.205342298191619
11740,216.649993896484,12745.4490661621,0.204939857946473
11750,216.649993896484,12720.4694747925,0.20453819976399
11760,216.649993896484,12695.5394744873,0.20413733897873
11770,216.649993896484,12670.6581115723,0.203737260256132
11780,216.649993896484,12645.8253860474,0.203337963596197
11790,216.649993896484,12621.0422515869,0.202939464333485
11800,216.649993896484,12596.3068008423,0.202541731798874
11810,216.649993896484,12571.6199874878,0.202144781326924
11820,216.649993896484,12546.9827651978,0.201748628252199
11830,216.649993896484,12522.3932266235,0.201353241905574
11840,216.649993896484,12497.8523254395,0.20095863762161
11850,216.649993896484,12473.3591079712,0.200564800065747
11860,216.649993896484,12448.9135742188,0.200171729237984
11870,216.649993896484,12424.5166778564,0.199779440472882
11880,216.649993896484,12400.16746521,0.199387918435881
11890,216.649993896484,12375.8668899536,0.198997178461542
11900,216.649993896484,12351.6130447388,0.198607189880741
11910,216.649993896484,12327.4068832397,0.19821796802804
11920,216.649993896484,12303.2484054565,0.197829512903439
11930,216.649993896484,12279.1366577148,0.197441809172376
11940,216.649993896484,12255.0735473633,0.197054887503975
11950,216.649993896484,12231.0562133789,0.19666870189455
11960,216.649993896484,12207.0865631104,0.196283283013225
11970,216.649993896484,12183.1636428833,0.195898615525438
11980,216.649993896484,12159.2874526978,0.195514699431189
11990,216.649993896484,12135.4579925537,0.195131534730478
12000,216.649993896484,12111.6752624512,0.194749121423305
12010,216.649993896484,12087.9402160645,0.194367474844233
12020,216.649993896484,12064.2499923706,0.193986548989574
12030,216.649993896484,12040.6064987183,0.193606374528453
12040,216.649993896484,12017.0097351074,0.19322695146087
12050,216.649993896484,11993.4587478638,0.192848264452264
12060,216.649993896484,11969.9535369873,0.192470313502633
12070,216.649993896484,11946.4950561523,0.192093113946541
12080,216.649993896484,11923.0813980103,0.191716635114862
12090,216.649993896484,11899.7144699097,0.191340907676721
12100,216.649993896484,11876.392364502,0.190965900962995
12110,216.649993896484,11853.1160354614,0.190591630308245
12120,216.649993896484,11829.8854827881,0.19021809571247
12130,216.649993896484,11806.7007064819,0.189845297175672
12140,216.649993896484,11783.561706543,0.189473234697849
12150,216.649993896484,11760.4665756226,0.189101877609879
12160,216.649993896484,11737.4181747437,0.188731271915447
12170,216.649993896484,11714.4136428833,0.188361371610867
12180,216.649993896484,11691.4548873901,0.187992207365262
12190,216.649993896484,11668.5400009155,0.18762374850951
12200,216.649993896484,11645.6708908081,0.187256025712734
12210,216.649993896484,11622.8466033936,0.186889023640372
12220,216.649993896484,11600.0661849976,0.186522726957862
12230,216.649993896484,11577.3315429688,0.186157166334328
12240,216.649993896484,11554.6407699585,0.185792311100646
12250,216.649993896484,11531.9938659668,0.185428161256816
12260,216.649993896484,11509.391784668,0.1850647321374
12270,216.649993896484,11486.834526062,0.184702023742398
12280,216.649993896484,11464.3211364746,0.184340020737248
12290,216.649993896484,11441.8516159058,0.18397872312195
12300,216.649993896484,11419.4269180298,0.183618146231066
12310,216.649993896484,11397.045135498,0.183258259395472
12320,216.649993896484,11374.7081756592,0.182899093284292
12330,216.649993896484,11352.4141311646,0.182540617228403
12340,216.649993896484,11330.1639556885,0.182182846562365
12350,216.649993896484,11307.9586029053,0.181825796620741
12360,216.649993896484,11285.795211792,0.181469421399846
12370,216.649993896484,11263.6766433716,0.181113766903364
12380,216.649993896484,11241.6009902954,0.180758802462172
12390,216.649993896484,11219.5682525635,0.180404528076271
12400,216.649993896484,11197.5793838501,0.180050959080221
12410,216.649993896484,11175.633430481,0.179698080139462
12420,216.649993896484,11153.7303924561,0.179345891253992
12430,216.649993896484,11131.8702697754,0.178994392423813
12440,216.649993896484,11110.0540161133,0.178643598983485
12450,216.649993896484,11088.2797241211,0.178293480263886
12460,216.649993896484,11066.5483474731,0.177944051599577
12470,216.649993896484,11044.8598861694,0.177595312990557
12480,216.649993896484,11023.21434021,0.177247264436828
12490,216.649993896484,11001.6107559204,0.176899890603827
12500,216.649993896484,10980.0500869751,0.176553206826115
12510,216.649993896484,10958.5313796997,0.176207197769132
12520,216.649993896484,10937.0555877686,0.175861878767439
12530,216.649993896484,10915.6217575073,0.175517234486474
12540,216.649993896484,10894.229888916,0.175173264926237
12550,216.649993896484,10872.8799819946,0.174829970086728
12560,216.649993896484,10851.5720367432,0.174487349967947
12570,216.649993896484,10830.3060531616,0.174145404569894
12580,216.649993896484,10809.08203125,0.173804133892569
12590,216.649993896484,10787.8999710083,0.173463537935972
12600,216.649993896484,10766.7598724365,0.173123616700103
12610,216.649993896484,10745.6607818604,0.1727843548504
12620,216.649993896484,10724.6026992798,0.172445752386863
12630,216.649993896484,10703.5865783691,0.172107824644054
12640,216.649993896484,10682.6124191284,0.171770571621973
12650,216.649993896484,10661.6792678833,0.171433977986058
12660,216.649993896484,10640.7871246338,0.17109804373631
12670,216.649993896484,10619.9359893799,0.170762768872727
12680,216.649993896484,10599.1258621216,0.17042815339531
12690,216.649993896484,10578.3567428589,0.170094197304059
12700,216.649993896484,10557.6286315918,0.169760900598975
12710,216.649993896484,10536.9415283203,0.169428263280056
12720,216.649993896484,10516.2944793701,0.169096270012742
12730,216.649993896484,10495.6884384155,0.168764936131593
12740,216.649993896484,10475.1224517822,0.168434246302049
12750,216.649993896484,10454.5974731445,0.16810421585867
12760,216.649993896484,10434.1135025024,0.167774844801458
12770,216.649993896484,10413.6686325073,0.167446102461287
12780,216.649993896484,10393.2647705078,0.167118019507283
12790,216.649993896484,10372.9009628296,0.166790580604882
12800,216.649993896484,10352.5772094727,0.166463785754086
12810,216.649993896484,10332.293510437,0.166137634954894
12820,216.649993896484,10312.0498657227,0.165812128207305
12830,216.649993896484,10291.8462753296,0.165487265511321
12840,216.649993896484,10271.6817855835,0.165163031532379
12850,216.649993896484,10251.5573501587,0.16483944160504
12860,216.649993896484,10231.4720153809,0.164516480394744
12870,216.649993896484,10211.4267349243,0.164194163236052
12880,216.649993896484,10191.4215087891,0.163872490128964
12890,216.649993896484,10171.4544296265,0.163551430404356
12900,216.649993896484,10151.5274047852,0.163231014731352
12910,216.649993896484,10131.6394805908,0.16291122777539
12920,216.649993896484,10111.7906570435,0.16259206953647
12930,216.649993896484,10091.9809341431,0.162273540014592
12940,216.649993896484,10072.2103118896,0.161955639209756
12950,216.649993896484,10052.4778366089,0.1616383517874
12960,216.649993896484,10032.7844619751,0.161321693082086
12970,216.649993896484,10013.1301879883,0.161005663093814
12980,216.649993896484,9993.51501464844,0.160690261822584
12990,216.649993896484,9973.93798828125,0.160375473933834
13000,216.649993896484,9954.39910888672,0.160061299427564
13010,216.649993896484,9934.89837646484,0.159747738303775
13020,216.649993896484,9915.43674468994,0.159434805897027
13030,216.649993896484,9896.0132598877,0.159122486872759
13040,216.649993896484,9876.62792205811,0.158810781230971
13050,216.649993896484,9857.28073120117,0.158499688971664
13060,216.649993896484,9837.97073364258,0.158189194760274
13070,216.649993896484,9818.69983673096,0.157879329265926
13080,216.649993896484,9799.46613311768,0.157570061819497
13090,216.649993896484,9780.27057647705,0.157261407755547
13100,216.649993896484,9761.11221313477,0.156953351739516
13110,216.649993896484,9741.99199676514,0.156645909105964
13120,216.649993896484,9722.90992736816,0.156339079854893
13130,216.649993896484,9703.86409759521,0.156032833317177
13140,216.649993896484,9684.85641479492,0.155727200161942
13150,216.649993896484,9665.88592529297,0.155422165054624
13160,216.649993896484,9646.95167541504,0.155117712660663
13170,216.649993896484,9628.05557250977,0.154813873649182
13180,216.649993896484,9609.19666290283,0.154510632685618
13190,216.649993896484,9590.37494659424,0.154207989769973
13200,216.649993896484,9571.58946990967,0.153905929567684
13210,216.649993896484,9552.84118652344,0.153604467413313
13220,216.649993896484,9534.12914276123,0.153303587972297
13230,216.649993896484,9515.45429229736,0.1530033065792
13240,216.649993896484,9496.81568145752,0.152703607899459
13250,216.649993896484,9478.21426391602,0.152404507267636
13260,216.649993896484,9459.64813232422,0.152105974014607
13270,216.649993896484,9441.12014770508,0.151808054144058
13280,216.649993896484,9422.62649536133,0.151510686317741
13290,216.649993896484,9404.17003631592,0.151213916539341
13300,216.649993896484,9385.74981689453,0.150917729474298
13310,216.649993896484,9367.36583709717,0.150622125122611
13320,216.649993896484,9349.01714324951,0.150327088149718
13330,216.649993896484,9330.70468902588,0.150032633890182
13340,216.649993896484,9312.42752075195,0.149738747009439
13350,216.649993896484,9294.18659210205,0.149445442842052
13360,216.649993896484,9275.98190307617,0.149152721388021
13370,216.649993896484,9257.81154632568,0.148860551978222
13380,216.649993896484,9239.67742919922,0.148568965281779
13390,216.649993896484,9221.57859802246,0.14827794596413
13400,216.649993896484,9203.51409912109,0.147987478690714
13410,216.649993896484,9185.48679351807,0.147697609465215
13420,216.649993896484,9167.49382019043,0.147408292283948
13430,216.649993896484,9149.53517913818,0.147119527146913
13440,216.649993896484,9131.61087036133,0.146831314054111
13450,216.649993896484,9113.72089385986,0.14654365300554
13460,216.649993896484,9095.86524963379,0.146256544001202
13470,216.649993896484,9078.04298400879,0.145969971706533
13480,216.649993896484,9060.25505065918,0.145683951456096
13490,216.649993896484,9042.50144958496,0.145398483249892
13500,216.649993896484,9024.78122711182,0.145113551753357
13510,216.649993896484,9007.09533691406,0.144829172301055
13520,216.649993896484,8989.44282531738,0.144545329558422
13530,216.649993896484,8971.82369232178,0.14426202352546
13540,216.649993896484,8954.23889160156,0.143979269536729
13550,216.649993896484,8936.68746948242,0.143697052257669
13560,216.649993896484,8919.17037963867,0.143415387022841
13570,216.649993896484,8901.68571472168,0.14313424316312
13580,216.649993896484,8884.23538208008,0.142853651347632
13590,216.649993896484,8866.81747436523,0.142573580907252
13600,216.649993896484,8849.43389892578,0.142294062511103
13610,216.649993896484,8832.0837020874,0.142015080824625
13620,216.649993896484,8814.76593017578,0.141736620513255
13630,216.649993896484,8797.48249053955,0.141458712246117
13640,216.649993896484,8780.23147583008,0.141181325354086
13650,216.649993896484,8763.01383972168,0.140904475171726
13660,216.649993896484,8745.82958221436,0.140628161699036
13670,216.649993896484,8728.67774963379,0.140352369601454
13680,216.649993896484,8711.5592956543,0.140077114213542
13690,216.649993896484,8694.47326660156,0.139802380200738
13700,216.649993896484,8677.4206161499,0.139528182897604
13710,216.649993896484,8660.40134429932,0.13925452230414
13720,216.649993896484,8643.41449737549,0.138981383085784
13730,216.649993896484,8626.46007537842,0.138708765242536
13740,216.649993896484,8609.53807830811,0.138436668774396
13750,216.649993896484,8592.64945983887,0.138165109015926
13760,216.649993896484,8575.79326629639,0.137894070632564
13770,216.649993896484,8558.96949768066,0.13762355362431
13780,216.649993896484,8542.1781539917,0.137353557991164
13790,216.649993896484,8525.41923522949,0.137084083733126
13800,216.649993896484,8508.69274139404,0.136815130850197
13810,216.649993896484,8491.99867248535,0.136546699342375
13820,216.649993896484,8475.33702850342,0.136278789209661
13830,216.649993896484,8458.70780944824,0.136011400452055
13840,216.649993896484,8442.11006164551,0.135744517734995
13850,216.649993896484,8425.54569244385,0.135478171727606
13860,216.649993896484,8409.01279449463,0.135212331760762
13870,216.649993896484,8392.51136779785,0.134946997834464
13880,216.649993896484,8376.04236602783,0.134682185283275
13890,216.649993896484,8359.60578918457,0.134417894107193
13900,216.649993896484,8343.20068359375,0.134154108971658
13910,216.649993896484,8326.82704925537,0.133890829876668
13920,216.649993896484,8310.48583984375,0.133628072156786
13930,216.649993896484,8294.17610168457,0.133365820477451
13940,216.649993896484,8277.89878845215,0.133104090173223
13950,216.649993896484,8261.65199279785,0.13284285057498
13960,216.649993896484,8245.43762207031,0.132582132351844
13970,216.649993896484,8229.25472259521,0.132321920169255
13980,216.649993896484,8213.10234069824,0.13206219869265
13990,216.649993896484,8196.98238372803,0.131802998591152
14000,216.649993896484,8180.89389801025,0.131544304530201
14010,216.649993896484,8164.83688354492,0.131286116509795
14020,216.649993896484,8148.81038665771,0.131028419195374
14030,216.649993896484,8132.81631469727,0.130771243256061
14040,216.649993896484,8116.85276031494,0.130514558022732
14050,216.649993896484,8100.91972351074,0.130258363495386
14060,216.649993896484,8085.0191116333,0.130002690343149
14070,216.649993896484,8069.14901733398,0.129747507896896
14080,216.649993896484,8053.30944061279,0.129492816156627
14090,216.649993896484,8037.50133514404,0.129238630456903
14100,216.649993896484,8021.72374725342,0.128984935463164
14110,216.649993896484,8005.97763061523,0.128731746509971
14120,216.649993896484,7990.26203155518,0.128479048262762
14130,216.649993896484,7974.57695007324,0.128226840721537
14140,216.649993896484,7958.92333984375,0.127975139220858
14150,216.649993896484,7943.29977035522,0.127723920758882
14160,216.649993896484,7927.70671844482,0.12747319300289
14170,216.649993896484,7912.14466094971,0.127222963620163
14180,216.649993896484,7896.61312103271,0.12697322494342
14190,216.649993896484,7881.11162185669,0.12672396930538
14200,216.649993896484,7865.64064025879,0.126475204373324
14210,216.649993896484,7850.20065307617,0.126226937814533
14220,216.649993896484,7834.79022979736,0.125979146627164
14230,216.649993896484,7819.41032409668,0.125731846145779
14240,216.649993896484,7804.06093597412,0.125485036370378
14250,216.649993896484,7788.74158859253,0.125238709633681
14260,216.649993896484,7773.4522819519,0.124992865935686
14270,216.649993896484,7758.19301605225,0.124747505276394
14280,216.649993896484,7742.96379089355,0.124502627655805
14290,216.649993896484,7727.76460647583,0.124258233073919
14300,216.649993896484,7712.59498596191,0.124014313863456
14310,216.649993896484,7697.45588302612,0.123770885358976
14320,216.649993896484,7682.34634399414,0.123527932225918
14330,216.649993896484,7667.26636886597,0.123285454464283
14340,216.649993896484,7652.21643447876,0.12304345974135
14350,216.649993896484,7637.19606399536,0.122801940389839
14360,216.649993896484,7622.20525741577,0.122560896409751
14370,216.649993896484,7607.24401473999,0.122320327801084
14380,216.649993896484,7592.31233596802,0.12208023456384
14390,216.649993896484,7577.41022109985,0.121840616698017
14400,216.649993896484,7562.53719329834,0.121601466536336
14410,216.649993896484,7547.69420623779,0.121362799413357
14420,216.649993896484,7532.87982940674,0.121124592327239
14430,216.649993896484,7518.09549331665,0.120886868279823
14440,216.649993896484,7503.33976745606,0.120649604269268
14450,216.649993896484,7488.61360549927,0.120412815630134
14460,216.649993896484,7473.91605377197,0.120176487027861
14470,216.649993896484,7459.24806594849,0.11994063379701
14480,216.649993896484,7444.60916519165,0.119705248270299
14490,216.649993896484,7429.99887466431,0.119470322780449
14500,216.649993896484,7415.41767120361,0.11923586499474
14510,216.649993896484,7400.86555480957,0.119001874913171
14520,216.649993896484,7386.34204864502,0.118768344868463
14530,216.649993896484,7371.84762954712,0.118535282527896
14540,216.649993896484,7357.38182067871,0.118302680224189
14550,216.649993896484,7342.94462203979,0.118070537957341
14560,216.649993896484,7328.53603363037,0.117838855727354
14570,216.649993896484,7314.15605545044,0.117607633534227
14580,216.649993896484,7299.8046875,0.11737687137796
14590,216.649993896484,7285.48192977905,0.117146569258553
14600,216.649993896484,7271.18730545044,0.116916719508725
14610,216.649993896484,7256.92129135132,0.116687329795757
14620,216.649993896484,7242.68341064453,0.116458392452368
14630,216.649993896484,7228.47414016724,0.116229915145839
14640,216.649993896484,7214.29300308228,0.116001890208889
14650,216.649993896484,7200.13999938965,0.115774317641518
14660,216.649993896484,7186.01512908936,0.115547197443726
14670,216.649993896484,7171.91791534424,0.115320521948232
14680,216.649993896484,7157.84931182861,0.115094306489598
14690,216.649993896484,7143.80836486816,0.114868535733262
14700,216.649993896484,7129.79602813721,0.114643225013786
14710,216.649993896484,7115.81134796143,0.114418358996608
14720,216.649993896484,7101.85432434082,0.114193937681728
14730,216.649993896484,7087.92495727539,0.113969961069146
14740,216.649993896484,7074.02324676514,0.113746429158862
14750,216.649993896484,7060.14966964722,0.113523349618158
14760,216.649993896484,7046.30374908447,0.113300714779751
14770,216.649993896484,7032.48500823975,0.113078516976361
14780,216.649993896484,7018.69392395019,0.112856763875269
14790,216.649993896484,7004.93049621582,0.112635455476476
14800,216.649993896484,6991.19472503662,0.11241459177998
14810,216.649993896484,6977.48565673828,0.11219415745122
14820,216.649993896484,6963.80424499512,0.111974167824758
14830,216.649993896484,6950.15048980713,0.111754622900595
14840,216.649993896484,6936.52391433716,0.111535515011448
14850,216.649993896484,6922.92451858521,0.111316844157319
14860,216.649993896484,6909.35230255127,0.111098610338206
14870,216.649993896484,6895.80678939819,0.110880805886829
14880,216.649993896484,6882.28893280029,0.110663446137751
14890,216.649993896484,6868.79730224609,0.110446508089127
14900,216.649993896484,6855.33332824707,0.110230014742802
14910,216.649993896484,6841.89605712891,0.110013950764212
14920,216.649993896484,6828.4854888916,0.109798316153359
14930,216.649993896484,6815.10162353516,0.109583110910241
14940,216.649993896484,6801.74493789673,0.109368342702141
14950,216.649993896484,6788.41495513916,0.109154003861777
14960,216.649993896484,6775.11119842529,0.108940086721867
14970,216.649993896484,6761.83414459229,0.108726598949694
14980,216.649993896484,6748.58379364014,0.108513540545256
14990,216.649993896484,6735.36014556885,0.108300911508555
15000,216.649993896484,6722.16272354126,0.108088704172309
15010,216.649993896484,6708.99200439453,0.107876926203798
15020,216.649993896484,6695.84703445435,0.107665562268462
15030,216.649993896484,6682.72876739502,0.107454627700862
15040,216.649993896484,6669.63672637939,0.107244114833717
15050,216.649993896484,6656.57091140747,0.107034023667026
15060,216.649993896484,6643.53179931641,0.106824361868072
15070,216.649993896484,6630.51795959473,0.106615106435011
15080,216.649993896484,6617.53034591675,0.106406272702405
15090,216.649993896484,6604.56895828247,0.106197860670254
15100,216.649993896484,6591.63379669189,0.105989870338557
15110,216.649993896484,6578.7239074707,0.105782286372754
15120,216.649993896484,6565.83976745605,0.105575116440125
15130,216.649993896484,6552.98233032227,0.105368375875232
15140,216.649993896484,6540.15016555786,0.105162041676232
15150,216.649993896484,6527.34375,0.104956121510406
15160,216.649993896484,6514.56308364868,0.104750615377754
15170,216.649993896484,6501.80816650391,0.104545523278276
15180,216.649993896484,6489.07852172852,0.104340837544691
15190,216.649993896484,6476.37462615967,0.10413656584428
15200,216.649993896484,6463.69552612305,0.103932692842481
15210,216.649993896484,6451.04265213013,0.103729241541137
15220,216.649993896484,6438.41505050659,0.103526196605686
15230,216.649993896484,6425.81272125244,0.103323558036128
15240,216.649993896484,6413.23566436768,0.103121325832463
15250,216.649993896484,6400.68340301514,0.10291949232741
15260,216.649993896484,6388.15689086914,0.102718072855532
15270,216.649993896484,6375.65517425537,0.102517052082265
15280,216.649993896484,6363.17825317383,0.10231643000761
15290,216.649993896484,6350.72708129883,0.102116221966129
15300,216.649993896484,6338.30070495605,0.10191641262326
15310,216.649993896484,6325.89912414551,0.101717001979004
15320,216.649993896484,6313.52233886719,0.101517990033359
15330,216.649993896484,6301.17034912109,0.101319376786326
15340,216.649993896484,6288.84315490723,0.101121162237905
15350,216.649993896484,6276.54075622559,0.100923346388097
15360,216.649993896484,6264.26315307617,0.1007259292369
15370,216.649993896484,6252.00986862183,0.100528903117034
15380,216.649993896484,6239.78137969971,0.100332275695781
15390,216.649993896484,6227.57720947266,0.100136039305858
15400,216.649993896484,6215.39783477783,0.0999402016145474
15410,216.649993896484,6203.24230194092,0.0997447472872869
15420,216.649993896484,6191.11204147339,0.0995496993259193
15430,216.649993896484,6179.00562286377,0.0993550347286017
15440,216.649993896484,6166.92352294922,0.0991607611626152
15450,216.649993896484,6154.86526489258,0.0989668709606787
15460,216.649993896484,6142.83180236816,0.0987733794573541
15470,216.649993896484,6130.82218170166,0.0985802713180797
15480,216.649993896484,6118.83687973022,0.0983875542101362
15490,216.649993896484,6106.8754196167,0.0981952204662427
15500,216.649993896484,6094.93827819824,0.0980032777536803
15510,216.649993896484,6083.02450180054,0.0978117107378869
15520,216.649993896484,6071.1350440979,0.0976205347534245
15530,216.649993896484,6059.26895141602,0.0974297344657311
15540,216.649993896484,6047.4271774292,0.0972393252093687
15550,216.649993896484,6035.60924530029,0.0970492993170564
15560,216.649993896484,6023.81420135498,0.096859641454232
15570,216.649993896484,6012.04395294189,0.0966703822900197
15580,216.649993896484,6000.29611587524,0.0964814834880144
15590,216.649993896484,5988.5721206665,0.0962929680500591
15600,216.649993896484,5976.87244415283,0.0961048436434348
15610,216.649993896484,5965.1951789856,0.0959170795990176
15620,216.649993896484,5953.54175567627,0.0957296989186504
15630,216.649993896484,5941.9116973877,0.0955426939350521
15640,216.649993896484,5930.30452728271,0.0953560569809419
15650,216.649993896484,5918.72119903564,0.0951698033908817
15660,216.649993896484,5907.16075897217,0.0949839178303096
15670,216.649993896484,5895.62320709229,0.0947984002992254
15680,216.649993896484,5884.10949707031,0.0946132661321913
15690,216.649993896484,5872.61867523193,0.0944284999946451
15700,216.649993896484,5861.15026473999,0.094244094219306
15710,216.649993896484,5849.70474243164,0.0940600564734549
15720,216.649993896484,5838.28258514404,0.0938763944243729
15730,216.649993896484,5826.88331604004,0.0936931004047788
15740,216.649993896484,5815.50693511963,0.0935101744146728
15750,216.649993896484,5804.15296554565,0.0933276087867738
15760,216.649993896484,5792.82188415527,0.0931454111883627
15770,216.649993896484,5781.51321411133,0.0929635739521587
15780,216.649993896484,5770.22743225098,0.0927821047454428
15790,216.649993896484,5758.9635848999,0.0926009882336528
15800,216.649993896484,5747.72310256958,0.0924202474186319
15810,216.649993896484,5736.50455474854,0.0922398592985369
15820,216.649993896484,5725.30841827393,0.092059831540649
15830,216.649993896484,5714.13469314575,0.0918801641449681
15840,216.649993896484,5702.98385620117,0.0917008647787752
15850,216.649993896484,5691.85447692871,0.0915219104402274
15860,216.649993896484,5680.74750900269,0.0913433164638865
15870,216.649993896484,5669.66247558594,0.0911650751824717
15880,216.649993896484,5658.59985351563,0.0909871942632639
15890,216.649993896484,5647.55916595459,0.0908096660389821
15900,216.649993896484,5636.54041290283,0.0906324905096263
15910,216.649993896484,5625.54359436035,0.0904556676751965
15920,216.649993896484,5614.56918716431,0.0902792052029737
15930,216.649993896484,5603.61671447754,0.090103095425677
15940,216.649993896484,5592.68522262573,0.0899273230087443
15950,216.649993896484,5581.7756652832,0.0897519032867376
15960,216.649993896484,5570.88804244995,0.0895768362596569
15970,216.649993896484,5560.02235412598,0.0894021219275022
15980,216.649993896484,5549.17812347412,0.0892277526229925
15990,216.649993896484,5538.35487365723,0.0890537206788469
16000,216.649993896484,5527.55355834961,0.0888800414296272
16010,216.649993896484,5516.77417755127,0.0887067148753336
16020,216.649993896484,5506.01577758789,0.088533725681404
16030,216.649993896484,5495.27835845947,0.0883610738478384
16040,216.649993896484,5484.56287384033,0.0881887747091989
16050,216.649993896484,5473.86837005615,0.0880168129309233
16060,216.661926269531,5463.19484710693,0.0878403505538107
16070,216.674346923828,5452.54325866699,0.0876640627148981
16080,216.686767578125,5441.9116973877,0.0874881170570493
16090,216.699203491211,5431.30207061768,0.0873125380355087
16100,216.711624145508,5420.71342468262,0.0871373225648228
16110,216.724044799805,5410.1448059082,0.0869624490934277
16120,216.736465454102,5399.59812164307,0.0867879482194138
16130,216.748886108398,5389.07194137573,0.0866137968873783
16140,216.761306762695,5378.56674194336,0.0864400027005776
16150,216.773727416992,5368.08204650879,0.0862665579347162
16160,216.786148071289,5357.61833190918,0.0860934701921999
16170,216.798568725586,5347.17464447021,0.0859207240876127
16180,216.810989379883,5336.75289154053,0.0857483502085899
16190,216.82341003418,5326.35021209717,0.0855763025242707
16200,216.835830688477,5315.96851348877,0.0854046116214401
16210,216.848251342773,5305.60779571533,0.0852332774387906
16220,216.86067199707,5295.26710510254,0.0850622845953644
16230,216.873092651367,5284.94691848755,0.084891640691908
16240,216.885513305664,5274.6467590332,0.084721338009517
16250,216.897933959961,5264.36710357666,0.0845513841480877
16260,216.910354614258,5254.10795211792,0.0843817790476978
16270,216.922775268555,5243.86882781982,0.0842125149907995
16280,216.935195922852,5233.64973068237,0.0840435919188133
16290,216.947616577148,5223.45066070557,0.0838750097731731
16300,216.960037231445,5213.2716178894,0.0837067684953263
16310,216.972457885742,5203.11260223389,0.0835388680267336
16320,216.984878540039,5192.97313690186,0.0833713006534216
16330,216.997299194336,5182.85417556763,0.0832040816282114
16340,217.009719848633,5172.75476455688,0.0830371955821465
16350,217.02214050293,5162.67490386963,0.0828706424580557
16360,217.034561157227,5152.61507034302,0.0827044298524759
16370,217.046981811523,5142.57478713989,0.0825385500536906
16380,217.05940246582,5132.55405426025,0.0823730030045679
16390,217.071823120117,5122.55334854126,0.0822077963003703
16400,217.084243774414,5112.57171630859,0.0820429145787913
16410,217.096664428711,5102.60963439941,0.0818783654355574
16420,217.109069824219,5092.66710281372,0.0817141545565962
16430,217.121490478516,5082.74364471436,0.0815502627363496
16440,217.133911132813,5072.83973693848,0.0813867033241483
16450,217.146331787109,5062.95537948608,0.0812234762629514
16460,217.158752441406,5053.08961868286,0.0810605661970951
16470,217.171173095703,5043.24340820313,0.0808979883699511
16480,217.18359375,5033.41674804688,0.0807357427245174
16490,217.196014404297,5023.60820770264,0.0805738062597878
16500,217.208435058594,5013.81969451904,0.0804122095129964
16510,217.220855712891,5004.04977798462,0.0802509294844747
16520,217.233276367188,4994.29845809937,0.0800899661198961
16530,217.245697021484,4984.5666885376,0.0799293346574598
16540,217.258117675781,4974.85303878784,0.0797690121027825
16550,217.270538330078,4965.15846252441,0.0796090136936514
16560,217.282943725586,4955.48295974731,0.0794493449538431
16570,217.295364379883,4945.82605361938,0.0792899870130358
16580,217.30778503418,4936.18726730347,0.079130937763803
16590,217.320205688477,4926.56707763672,0.0789722047968512
16600,217.332626342773,4916.9659614563,0.0788137957011519
16610,217.34504699707,4907.38344192505,0.0786557027784184
16620,217.357467651367,4897.81904220581,0.0784979183321239
16630,217.369888305664,4888.27276229858,0.0783404423093887
16640,217.382308959961,4878.74507904053,0.0781832822987967
16650,217.394714355469,4869.23599243164,0.0780264437228062
16660,217.407135009766,4859.74454879761,0.0778699002815609
16670,217.419555664063,4850.27170181274,0.0777136726917697
16680,217.431976318359,4840.81602096558,0.0775577379801862
16690,217.444396972656,4831.37941360474,0.0774021266537004
16700,217.456817626953,4821.96092605591,0.0772468233792327
16710,217.46923828125,4812.56055831909,0.0770918281040002
16720,217.481643676758,4803.17783355713,0.0769371385352787
16730,217.494064331055,4793.81322860718,0.0767827514519886
16740,217.506484985352,4784.46674346924,0.076628672210553
16750,217.518905639648,4775.13790130615,0.0764748931215842
16760,217.531326293945,4765.82670211792,0.0763214141336677
16770,217.543746948242,4756.5336227417,0.0761682428311817
16780,217.556167602539,4747.25866317749,0.0760153791614273
16790,217.568572998047,4738.00086975098,0.075862813122404
16800,217.580993652344,4728.76119613647,0.0757105492810076
16810,217.593414306641,4719.53916549683,0.0755585852820462
16820,217.605834960938,4710.33525466919,0.0754069287077783
16830,217.618255615234,4701.14850997925,0.0752555642392317
16840,217.630661010742,4691.97940826416,0.075104504724943
16850,217.643081665039,4682.82842636108,0.0749537472033906
16860,217.655502319336,4673.6946105957,0.0748032816349622
16870,217.667922973633,4664.57891464233,0.0746531232325287
16880,217.68034362793,4655.48038482666,0.0745032566815316
16890,217.692749023438,4646.39949798584,0.07435369477426
16900,217.705169677734,4637.33577728271,0.0742044193952038
16910,217.717590332031,4628.2901763916,0.0740554509762705
16920,217.730010986328,4619.26126480103,0.0739067665771815
16930,217.742431640625,4610.25047302246,0.0737583890357732
16940,217.754837036133,4601.25684738159,0.073610308200893
16950,217.76725769043,4592.28086471558,0.0734625213237218
16960,217.779678344727,4583.3215713501,0.0733150182668466
16970,217.792098999023,4574.38039779663,0.0731678218629298
16980,217.80451965332,4565.4559135437,0.0730209091795931
16990,217.816925048828,4556.54907226563,0.072874300525791
17000,217.829345703125,4547.65939712524,0.0727279780039136
17010,217.841766357422,4538.78736495972,0.0725819543051229
17020,217.854187011719,4529.93202209473,0.0724362141285081
17030,217.866592407227,4521.09384536743,0.0722907701130938
17040,217.879013061523,4512.27331161499,0.0721456196965718
17050,217.89143371582,4503.46946716309,0.072000752654199
17060,217.903854370117,4494.68278884888,0.0718561765606799
17070,217.916259765625,4485.91327667236,0.0717118963876275
17080,217.928680419922,4477.16093063354,0.0715679020322091
17090,217.941101074219,4468.42575073242,0.0714241984764502
17100,217.953521728516,4459.70726013184,0.0712807780492098
17110,217.965927124023,4451.00593566895,0.0711376533030956
17120,217.97834777832,4442.32130050659,0.0709948065975373
17130,217.990768432617,4433.65383148193,0.0708522504946008
17140,218.003173828125,4425.00352859497,0.0707099898938493
17150,218.015594482422,4416.36991500854,0.0705680072176814
17160,218.028015136719,4407.75299072266,0.0704263073772252
17170,218.040435791016,4399.1527557373,0.0702848903241457
17180,218.052841186523,4390.56968688965,0.0701437685365555
17190,218.06526184082,4382.00330734253,0.0700029245202179
17200,218.077682495117,4373.45361709595,0.0698623631454709
17210,218.090087890625,4364.92109298706,0.0697220968588185
17220,218.102508544922,4356.40478134155,0.0695821006118847
17230,218.114929199219,4347.90515899658,0.0694423868617226
17240,218.127334594727,4339.42270278931,0.069302968023416
17250,218.139755249023,4330.95645904541,0.0691638191115911
17260,218.15217590332,4322.50690460205,0.0690249525518178
17270,218.164581298828,4314.07403945923,0.0688863731138967
17280,218.177001953125,4305.65738677979,0.0687480634899976
17290,218.189422607422,4297.25742340088,0.0686100360743956
17300,218.201843261719,4288.87414932251,0.0684722908188986
17310,218.214248657227,4280.50708770752,0.0683348248413688
17320,218.226669311523,4272.15671539307,0.0681976361402329
17330,218.23908996582,4263.82303237915,0.0680607294555782
17340,218.251495361328,4255.50556182861,0.0679241018770683
17350,218.263916015625,4247.20430374146,0.0677877438504
17360,218.276321411133,4238.91925811768,0.067651664816646
17370,218.28874206543,4230.65090179443,0.0675158628704559
17380,218.301162719727,4222.39875793457,0.0673803350934652
17390,218.313568115234,4214.16282653809,0.0672450861389004
17400,218.325988769531,4205.94310760498,0.067110106550232
17410,218.338409423828,4197.73960113525,0.066975400990429
17420,218.350814819336,4189.55278396606,0.0668409816912652
17430,218.363235473633,4181.3817024231,0.0667068240388399
17440,218.37565612793,4173.22683334351,0.0665729402750417
17450,218.388061523438,4165.08817672729,0.0664393349952594
17460,218.400482177734,4156.9652557373,0.0663059912531239
17470,218.412887573242,4148.85902404785,0.0661729334887141
17480,218.425308227539,4140.76852798462,0.066040137188605
17490,218.437728881836,4132.69424438477,0.0659076145444764
17500,218.450134277344,4124.63569641113,0.0657753624999742
17510,218.462554931641,4116.59336090088,0.0656433794150678
17520,218.474960327148,4108.56676101685,0.065511666819272
17530,218.487380981445,4100.55637359619,0.065380223109631
17540,218.499801635742,4092.56172180176,0.065249045222082
17550,218.51220703125,4084.58280563354,0.0651181376585189
17560,218.524627685547,4076.62010192871,0.064987498871301
17570,218.537033081055,4068.6731338501,0.0648571302978557
17580,218.549453735352,4060.74190139771,0.0647270228265778
17590,218.561874389648,4052.82640457153,0.0645971809500226
17600,218.574279785156,4044.92664337158,0.0644676091234309
17610,218.586700439453,4037.04261779785,0.0643382982912156
17620,218.599105834961,4029.17432785034,0.0642092573999136
17630,218.611526489258,4021.32177352905,0.0640804774310872
17640,218.623931884766,4013.48495483398,0.0639519672942435
17650,218.636352539063,4005.66387176514,0.0638237180079374
17660,218.64875793457,3997.85804748535,0.0636957308476117
17670,218.661178588867,3990.06795883179,0.0635680044667113
17680,218.673599243164,3982.29360580444,0.0634405432743442
17690,218.686004638672,3974.53451156616,0.0633133440471088
17700,218.698425292969,3966.7911529541,0.0631864054921206
17710,218.710830688477,3959.0630531311,0.0630597287954728
17720,218.723251342773,3951.35045051575,0.0629333089025665
17730,218.735656738281,3943.65334510803,0.0628071545588437
17740,218.748077392578,3935.97173690796,0.062681256948053
17750,218.760482788086,3928.30538749695,0.0625556209828023
17760,218.772903442383,3920.654296875,0.0624302378836291
17770,218.785308837891,3913.01870346069,0.0623051201206414
17780,218.797729492188,3905.39836883545,0.0621802551537109
17790,218.810134887695,3897.79329299927,0.0620556516208477
17800,218.822555541992,3890.20347595215,0.0619313008144161
17810,218.8349609375,3882.62891769409,0.0618072113367044
17820,218.847381591797,3875.0696182251,0.0616833745157627
17830,218.859786987305,3867.52533912659,0.0615597951233761
17840,218.872207641602,3859.99631881714,0.0614364683184926
17850,218.884613037109,3852.48231887817,0.0613133988379078
17860,218.897033691406,3844.98357772827,0.0611905818755236
17870,218.909439086914,3837.50009536743,0.0610680259273682
17880,218.921859741211,3830.0313949585,0.0609457148399309
17890,218.934265136719,3822.57747650146,0.0608236570754112
17900,218.946685791016,3815.1388168335,0.0607018516912407
17910,218.959091186523,3807.71541595459,0.0605803071133568
17920,218.97151184082,3800.30679702759,0.0604590072599898
17930,218.983917236328,3792.91296005249,0.0603379605235457
17940,218.996337890625,3785.5339050293,0.0602171584443248
17950,219.008743286133,3778.17010879517,0.0600966169647619
17960,219.02116394043,3770.82109451294,0.0599763200742333
17970,219.033569335938,3763.48686218262,0.0598562760959439
17980,219.045989990234,3756.16717338562,0.0597364728476178
17990,219.058395385742,3748.86250495911,0.0596169262017085
18000,219.07080078125,3741.57238006592,0.0594976243629406
18010,219.083221435547,3734.29727554321,0.0593785707362328
18020,219.095626831055,3727.03671455383,0.0592597659767743
18030,219.108047485352,3719.79093551636,0.0591412055708623
18040,219.120452880859,3712.55970001221,0.0590228939315927
18050,219.132873535156,3705.34324645996,0.0589048265788136
18060,219.145278930664,3698.14109802246,0.0587870041021915
18070,219.157684326172,3690.95373153686,0.0586694299302404
18080,219.170104980469,3683.7809085846,0.0585520961547953
18090,219.182510375977,3676.62262916565,0.0584350108956108
18100,219.194931030273,3669.47889328003,0.0583181659666491
18110,219.207336425781,3662.34946250916,0.0582015656652394
18120,219.219757080078,3655.23457527161,0.0580852056281645
18130,219.232162475586,3648.13423156738,0.0579690939083028
18140,219.244567871094,3641.04795455933,0.057853218836297
18150,219.256988525391,3633.97645950317,0.0577375877180116
18160,219.269393920898,3626.91926956177,0.057622200980212
18170,219.281814575195,3619.87590789795,0.0575070429787857
18180,219.294219970703,3612.84732818604,0.0573921368354063
18190,219.306625366211,3605.83305358887,0.0572774709237285
18200,219.319046020508,3598.83284568787,0.0571630374389692
18210,219.331451416016,3591.84694290161,0.0570488480900201
18220,219.343856811523,3584.87510681152,0.0569348950643585
18230,219.35627746582,3577.91757583618,0.0568211781556569
18240,219.368682861328,3570.97411155701,0.0567077014503271
18250,219.381103515625,3564.04495239258,0.0565944607971371
18260,219.393508911133,3557.12962150574,0.0564814564647772
18270,219.405914306641,3550.22859573364,0.0563686920403454
18280,219.418334960938,3543.34163665771,0.0562561597857115
18290,219.430740356445,3536.46850585938,0.0561438637081385
18300,219.443145751953,3529.6094417572,0.0560318036328686
18310,219.45556640625,3522.7644443512,0.0559199756317521
18320,219.467971801758,3515.93327522278,0.0558083836645921
18330,219.480377197266,3509.11617279053,0.055697027580106
18340,219.492797851563,3502.31266021729,0.0555858959060784
18350,219.50520324707,3495.52345275879,0.0554750076915433
18360,219.517608642578,3488.74759674072,0.055364343889452
18370,219.530029296875,3481.9860458374,0.0552539157546352
18380,219.542434692383,3475.23808479309,0.0551437195859947
18390,219.554840087891,3468.50395202637,0.0550337552793763
18400,219.567260742188,3461.78340911865,0.0549240151958393
18410,219.579666137695,3455.07669448853,0.0548145107209209
18420,219.592071533203,3448.38380813599,0.0547052379905612
18430,219.6044921875,3441.70451164246,0.0545961893899129
18440,219.616897583008,3435.03880500793,0.0544873724751465
18450,219.629302978516,3428.38668823242,0.0543787834063458
18460,219.641723632813,3421.74816131592,0.0542704183746694
18470,219.65412902832,3415.123462677,0.0541622886709234
18480,219.666534423828,3408.51211547852,0.054054382915911
18490,219.678939819336,3401.91411972046,0.0539467010716925
18500,219.691360473633,3395.32995223999,0.0538392469220381
18510,219.703765869141,3388.75913619995,0.0537320203535647
18520,219.716171264648,3382.20167160034,0.0536250175812478
18530,219.728591918945,3375.65755844116,0.0535182348506724
18540,219.740997314453,3369.12727355957,0.0534116871239996
18550,219.753402709961,3362.60986328125,0.053305355519922
18560,219.765808105469,3356.10604286194,0.053199251339703
18570,219.778228759766,3349.61557388306,0.0530933670795848
18580,219.790634155273,3343.13821792603,0.0529877063027332
18590,219.803039550781,3336.67421340942,0.0528822690568494
18600,219.815444946289,3330.22356033325,0.0527770553040882
18610,219.827865600586,3323.78602027893,0.0526720575722953
18620,219.840270996094,3317.36183166504,0.0525672869219612
18630,219.852676391602,3310.950756073,0.0524627358738807
18640,219.865081787109,3304.55255508423,0.0523584006133011
18650,219.877502441406,3298.16770553589,0.0522542850321555
18660,219.889907836914,3291.7959690094,0.0521503925754665
18670,219.902313232422,3285.43710708618,0.0520467157954371
18680,219.91471862793,3279.09159660339,0.0519432622090253
18690,219.927139282227,3272.75896072388,0.0518400206287128
18700,219.939544677734,3266.43943786621,0.0517370019951065
18710,219.951950073242,3260.13278961182,0.0516341988909196
18720,219.96435546875,3253.83901596069,0.0515316112796863
18730,219.976760864258,3247.55811691284,0.051429239124949
18740,219.989181518555,3241.29009246826,0.0513270788301327
18750,220.001586914063,3235.03518104553,0.0512251412615559
18760,220.01399230957,3228.7929058075,0.0511234152646857
18770,220.026397705078,3222.56374359131,0.0510219083533592
18780,220.038803100586,3216.34697914124,0.050920609166725
18790,220.051223754883,3210.14308929443,0.0508195216944969
18800,220.063629150391,3203.9520740509,0.050718652955321
18810,220.076034545898,3197.77369499207,0.0506179956077099
18820,220.088439941406,3191.60795211792,0.0505175496159182
18830,220.100845336914,3185.45508384705,0.0504173187177429
18840,220.113265991211,3179.31461334229,0.0503172918420548
18850,220.125671386719,3173.18677902222,0.0502174797102307
18860,220.138076782227,3167.07181930542,0.0501178825642053
18870,220.150482177734,3160.96925735474,0.0500184928222676
18880,220.162887573242,3154.87933158875,0.0499193142218295
18890,220.17529296875,3148.80180358887,0.049820342954943
18900,220.187713623047,3142.73691177368,0.0497215793129546
18910,220.200119018555,3136.68441772461,0.049623026386693
18920,220.212524414063,3130.64408302307,0.0495246769168148
18930,220.22492980957,3124.61638450623,0.0494265384117547
18940,220.237335205078,3118.60132217407,0.0493286108358635
18950,220.249740600586,3112.59818077087,0.0492308828405486
18960,220.262145996094,3106.60767555237,0.0491333657044023
18970,220.274566650391,3100.6293296814,0.0490360484538716
18980,220.286972045898,3094.66338157654,0.0489389416254968
18990,220.299377441406,3088.70983123779,0.0488420417805628
19000,220.311782836914,3082.768201828,0.0487453413442613
19010,220.324188232422,3076.83897018433,0.0486488478223282
19020,220.33659362793,3070.92189788818,0.0485525574103172
19030,220.348999023438,3065.01698493958,0.0484564700739235
19040,220.361404418945,3059.12399291992,0.0483605820097776
19050,220.373825073242,3053.24363708496,0.0482649011489238
19060,220.38623046875,3047.37520217896,0.0481694228404311
19070,220.398635864258,3041.5186882019,0.0480741437019637
19080,220.411041259766,3035.67409515381,0.0479790636998921
19090,220.423446655273,3029.84166145325,0.0478841865686061
19100,220.435852050781,3024.02114868164,0.0477895085060552
19110,220.448257446289,3018.21279525757,0.0476950332462204
19120,220.460662841797,3012.41636276245,0.0476007569874903
19130,220.473068237305,3006.63161277771,0.0475066759291095
19140,220.485473632813,3000.85878372192,0.0474127938050816
19150,220.497894287109,2995.09811401367,0.0473191110740155
19160,220.510299682617,2989.34888839722,0.0472256229578844
19170,220.522705078125,2983.6118221283,0.0471323374421243
19180,220.535110473633,2977.88643836975,0.0470392469603372
19190,220.547515869141,2972.17273712158,0.0469463514796122
19200,220.559921264648,2966.47071838379,0.0468536509670459
19210,220.572326660156,2960.78062057495,0.0467611491552108
19220,220.584732055664,2955.10196685791,0.0466688384800691
19230,220.597137451172,2949.43523406982,0.046576726439465
19240,220.60954284668,2943.77994537354,0.0464848054702226
19250,220.621948242188,2938.13633918762,0.0463930793047324
19260,220.634353637695,2932.50441551209,0.0463015479101351
19270,220.646759033203,2926.88417434692,0.0462102112535791
19280,220.659164428711,2921.27513885498,0.0461190617742463
19290,220.671569824219,2915.67754745483,0.0460281032043445
19300,220.683975219727,2910.09187698364,0.0459373430388062
19310,220.696380615234,2904.51717376709,0.0458467661907657
19320,220.708786010742,2898.95439147949,0.0457563876818743
19330,220.72119140625,2893.40281486511,0.0456661961899023
19340,220.733596801758,2887.86268234253,0.0455761954460358
19350,220.746002197266,2882.33375549316,0.04548638165561
19360,220.758422851563,2876.8162727356,0.0453967554115852
19370,220.770812988281,2871.30999565125,0.0453073223331852
19380,220.783233642578,2865.81516265869,0.0452180736122119
19390,220.795639038086,2860.33153533936,0.0451290148492532
19400,220.808044433594,2854.85911369324,0.045040142881361
19410,220.820449829102,2849.39789772034,0.0449514576770535
19420,220.832855224609,2843.94788742065,0.0448629592048561
19430,220.845245361328,2838.50884437561,0.0447746467660863
19440,220.857666015625,2833.08124542236,0.0446865185703249
19450,220.870056152344,2827.66461372375,0.0445985794265885
19460,220.882461547852,2822.25918769836,0.0445108238022327
19470,220.894866943359,2816.86472892761,0.0444232509931853
19480,220.907272338867,2811.48147583008,0.044335864728407
19490,220.919677734375,2806.10871315002,0.0442486536978276
19500,220.932083129883,2800.74739456177,0.0441616329092774
19510,220.944488525391,2795.39704322815,0.0440747948124597
19520,220.956893920898,2790.05742073059,0.0439881356176883
19530,220.969299316406,2784.72876548767,0.0439016590535361
19540,220.981704711914,2779.41107749939,0.0438153650892457
19550,220.994110107422,2774.10411834717,0.0437292499357846
19560,221.00651550293,2768.80836486816,0.0436433210791843
19570,221.018920898438,2763.52286338806,0.0435575634566348
19580,221.031326293945,2758.24856758118,0.0434719920699013
19590,221.043731689453,2752.98500061035,0.0433865993727515
19600,221.056137084961,2747.73192405701,0.0433013815778743
19610,221.068542480469,2742.4898147583,0.0432163461698589
19620,221.080947875977,2737.25819587708,0.0431314856043909
19630,221.093353271484,2732.03730583191,0.0430468036086347
19640,221.105758666992,2726.8271446228,0.0429623001525336
19650,221.1181640625,2721.6272354126,0.0428779676936907
19660,221.130554199219,2716.43829345703,0.0427938204241402
19670,221.142959594727,2711.25960350037,0.0427098411341479
19680,221.155364990234,2706.09188079834,0.0426260440204704
19690,221.167770385742,2700.93441009521,0.0425424177864597
19700,221.18017578125,2695.78742980957,0.0424589661584835
19710,221.192581176758,2690.65070152283,0.0423756853522542
19720,221.204986572266,2685.52470207214,0.0422925828484306
19730,221.217391967773,2680.40895462036,0.0422096511080391
19740,221.229797363281,2675.30369758606,0.0421268938566311
19750,221.242202758789,2670.20869255066,0.0420443073107875
19760,221.254592895508,2665.12417793274,0.0419618980895474
19770,221.266998291016,2660.04991531372,0.0418796566163008
19780,221.279403686523,2654.9859046936,0.0417975857620886
19790,221.291809082031,2649.93214607239,0.0417156854982168
19800,221.304214477539,2644.88840103149,0.0416339520429819
19810,221.316619873047,2639.85514640808,0.0415523928739442
19820,221.329025268555,2634.83190536499,0.0414710004566079
19830,221.341430664063,2629.81915473938,0.0413897822677048
19840,221.353820800781,2624.81641769409,0.0413087336211663
19850,221.366226196289,2619.82345581055,0.0412278450361219
19860,221.378631591797,2614.8407459259,0.0411471268420123
19870,221.391036987305,2609.86828804016,0.0410665790101946
19880,221.403442382813,2604.90560531616,0.0409861940093648
19890,221.41584777832,2599.95317459106,0.0409059793144008
19900,221.428253173828,2595.01051902771,0.0408259273948521
19910,221.440643310547,2590.0776386261,0.0407460410310453
19920,221.453048706055,2585.15501022339,0.0406663220755993
19930,221.465454101563,2580.242395401,0.0405867695629718
19940,221.47785949707,2575.33955574036,0.040507379715121
19950,221.490264892578,2570.44625282288,0.0404281487548521
19960,221.502655029297,2565.56296348572,0.0403490869343274
19970,221.515060424805,2560.68968772888,0.0402701886609027
19980,221.527465820313,2555.82594871521,0.0401914491933222
19990,221.53987121582,2550.97198486328,0.0401128722539318
20000,221.552276611328,2546.12803459167,0.0400344615642437
20010,221.564682006836,2541.29338264465,0.0399562058505219
20020,221.577072143555,2536.46874427795,0.0398781190781037
20030,221.589477539063,2531.65340423584,0.0398001844766328
20040,221.60188293457,2526.84807777405,0.0397224160157318
20050,221.614288330078,2522.05204963684,0.0396448024242066
20060,221.626693725586,2517.26579666138,0.0395673511711606
20070,221.639083862305,2512.48908042908,0.0394900612006914
20080,221.651489257813,2507.72190093994,0.0394129270433105
20090,221.66389465332,2502.96401977539,0.0393359476496495
20100,221.676300048828,2498.21591377258,0.0392591304871583
20110,221.688690185547,2493.47710609436,0.0391824707325107
20120,221.701095581055,2488.74759674072,0.0391059629604761
20130,221.713500976563,2484.02762413025,0.0390296135935265
20140,221.72590637207,2479.31718826294,0.0389534226050741
20150,221.738311767578,2474.61581230164,0.0388773824772
20160,221.750701904297,2469.92373466492,0.0388014995999969
20170,221.763107299805,2465.24119377136,0.0387257723475074
20180,221.775512695313,2460.56818962097,0.0386502033684912
20190,221.78791809082,2455.90376853943,0.0385747776570672
20200,221.800308227539,2451.24912261963,0.0384995165608829
20210,221.812713623047,2446.60353660584,0.0384244035170516
20220,221.825119018555,2441.96701049805,0.0383494411541956
20230,221.837524414063,2437.33954429626,0.0382746294470362
20240,221.849914550781,2432.72161483765,0.0381999784852543
20250,221.862319946289,2428.11226844788,0.0381254680079845
20260,221.874725341797,2423.51222038269,0.0380511118539855
20270,221.887115478516,2418.92123222351,0.0379769088658226
20280,221.899520874023,2414.33954238892,0.0379028575327433
20290,221.911926269531,2409.76643562317,0.037828949217516
20300,221.924331665039,2405.20262718201,0.0377551951237431
20310,221.936721801758,2400.64764022827,0.0376815903316422
20320,221.949127197266,2396.10147476196,0.0376081296299824
20330,221.961532592773,2391.56436920166,0.0375348193319937
20340,221.973922729492,2387.03584671021,0.0374616545042397
20350,221.986328125,2382.51662254334,0.0373886411917213
20360,221.998733520508,2378.00598144531,0.0373157707251211
20370,222.011138916016,2373.50416183472,0.0372430468215588
20380,222.023529052734,2369.01116371155,0.0371704720110448
20390,222.035934448242,2364.52651023865,0.0370980336734465
20400,222.04833984375,2360.05115509033,0.0370257493069246
20410,222.060729980469,2355.58414459229,0.0369536064640036
20420,222.073135375977,2351.12595558167,0.0368816075178485
20430,222.085540771484,2346.67658805847,0.0368097549882667
20440,222.097930908203,2342.23580360413,0.0367380476351336
20450,222.110336303711,2337.80312538147,0.0366664729026738
20460,222.122741699219,2333.37950706482,0.0365950482540674
20470,222.135131835938,2328.96423339844,0.0365237649561097
20480,222.147537231445,2324.55730438232,0.0364526179627717
20490,222.159942626953,2320.15943527222,0.0363816209803854
20500,222.172332763672,2315.76991081238,0.0363107652625919
20510,222.18473815918,2311.38849258423,0.0362400420553645
20520,222.197143554688,2307.01565742493,0.0361694613107858
20530,222.209533691406,2302.65116691589,0.0360990217461351
20540,222.221939086914,2298.29525947571,0.0360287221130058
20550,222.234329223633,2293.94721984863,0.0359585561284081
20560,222.246734619141,2289.60800170898,0.0358885337759409
20570,222.259140014648,2285.27688980103,0.0358186462943656
20580,222.271530151367,2280.95412254334,0.03574889985192
20590,222.283935546875,2276.63946151733,0.0356792857757366
20600,222.296340942383,2272.33290672302,0.0356098065023066
20610,222.308731079102,2268.03493499756,0.0355404719205978
20620,222.321136474609,2263.74506950378,0.0354712696513729
20630,222.333526611328,2259.4633102417,0.0354022045460507
20640,222.345932006836,2255.1896572113,0.0353332717178945
20650,222.358337402344,2250.92363357544,0.035264466108445
20660,222.370727539063,2246.666431427,0.035195808786579
20670,222.38313293457,2242.4168586731,0.0351272762188306
20680,222.395523071289,2238.1751537323,0.03505887694388
20690,222.407928466797,2233.94179344177,0.0349906135929377
20700,222.420333862305,2229.71630096436,0.0349224810847449
20710,222.432723999023,2225.49867630005,0.0348544817884121
20720,222.445129394531,2221.28915786743,0.0347866146290252
20730,222.45751953125,2217.08726882935,0.0347188768941961
20740,222.469924926758,2212.89348602295,0.0346512712617338
20750,222.482330322266,2208.70733261108,0.0345837926290711
20760,222.494720458984,2204.52904701233,0.0345164470750523
20770,222.507125854492,2200.35886764526,0.0344492335714929
20780,222.519515991211,2196.19607925415,0.034382145627941
20790,222.531921386719,2192.04115867615,0.0343151859683291
20800,222.544311523438,2187.89386749268,0.0342483555493637
20810,222.556716918945,2183.75444412231,0.0341816533805274
20820,222.569107055664,2179.62265014648,0.0341150804000988
20830,222.581512451172,2175.49848556519,0.0340486319044913
20840,222.59391784668,2171.38195037842,0.0339823102160406
20850,222.606307983398,2167.2728061676,0.0339161139073002
20860,222.618713378906,2163.1715297699,0.0338500457651175
20870,222.631103515625,2159.07788276672,0.0337841066820245
20880,222.643508911133,2154.9916267395,0.0337182882707362
20890,222.655899047852,2150.91276168823,0.033652595137093
20900,222.668304443359,2146.84128761292,0.033587022643441
20910,222.680694580078,2142.77720451355,0.0335215753771068
20920,222.693099975586,2138.72075080872,0.0334562524485417
20930,222.705490112305,2134.67192649841,0.0333910584260075
20940,222.717895507813,2130.6300163269,0.0333259775205664
20950,222.730285644531,2126.59573554993,0.0332610254709375
20960,222.742691040039,2122.56860733032,0.0331961902365597
20970,222.755081176758,2118.54887008667,0.0331314800788427
20980,222.767486572266,2114.53628540039,0.0330668867053238
20990,222.779876708984,2110.53085327148,0.0330024146306126
21000,222.792282104492,2106.53281211853,0.032938063037393
21010,222.804672241211,2102.54216194153,0.0328738364214937
21020,222.817077636719,2098.55818748474,0.032809719072567
21030,222.829467773438,2094.58208084106,0.0327457341068523
21040,222.841873168945,2090.61241149902,0.0326818546507165
21050,222.854263305664,2086.65013313293,0.032618100074016
21060,222.866668701172,2082.69476890564,0.0325544584316705
21070,222.879058837891,2078.74655723572,0.0324909378931913
21080,222.891464233398,2074.80525970459,0.0324275302591736
21090,222.903854370117,2070.87135314941,0.0323642474069138
21100,222.916259765625,2066.94412231445,0.032301073702915
21110,222.928649902344,2063.02356719971,0.0322380135551158
21120,222.941040039063,2059.11016464233,0.032175072180394
21130,222.95344543457,2055.20343780518,0.0321122399106989
21140,222.965835571289,2051.30386352539,0.0320495285774653
21150,222.978240966797,2047.41168022156,0.0319869374946547
21160,222.990631103516,2043.52593421936,0.0319244561255669
21170,223.003036499023,2039.64734077454,0.0318620912520947
21180,223.015426635742,2035.77566146851,0.0317998434948914
21190,223.02783203125,2031.91113471985,0.0317377122029053
21200,223.040222167969,2028.05352210999,0.0316756979796918
21210,223.052612304688,2024.20282363892,0.031613798630349
21220,223.065017700195,2020.35903930664,0.0315520119774157
21230,223.077407836914,2016.52240753174,0.0314903460459145
21240,223.089813232422,2012.69268989563,0.0314287927807974
21250,223.102203369141,2008.86988639832,0.0313673564665595
21260,223.114593505859,2005.05399703979,0.0313060349300948
21270,223.126998901367,2001.24502182007,0.0312448260155701
21280,223.139389038086,1997.44296073914,0.0311837339815901
21290,223.151794433594,1993.647813797,0.0311227545398978
21300,223.164184570313,1989.85958099365,0.0310618919319208
21310,223.17658996582,1986.0782623291,0.0310011418865626
21320,223.188980102539,1982.30373859406,0.0309405067674791
21330,223.201370239258,1978.53624820709,0.0308799881531529
21340,223.213775634766,1974.77555274963,0.0308195801964615
21350,223.226165771484,1971.02165222168,0.0307592870964907
21360,223.238555908203,1967.27466583252,0.0306991085836571
21370,223.250961303711,1963.53459358215,0.0306390425447606
21380,223.26335144043,1959.801197052,0.0305790894331013
21390,223.275756835938,1956.07471466064,0.030519248766059
21400,223.288146972656,1952.35502719879,0.0304595228403353
21410,223.300537109375,1948.64225387573,0.0303999114070022
21420,223.312942504883,1944.93615627289,0.03034040865461
21430,223.325332641602,1941.23685359955,0.0302810205746935
21440,223.33772277832,1937.54434585571,0.030221745071197
21450,223.350128173828,1933.85875225067,0.030162581924063
21460,223.362518310547,1930.17971515656,0.0301035296620347
21470,223.374908447266,1926.50759220123,0.030044591779544
21480,223.387313842773,1922.84214496613,0.0299857624913195
21490,223.399703979492,1919.18349266052,0.029927047738423
21500,223.412094116211,1915.53139686584,0.0298684417321813
21510,223.424499511719,1911.88621520996,0.0298099479947305
21520,223.436889648438,1908.24770927429,0.0297515668657055
21530,223.449279785156,1904.61587905884,0.0296932962867333
21540,223.461685180664,1900.9907245636,0.0296351342158286
21550,223.474075317383,1897.37224578857,0.0295770846858756
21560,223.486465454102,1893.76056194305,0.0295191475089978
21570,223.498870849609,1890.15543460846,0.0294613169389537
21580,223.511260986328,1886.55698299408,0.029403598842496
21590,223.523651123047,1882.96520709991,0.0293459911858036
21600,223.536056518555,1879.38010692596,0.0292884919512509
21610,223.548446655273,1875.80168247223,0.0292311051230279
21620,223.560836791992,1872.22981452942,0.029173826821915
21630,223.573226928711,1868.66450309753,0.0291166570298689
21640,223.585632324219,1865.10586738586,0.0290595956030142
21650,223.598022460938,1861.55390739441,0.0290026464933963
21660,223.610412597656,1858.00838470459,0.0289458039811653
21670,223.622817993164,1854.46965694427,0.0288890716485263
21680,223.635208129883,1850.9373664856,0.0288324478524277
21690,223.647598266602,1847.41163253784,0.028775932456793
21700,223.65998840332,1843.89245510101,0.028719525443607
21710,223.672393798828,1840.3799533844,0.0286632266961111
21720,223.684783935547,1836.87388896942,0.0286070363976311
21730,223.697174072266,1833.37438106537,0.0285509544275702
21740,223.709564208984,1829.88142967224,0.028494980767929
21750,223.721969604492,1826.39491558075,0.0284391116048153
21760,223.734359741211,1822.91495800018,0.0283833526599189
21770,223.74674987793,1819.44143772125,0.0283277001156432
21780,223.759140014648,1815.97447395325,0.0282721558102332
21790,223.771545410156,1812.51406669617,0.0282167178016357
21800,223.783935546875,1809.05997753143,0.028161386212473
21810,223.796325683594,1805.61244487762,0.0281061628086529
21820,223.808715820313,1802.17134952545,0.0280510457166988
21830,223.82112121582,1798.73669147491,0.0279960330103525
21840,223.833511352539,1795.3085899353,0.02794113034832
21850,223.845901489258,1791.88680648804,0.0278863320897851
21860,223.858291625977,1788.47146034241,0.0278316400725103
21870,223.870697021484,1785.06243228912,0.0277770505306059
21880,223.883087158203,1781.65996074676,0.0277225709468563
21890,223.895477294922,1778.26380729675,0.0276681956966615
21900,223.907867431641,1774.87409114838,0.0276139266173887
21910,223.920257568359,1771.49069309235,0.0275597618368289
21920,223.932662963867,1768.11373233795,0.027505701317911
21930,223.945053100586,1764.7430896759,0.0274517469409006
21940,223.957443237305,1761.3787651062,0.0273978968104646
21950,223.969833374023,1758.02087783814,0.0273441527634763
21960,223.982223510742,1754.66930866241,0.0272905129282593
21970,223.99462890625,1751.32405757904,0.027236975432104
21980,224.007019042969,1747.98512458801,0.0271835439722958
21990,224.019409179688,1744.65250968933,0.027130216672383
22000,224.031799316406,1741.32609367371,0.0270769916614226
22010,224.044189453125,1738.00611495972,0.0270238726295619
22020,224.056579589844,1734.69233512878,0.0269708558523064
22030,224.068984985352,1731.3848733902,0.0269179413329724
22040,224.08137512207,1728.08361053467,0.026865130870889
22050,224.093765258789,1724.78866577148,0.0268124244654702
22060,224.106155395508,1721.50003910065,0.026759822099457
22070,224.118545532227,1718.21761131287,0.0267073219026503
22080,224.130935668945,1714.94126319885,0.0266549220052648
22090,224.143341064453,1711.67135238647,0.0266026261378832
22100,224.155731201172,1708.40764045715,0.026550434203337
22110,224.168121337891,1705.1500082016,0.0264983425174976
22120,224.180511474609,1701.8985748291,0.026446352916175
22130,224.192901611328,1698.65345954895,0.0263944672347732
22140,224.205291748047,1695.41454315186,0.0263426836038367
22150,224.217681884766,1692.18158721924,0.0262909983021985
22160,224.230072021484,1688.95506858826,0.0262394187216477
22170,224.242477416992,1685.73451042175,0.0261879356549975
22180,224.254867553711,1682.52015113831,0.0261365563571504
22190,224.26725769043,1679.31199073792,0.026085279025619
22200,224.279647827148,1676.10991001129,0.0260341017918914
22210,224.292037963867,1672.91390895843,0.025983024639379
22220,224.304428100586,1669.72410678864,0.0259320494029052
22230,224.316818237305,1666.5403842926,0.025881174214276
22240,224.329208374023,1663.36274147034,0.0258303990569139
22250,224.341598510742,1660.19105911255,0.0257797220631434
22260,224.35400390625,1657.02569484711,0.0257291470198055
22270,224.366394042969,1653.86629104614,0.0256786718603455
22280,224.378784179688,1650.71296691895,0.025628296665872
22290,224.391174316406,1647.56560325623,0.0255780195691331
22300,224.403564453125,1644.42443847656,0.0255278442550608
22310,224.415954589844,1641.28923416138,0.0254777670058199
22320,224.428344726563,1638.15999031067,0.0254277878051689
22330,224.440734863281,1635.03682613373,0.0253779084871534
22340,224.453125,1631.91974163055,0.0253281290352324
22350,224.465515136719,1628.80861759186,0.025278447582789
22360,224.477905273438,1625.70345401764,0.0252288641135958
22370,224.490295410156,1622.6042509079,0.0251793786114289
22380,224.502685546875,1619.51112747192,0.0251299929098417
22390,224.515075683594,1616.42384529114,0.0250807032929687
22400,224.527465820313,1613.34264278412,0.0250315134440415
22410,224.53987121582,1610.26728153229,0.0249824179499095
22420,224.552261352539,1607.19799995422,0.0249334238922276
22430,224.564651489258,1604.13455963135,0.0248845258548305
22440,224.577041625977,1601.07707977295,0.0248357256709868
22450,224.589431762695,1598.02544116974,0.0247870214754423
22460,224.601821899414,1594.97976303101,0.0247384151012684
22470,224.614212036133,1591.93992614746,0.0246899046834221
22480,224.626602172852,1588.90604972839,0.0246414920547779
22490,224.63899230957,1585.8781337738,0.0245931771991548
22500,224.651382446289,1582.85593986511,0.0245449564032776
22510,224.663772583008,1579.8397064209,0.0244968333484781
22520,224.676162719727,1576.82919502258,0.0244488043218959
22530,224.688552856445,1573.82464408875,0.0244008730044623
22540,224.700942993164,1570.8259344101,0.0243530375318726
22550,224.713333129883,1567.83306598663,0.024305297888273
22560,224.725723266602,1564.84603881836,0.0242576540578131
22570,224.73811340332,1561.86473369598,0.0242101041768102
22580,224.750503540039,1558.8892698288,0.0241626500774602
22590,224.762893676758,1555.9196472168,0.0241152917439232
22600,224.775283813477,1552.95586585999,0.0240680291603627
22610,224.787673950195,1549.99768733978,0.0240208586160891
22620,224.800064086914,1547.04535007477,0.0239737837905368
22630,224.812454223633,1544.09885406494,0.0239268046678795
22640,224.824844360352,1541.15796089172,0.0238799175380492
22650,224.83723449707,1538.22302818298,0.0238331279269005
22660,224.849624633789,1535.29357910156,0.0237864284306353
22670,224.862014770508,1532.37009048462,0.0237398264216273
22680,224.874404907227,1529.45220470428,0.0236933163436153
22690,224.886779785156,1526.54004096985,0.0236469016324838
22700,224.899169921875,1523.63359928131,0.0236005790605741
22710,224.911560058594,1520.73287963867,0.0235543502200964
22720,224.923950195313,1517.83776283264,0.0235082132492518
22730,224.936340332031,1514.94836807251,0.0234621699790663
22740,224.94873046875,1512.06469535828,0.0234162203940567
22750,224.961120605469,1509.18650627136,0.0233703607867359
22760,224.973510742188,1506.31403923035,0.0233245948340419
22770,224.985900878906,1503.44729423523,0.0232789225205018
22780,224.998291015625,1500.58627128601,0.0232333438306462
22790,225.010681152344,1497.73061275482,0.0231878532122172
22800,225.023071289063,1494.88079547882,0.0231424580326492
22810,225.035461425781,1492.03646183014,0.0230971527399961
22820,225.0478515625,1489.19773101807,0.023051939164704
22830,225.060241699219,1486.3646030426,0.0230068172916249
22840,225.072631835938,1483.53719711304,0.0229617889507037
22850,225.085006713867,1480.71527481079,0.0229168519900807
22860,225.097396850586,1477.89883613586,0.022872003284674
22870,225.109786987305,1475.08788108826,0.0228272443763474
22880,225.122177124023,1472.28264808655,0.0227825789396407
22890,225.134567260742,1469.48289871216,0.0227380032699581
22900,225.146957397461,1466.68863296509,0.0226935173524797
22910,225.15934753418,1463.90008926392,0.0226491248611459
22920,225.171737670898,1461.11679077148,0.0226048184034258
22930,225.184127807617,1458.33921432495,0.0225606053418207
22940,225.196502685547,1455.56700229645,0.0225164816543564
22950,225.208892822266,1452.80027389526,0.0224724461161107
22960,225.221282958984,1450.03914833069,0.0224285020848926
22970,225.233673095703,1447.28338718414,0.0223846458580607
22980,225.246063232422,1444.53310966492,0.0223408792647939
22990,225.258453369141,1441.78831577301,0.0222972022903017
23000,225.270843505859,1439.04900550842,0.0222536149197966
23010,225.283218383789,1436.31505966187,0.0222101167994563
23020,225.295608520508,1433.58647823334,0.0221667049031287
23030,225.307998657227,1430.86338043213,0.0221233825668574
23040,225.320388793945,1428.14564704895,0.0220801479328076
23050,225.332778930664,1425.43339729309,0.0220370028294712
23060,225.345169067383,1422.72651195526,0.0219939453992224
23070,225.357543945313,1420.02511024475,0.021950978956641
23080,225.369934082031,1417.32883453369,0.0219080949834466
23090,225.38232421875,1414.63816165924,0.021865302325284
23100,225.394714355469,1411.95273399353,0.0218225954397359
23110,225.407104492188,1409.27267074585,0.0217799761550097
23120,225.419494628906,1406.59809112549,0.0217374462989105
23130,225.431869506836,1403.92863750458,0.0216950017987141
23140,225.444259643555,1401.26466751099,0.0216526452268491
23150,225.456649780273,1398.60582351685,0.0216103725141588
23160,225.469039916992,1395.95246315002,0.0215681891723539
23170,225.481430053711,1393.30434799194,0.0215260915032138
23180,225.493804931641,1390.6614780426,0.0214840809464078
23190,225.506195068359,1388.02397251129,0.0214421564188583
23200,225.518585205078,1385.39171218872,0.0214003175214197
23210,225.530975341797,1382.7645778656,0.0213585623986395
23220,225.543365478516,1380.1429271698,0.0213168965604264
23230,225.555740356445,1377.52652168274,0.0212753177490622
23240,225.568130493164,1374.91512298584,0.0212338193869452
23250,225.580520629883,1372.30920791626,0.0211924102664838
23260,225.592910766602,1369.70829963684,0.0211510830096382
23270,225.60530090332,1367.11275577545,0.021109843125119
23280,225.61767578125,1364.52233791351,0.0210686883421684
23290,225.630065917969,1361.93704605103,0.0210276157943453
23300,225.642456054688,1359.35711860657,0.0209866305764893
23310,225.654846191406,1356.78219795227,0.020945727153229
23320,225.667221069336,1354.21252250671,0.0209049106050603
23330,225.679611206055,1351.6480922699,0.0208641780880493
23340,225.692001342773,1349.08866882324,0.0208235273244226
23350,225.704391479492,1346.53460979462,0.0207829638204908
23360,225.716766357422,1343.98555755615,0.0207424834446356
23370,225.729156494141,1341.44163131714,0.020702085215869
23380,225.741546630859,1338.90271186829,0.0206617686858479
23390,225.753936767578,1336.36903762817,0.0206215375201625
23400,225.766311645508,1333.84037017822,0.0205813894169454
23410,225.778701782227,1331.31694793701,0.0205413252565508
23420,225.791091918945,1328.79853248596,0.020501342740311
23430,225.803466796875,1326.28512382507,0.020461443237479
23440,225.815856933594,1323.77696037292,0.0204216276444989
23450,225.828247070313,1321.27368450165,0.0203818918160498
23460,225.840637207031,1318.77541542053,0.0203422375778182
23470,225.853012084961,1316.28239154816,0.0203026699654665
23480,225.86540222168,1313.79425525665,0.0202631807030572
23490,225.877792358398,1311.3112449646,0.0202237748289068
23500,225.890167236328,1308.83312225342,0.0201844500159221
23510,225.902557373047,1306.36012554169,0.0201452071979826
23520,225.914947509766,1303.89213562012,0.0201060458893455
23530,225.927337646484,1301.42903327942,0.0200669642384915
23540,225.939712524414,1298.97093772888,0.0200279654229081
23550,225.952102661133,1296.51784896851,0.0199890467213203
23560,225.964492797852,1294.069647789,0.0199502076378121
23570,225.976867675781,1291.62645339966,0.0199114513414878
23580,225.9892578125,1289.18826580048,0.019872775127278
23590,226.001647949219,1286.75496578217,0.0198341784914706
23600,226.014022827148,1284.32655334473,0.0197956627574341
23610,226.026412963867,1281.90314769745,0.0197572270738071
23620,226.038803100586,1279.48451042175,0.01971886909193
23630,226.051177978516,1277.07099914551,0.0196805956388013
23640,226.063568115234,1274.66225624084,0.0196423985301475
23650,226.075958251953,1272.25840091705,0.019604280921224
23660,226.088333129883,1269.85955238342,0.019566245956294
23670,226.100723266602,1267.46535301209,0.0195282854681889
23680,226.11311340332,1265.07616043091,0.0194904062774177
23690,226.12548828125,1262.69173622131,0.0194526060102684
23700,226.137878417969,1260.31219959259,0.0194148838624682
23710,226.150253295898,1257.93755054474,0.0193772424436515
23720,226.162643432617,1255.56766986847,0.0193396772871237
23730,226.175033569336,1253.20267677307,0.0193021915262635
23740,226.187408447266,1250.84233283997,0.0192647827756503
23750,226.199798583984,1248.48699569702,0.0192274539287025
23760,226.212188720703,1246.13642692566,0.0191902026027006
23770,226.224563598633,1243.7903881073,0.0191530264053861
23780,226.236953735352,1241.4493560791,0.0191159300806954
23790,226.249328613281,1239.11309242249,0.0190789125254795
23800,226.26171875,1236.78147792816,0.0190419693156014
23810,226.274108886719,1234.45463180542,0.0190051035632227
23820,226.286483764648,1232.13267326355,0.0189683183698699
23830,226.298873901367,1229.81524467468,0.0189316056565856
23840,226.311248779297,1227.50282287598,0.0188949753068002
23850,226.323638916016,1225.19481182098,0.0188584155822633
23860,226.336029052734,1222.89156913757,0.0188219332520496
23870,226.348403930664,1220.59321403503,0.0187855314045252
23880,226.360794067383,1218.2993888855,0.0187492019876243
23890,226.373168945313,1216.01033210754,0.0187129511884879
23900,226.385559082031,1213.72580528259,0.01867677280042
23910,226.397933959961,1211.44604682922,0.0186406730001146
23920,226.41032409668,1209.17093753815,0.0186046474254999
23930,226.422714233398,1206.90047740936,0.0185686973230321
23940,226.435089111328,1204.63466644287,0.0185328239291938
23950,226.447479248047,1202.37350463867,0.0184970247313741
23960,226.459854125977,1200.11687278748,0.0184613003786768
23970,226.472244262695,1197.86500930786,0.0184256520360924
23980,226.484619140625,1195.61755657196,0.0183900766755562
23990,226.497009277344,1193.37487220764,0.0183545773053295
24000,226.509384155273,1191.13659858704,0.0183191508880961
24010,226.521774291992,1188.90309333801,0.0182838004413585
24020,226.534149169922,1186.6739988327,0.018248522918591
24030,226.546539306641,1184.44955348969,0.01821331951341
24040,226.558929443359,1182.22963809967,0.0181781896120882
24050,226.571304321289,1180.01437187195,0.0181431362573284
24060,226.583694458008,1177.80339717865,0.0181081514922437
24070,226.596069335938,1175.59719085693,0.0180732450774613
24080,226.608459472656,1173.39527606964,0.0180384072335058
24090,226.620834350586,1171.19812965393,0.0180036477105389
24100,226.633224487305,1169.00527477264,0.0179689567395406
24110,226.645599365234,1166.81694984436,0.0179343403956808
24120,226.657989501953,1164.63327407837,0.0178997980818727
24130,226.670364379883,1162.4538898468,0.017865326701985
24140,226.682754516602,1160.27903556824,0.0178309275008859
24150,226.695129394531,1158.10871124268,0.0177966028694555
24160,226.70751953125,1155.94267845154,0.017762346733957
24170,226.71989440918,1153.7811756134,0.017728165139739
24180,226.732284545898,1151.62420272827,0.0176940556861207
24190,226.744659423828,1149.47152137756,0.0176600170820582
24200,226.757049560547,1147.32336997986,0.017626050599686
24210,226.769424438477,1145.17951011658,0.0175921549389428
24220,226.781799316406,1143.04006099701,0.0175583307311818
24230,226.794189453125,1140.90502262115,0.0175245767856471
24240,226.806564331055,1138.77439498901,0.0174908954510942
24250,226.818954467773,1136.64817810059,0.0174572843600332
24260,226.831329345703,1134.52625274658,0.0174237440211195
24270,226.843719482422,1132.408618927,0.0173902720764695
24280,226.856094360352,1130.29551506042,0.0173568745177133
24290,226.86848449707,1128.18646430969,0.0173235416736988
24300,226.880859375,1126.08194351196,0.0172902831877871
24310,226.893249511719,1123.98183345795,0.0172570948897046
24320,226.905624389648,1121.88589572906,0.0172239754308122
24330,226.917999267578,1119.79424953461,0.0171909254672706
24340,226.930389404297,1117.70701408386,0.0171579456639957
24350,226.942764282227,1115.62395095825,0.0171250346592268
24360,226.955154418945,1113.54529857636,0.0170921937963359
24370,226.967529296875,1111.4706993103,0.0170594198751786
24380,226.979919433594,1109.40051078796,0.0170267160777006
24390,226.992294311523,1107.33461380005,0.0169940828542682
24400,227.004669189453,1105.27300834656,0.0169615190466404
24410,227.017059326172,1103.21545600891,0.0169290198470214
24420,227.029434204102,1101.16219520569,0.0168965911810185
24430,227.04182434082,1099.1131067276,0.0168642289346862
24440,227.05419921875,1097.06830978394,0.016831937194985
24450,227.066589355469,1095.02768516541,0.0167997118571213
24460,227.078964233398,1092.9913520813,0.0167675569989329
24470,227.091339111328,1090.95907211304,0.0167354678205462
24480,227.103729248047,1088.9310836792,0.0167034468461185
24490,227.116104125977,1086.90714836121,0.0166714926541129
24500,227.128479003906,1084.88738536835,0.0166396059376914
24510,227.140869140625,1082.87191390991,0.0166077873984424
24520,227.153244018555,1080.86037635803,0.0165760337740112
24530,227.165618896484,1078.85301113129,0.0165443475922805
24540,227.178009033203,1076.84993743896,0.0165127295611139
24550,227.190383911133,1074.8507976532,0.0164811764059125
24560,227.202774047852,1072.85583019257,0.0164496895557989
24570,227.215148925781,1070.86491584778,0.016418269383739
24580,227.227523803711,1068.87817382813,0.0163869165996859
24590,227.23991394043,1066.89548492432,0.0163556282668845
24600,227.252288818359,1064.91684913635,0.0163244065732903
24610,227.264663696289,1062.94238567352,0.0162932522350755
24620,227.277053833008,1060.97173690796,0.0162621586678587
24630,227.289428710938,1059.00537967682,0.0162311353556512
24640,227.301818847656,1057.04307556152,0.0162001764517034
24650,227.314193725586,1055.08458614349,0.0161692804687004
24660,227.326568603516,1053.13014984131,0.0161384499604783
24670,227.338943481445,1051.17988586426,0.0161076867430409
24680,227.351333618164,1049.23355579376,0.016076986073193
24690,227.363708496094,1047.29115962982,0.0160463501006889
24700,227.376083374023,1045.35281658173,0.0160157795604056
24710,227.388473510742,1043.41852664948,0.0159852733689765
24720,227.400848388672,1041.48805141449,0.0159548300107925
24730,227.413223266602,1039.56151008606,0.0159244502270816
24740,227.42561340332,1037.63902187347,0.0158941347670719
24750,227.43798828125,1035.72058677673,0.0158638857549648
24760,227.45036315918,1033.80596637726,0.0158336984600013
24770,227.462753295898,1031.89516067505,0.015803571811964
24780,227.475128173828,1029.98840808868,0.0157735115743497
24790,227.487503051758,1028.08558940887,0.0157435148487679
24800,227.499877929688,1026.18670463562,0.0157135816248544
24810,227.512268066406,1024.29151535034,0.0156837071897639
24820,227.524642944336,1022.40037918091,0.0156538991151531
24830,227.537017822266,1020.51305770874,0.0156241526862199
24840,227.549407958984,1018.62955093384,0.0155944668471878
24850,227.561782836914,1016.75009727478,0.0155648473312966
24860,227.574157714844,1014.87421989441,0.0155352857809002
24870,227.586532592773,1013.00239562988,0.0155057894853773
24880,227.598922729492,1011.13438606262,0.0154763537472925
24890,227.611297607422,1009.27019119263,0.0154469806337703
24900,227.623672485352,1007.40969181061,0.0154176672707529
24910,227.636047363281,1005.55312633514,0.0153884172971192
24920,227.6484375,1003.70025634766,0.0153592260246104
24930,227.66081237793,1001.85132026672,0.0153300991527135
24940,227.673187255859,1000.00607967377,0.0153010319915586
24950,227.685562133789,998.164653778076,0.0152720263553246
24960,227.697952270508,996.326804161072,0.0152430775648597
24970,227.710327148438,994.492888450623,0.0152141931268486
24980,227.722702026367,992.662668228149,0.0151853683602475
24990,227.735076904297,990.836262702942,0.0151566050788475
25000,227.747467041016,989.01355266571,0.0151279004356567
25010,227.759841918945,987.194418907166,0.0150992546267059
25020,227.772216796875,985.379219055176,0.0150706720967061
25030,227.784591674805,983.567595481873,0.0150421473659779
25040,227.796966552734,981.759786605835,0.0150136840711476
25050,227.809356689453,979.955554008484,0.0149852775526339
25060,227.821731567383,978.154897689819,0.0149569298104178
25070,227.834106445313,976.35817527771,0.0149286452975841
25080,227.846481323242,974.564909934998,0.0149004167133234
25090,227.858856201172,972.775340080261,0.0148722476935788
25100,227.871246337891,970.989465713501,0.0148441372346482
25110,227.88362121582,969.207286834717,0.0148160873167577
25120,227.89599609375,967.42856502533,0.0147880932898114
25130,227.90837097168,965.653419494629,0.0147601569668367
25140,227.920745849609,963.882088661194,0.0147322819825005
25150,227.933135986328,962.114214897156,0.0147044618766327
25160,227.945510864258,960.350036621094,0.0146767022544722
25170,227.957885742188,958.589315414429,0.0146489984765638
25180,227.970260620117,956.832408905029,0.0146213559987248
25190,227.982635498047,955.078959465027,0.0145937693463583
25200,227.995010375977,953.328967094421,0.0145662385103741
25210,228.007385253906,951.582551002503,0.0145387653030248
25220,228.019775390625,949.83971118927,0.0145113487438467
25230,228.032150268555,948.100447654724,0.0144839907675042
25240,228.044525146484,946.364521980286,0.0144566867495626
25250,228.056900024414,944.632291793823,0.0144294421440735
25260,228.069274902344,942.903518676758,0.0144022532996733
25270,228.081649780273,941.178321838379,0.0143751220280332
25280,228.094024658203,939.456462860107,0.0143480446784853
25290,228.106414794922,937.738299369812,0.014321025745923
25300,228.118789672852,936.023354530334,0.0142940598566955
25310,228.131164550781,934.311985969543,0.014267151503544
25320,228.143539428711,932.604074478149,0.0142402988568526
25330,228.155914306641,930.899620056152,0.0142135019075567
25340,228.16828918457,929.198741912842,0.0141867624666502
25350,228.1806640625,927.501082420349,0.0141600750649042
25360,228.19303894043,925.806999206543,0.0141334451534288
25370,228.205429077148,924.116253852844,0.0141068681401058
25380,228.217803955078,922.428727149963,0.0140803440848308
25390,228.230178833008,920.744895935058,0.0140538793123199
25400,228.242553710938,919.064283370972,0.0140274665350748
25410,228.254928588867,917.387008666992,0.0140011075640039
25420,228.267303466797,915.71319103241,0.0139748042096231
25430,228.279678344727,914.042711257934,0.0139485546437195
25440,228.292053222656,912.375688552856,0.0139223606766155
25450,228.304428100586,910.711884498596,0.0138962186613285
25460,228.316802978516,909.051537513733,0.0138701322271555
25470,228.329177856445,907.394409179688,0.0138440977275122
25480,228.341552734375,905.74061870575,0.0138181169726298
25490,228.353942871094,904.090166091919,0.0137921890321661
25500,228.366317749023,902.443051338196,0.0137663157423738
25510,228.378692626953,900.79915523529,0.0137404943527524
25520,228.391067504883,899.158596992493,0.0137147266731465
25530,228.403442382813,897.521138191223,0.0136890090584614
25540,228.415817260742,895.887136459351,0.0136633469548114
25550,228.428192138672,894.256353378296,0.0136377367172041
25560,228.440567016602,892.628908157349,0.0136121801550975
25570,228.452941894531,891.00456237793,0.0135866736241924
25580,228.465316772461,889.383435249329,0.0135612189340487
25590,228.477691650391,887.765526771545,0.013535816076243
25600,228.49006652832,886.15095615387,0.0135104668598468
25610,228.50244140625,884.539484977722,0.0134851676413557
25620,228.51481628418,882.931232452393,0.0134599202299433
25630,228.527191162109,881.326317787171,0.0134347264343911
25640,228.539566040039,879.724502563476,0.0134095826117909
25650,228.551940917969,878.125786781311,0.0133844887540255
25660,228.564315795898,876.530289649963,0.0133594466698818
25670,228.576690673828,874.937891960144,0.0133344545341467
25680,228.589065551758,873.348593711853,0.0133095123387083
25690,228.601440429688,871.76251411438,0.0132846218920638
25700,228.613815307617,870.179653167725,0.0132597831858097
25710,228.626190185547,868.599772453308,0.0132349925787226
25720,228.638565063477,867.02299118042,0.013210251879305
25730,228.65266418457,865.44942855835,0.0131854634648709
25740,228.687316894531,863.878965377808,0.0131595424871555
25750,228.721954345703,862.311601638794,0.0131336774468944
25760,228.756607055664,860.747218132019,0.0131078647494546
25770,228.791259765625,859.185934066772,0.013082107063803
25780,228.825912475586,857.627749443054,0.013056404364947
25790,228.860549926758,856.072545051575,0.0130307556821565
25800,228.895202636719,854.520320892334,0.0130051592518601
25810,228.92985534668,852.971315383911,0.0129796195485768
25820,228.964492797852,851.425290107727,0.0129541337823939
25830,228.999145507813,849.882245063782,0.0129287002007979
25840,229.033798217773,848.342180252075,0.0129033196448364
25850,229.068435668945,846.805214881897,0.0128779947611821
25860,229.103088378906,845.271110534668,0.0128527201822226
25870,229.137741088867,843.739867210388,0.0128274967443957
25880,229.172378540039,842.211842536926,0.0128023307131543
25890,229.20703125,840.686798095703,0.0127772167326183
25900,229.241683959961,839.164614677429,0.0127521538214736
25910,229.276321411133,837.645530700683,0.0127271464261012
25920,229.310974121094,836.129188537598,0.0127021873929359
25930,229.345611572266,834.61582660675,0.0126772820133493
25940,229.380264282227,833.105444908142,0.0126524285747403
25950,229.414916992188,831.597924232483,0.0126276260882509
25960,229.449554443359,830.093264579773,0.0126028753689088
25970,229.48420715332,828.591704368591,0.012578178334887
25980,229.518844604492,827.092885971069,0.0125535312079152
25990,229.553497314453,825.597047805786,0.0125289359129967
26000,229.588134765625,824.103951454163,0.0125043904760882
26010,229.622787475586,822.613716125488,0.0124798950196448
26020,229.657424926758,821.126341819763,0.0124554511810426
26030,229.692077636719,819.641947746277,0.0124310590884124
26040,229.72673034668,818.16029548645,0.0124067159318524
26050,229.761367797852,816.681504249573,0.0123824243189924
26060,229.796020507813,815.205454826355,0.0123581807733188
26070,229.830657958984,813.732385635376,0.0123339905294438
26080,229.865295410156,812.261819839477,0.0123098455148314
26090,229.899948120117,810.794234275818,0.012285752119004
26100,229.934585571289,809.329509735107,0.0122617101447547
26110,229.96923828125,807.867527008057,0.0122377161342797
26120,230.003875732422,806.408166885376,0.0122137698857028
26130,230.038528442383,804.951667785645,0.0121898733660581
26140,230.073165893555,803.498029708862,0.0121660281713675
26150,230.107803344727,802.04701423645,0.0121422298591097
26160,230.142456054688,800.598740577698,0.0121184794090872
26170,230.177093505859,799.153208732605,0.0120947784079688
26180,230.21174621582,797.710537910462,0.0120711270324363
26190,230.246383666992,796.270370483398,0.012047521450715
26200,230.281021118164,794.832944869995,0.0120239644474372
26210,230.315673828125,793.398261070252,0.0120004552056357
26220,230.350311279297,791.966199874878,0.0119769934923642
26230,230.384948730469,790.536761283875,0.0119535784898177
26240,230.41960144043,789.110064506531,0.011930211189165
26250,230.454238891602,787.686109542847,0.0119068931502827
26260,230.488876342773,786.264777183533,0.0118836217578814
26270,230.523529052734,784.845948219299,0.0118603944044113
26280,230.558166503906,783.429980278015,0.0118372180450169
26290,230.592803955078,782.016396522522,0.0118140846666774
26300,230.627456665039,780.605554580688,0.0117909988718574
26310,230.662094116211,779.197335243225,0.0117679604002656
26320,230.696731567383,777.791738510132,0.0117449684491766
26330,230.731369018555,776.388645172119,0.0117220211978015
26340,230.766021728516,774.988174438477,0.011699119652007
26350,230.800659179688,773.590207099915,0.0116762635403426
26360,230.835296630859,772.194743156433,0.0116534520675011
26370,230.869934082031,770.802021026611,0.0116306888109066
26380,230.904571533203,769.41180229187,0.0116079701518846
26390,230.939224243164,768.024086952209,0.0115852953048958
26400,230.973861694336,766.638875007629,0.01156266578244
26410,231.008499145508,765.25616645813,0.0115400807973886
26420,231.04313659668,763.876080513,0.0115175421271202
26430,231.077774047852,762.498378753662,0.0114950461565278
26440,231.112411499023,761.123180389404,0.0114725946632836
26450,231.147064208984,759.750604629517,0.0114501886681287
26460,231.181701660156,758.38041305542,0.0114278260709281
26470,231.216339111328,757.012724876404,0.0114055078911238
26480,231.2509765625,755.647420883179,0.0113832323129628
26490,231.285614013672,754.284620285034,0.01136100111283
26500,231.320251464844,752.924203872681,0.0113388124755342
26510,231.354888916016,751.566290855408,0.0113166681769455
26520,231.389526367188,750.210881233215,0.0112945681971525
26530,231.424163818359,748.857736587524,0.0112725089273554
26540,231.458801269531,747.506976127625,0.011250492143459
26550,231.493453979492,746.158719062805,0.0112285188801826
26560,231.528091430664,744.812846183777,0.0112065888058186
26570,231.562728881836,743.46935749054,0.0111847011596369
26580,231.597366333008,742.128252983093,0.0111628559226009
26590,231.63200378418,740.789532661438,0.0111410530756855
26600,231.666641235352,739.453196525574,0.0111192925998769
26610,231.701278686523,738.119006156921,0.011097570891565
26620,231.735916137695,736.787438392639,0.01107589510151
26630,231.770553588867,735.458016395569,0.0110542580420522
26640,231.805191040039,734.13097858429,0.0110326632788305
26650,231.839828491211,732.806205749512,0.0110111090016546
26660,231.874465942383,731.483817100525,0.0109895969833464
26670,231.909088134766,730.16369342804,0.0109681261359364
26680,231.943725585938,728.845715522766,0.0109466932060282
26690,231.978363037109,727.530121803284,0.0109253024798235
26700,232.013000488281,726.216912269592,0.0109039539384203
26710,232.047637939453,724.905848503113,0.0108826439836708
26720,232.082275390625,723.597049713135,0.0108613743876596
26730,232.116912841797,722.290515899658,0.0108401451323195
26740,232.151550292969,720.986366271973,0.0108189579884211
26750,232.186187744141,719.684243202209,0.0107978075714359
26760,232.220825195313,718.384385108948,0.0107766974415174
26770,232.255447387695,717.086791992188,0.0107556282872676
26780,232.290084838867,715.791344642639,0.0107345968881719
26790,232.324722290039,714.498043060303,0.0107136039351431
26800,232.359359741211,713.207006454468,0.0106926511982159
26810,232.393997192383,711.918234825134,0.0106717386594079
26820,232.428634643555,710.631489753723,0.0106508627273576
26830,232.463256835938,709.347009658813,0.0106300276563097
26840,232.497894287109,708.064556121826,0.0106092284590184
26850,232.532531738281,706.784248352051,0.0105884676042593
26860,232.567169189453,705.506205558777,0.0105677468605315
26870,232.601806640625,704.230189323425,0.010547062639186
26880,232.636428833008,702.956438064575,0.0105264191845427
26890,232.67106628418,701.684713363647,0.0105058115267119
26900,232.705703735352,700.415015220642,0.0104852403412923
26910,232.740341186523,699.147462844849,0.010464707396302
26920,232.774963378906,697.881937026978,0.0104442115752692
26930,232.809600830078,696.618556976318,0.0104237532749869
26940,232.84423828125,695.357203483582,0.0104033313809796
26950,232.878860473633,694.097876548767,0.0103829465573185
26960,232.913497924805,692.840695381165,0.010362599208678
26970,232.948135375977,691.585421562195,0.0103422864343693
26980,232.982757568359,690.332412719727,0.0103220142423303
26990,233.017395019531,689.081430435181,0.0103017776969346
27000,233.052032470703,687.832713127136,0.0102815810232681
27010,233.086654663086,686.586141586304,0.0102614230936585
27020,233.121292114258,685.341835021973,0.010241304327597
27030,233.15592956543,684.099733829498,0.0102212244899421
27040,233.190551757813,682.859838008881,0.0102011842308598
27050,233.225189208984,681.62214756012,0.0101811821965797
27060,233.259811401367,680.386662483215,0.0101612197033998
27070,233.294448852539,679.153323173523,0.010141294513169
27080,233.329086303711,677.922248840332,0.0101214090548832
27090,233.363708496094,676.693320274353,0.0101015621918184
27100,233.398345947266,675.466597080231,0.010081753474321
27110,233.432968139648,674.242079257965,0.0100619842047362
27120,233.46760559082,673.019766807556,0.0100422530489708
27130,233.502227783203,671.799600124359,0.0100225604145901
27140,233.536865234375,670.581638813019,0.0100029058625736
27150,233.571487426758,669.36582326889,0.00998328979523398
27160,233.60612487793,668.152213096619,0.00996371177883242
27170,233.640747070313,666.940748691559,0.00994417221045178
27180,233.675384521484,665.731489658356,0.0099246706616118
27190,233.710006713867,664.524376392365,0.00990520752418869
27200,233.744644165039,663.319408893585,0.00988578148661973
27210,233.779266357422,662.116646766663,0.00986639471236485
27220,233.813903808594,660.915970802307,0.00984704411883263
27230,233.848526000977,659.717500209808,0.00982773275211361
27240,233.883163452148,658.521175384521,0.00980845842338684
27250,233.917785644531,657.327055931091,0.00978922328476087
27260,233.952423095703,656.135022640228,0.00977002426557839
27270,233.987045288086,654.945135116577,0.00975086351270109
27280,234.021667480469,653.757452964783,0.00973174125812998
27290,234.056304931641,652.571856975555,0.00971265507731524
27300,234.090927124023,651.38840675354,0.00969360710869976
27310,234.125564575195,650.207102298737,0.00967459607055168
27320,234.160186767578,649.0278840065,0.00965562232185334
27330,234.194808959961,647.85087108612,0.00963668698770767
27340,234.229446411133,646.675944328308,0.00961778765157429
27350,234.264068603516,645.503103733063,0.00959892555163039
27360,234.298690795898,644.332468509674,0.0095801018162106
27370,234.33332824707,643.163919448853,0.00956131403354533
27380,234.367950439453,641.997456550598,0.00954256343392218
27390,234.402572631836,640.833139419556,0.00952385026305826
27400,234.437210083008,639.67090845108,0.00950517300001499
27410,234.471832275391,638.510823249817,0.00948653375280349
27420,234.506454467773,637.352824211121,0.00946793099945905
27430,234.541076660156,636.196911334991,0.00944936472382037
27440,234.575714111328,635.043144226074,0.00943083518144506
27450,234.610336303711,633.891463279724,0.00941234269897484
27460,234.644958496094,632.741868495941,0.00939388664551975
27470,234.679580688477,631.594359874725,0.00937546700495671
27480,234.714218139648,630.448937416077,0.00935708315286742
27490,234.748840332031,629.305601119995,0.00933873629103956
27500,234.783462524414,628.164350986481,0.00932042579378882
27510,234.818084716797,627.025187015533,0.00930215164503015
27520,234.852722167969,625.888109207153,0.00928391322549595
27530,234.887344360352,624.75311756134,0.00926571172677544
27540,234.921966552734,623.620212078094,0.00924754652834596
27550,234.956588745117,622.489333152771,0.00922941673042453
27560,234.9912109375,621.360540390015,0.00921132320096965
27570,235.025833129883,620.233833789825,0.00919326592395295
27580,235.060455322266,619.109153747559,0.0091752440000102
27590,235.095092773438,617.986559867859,0.0091572577023878
27600,235.12971496582,616.866052150726,0.00913930820503711
27610,235.164337158203,615.747570991516,0.00912139401340762
27620,235.198959350586,614.631175994873,0.00910351599473302
27630,235.233581542969,613.516807556152,0.00908567325034611
27640,235.268203735352,612.404465675354,0.00906786576467392
27650,235.302825927734,611.294150352478,0.00905009352215268
27660,235.337448120117,610.185921192169,0.00903235738953337
27670,235.3720703125,609.079718589783,0.00901465646870534
27680,235.406692504883,607.975602149963,0.00899699162617846
27690,235.441314697266,606.873452663422,0.0089793610822038
27700,235.475952148438,605.773329734802,0.00896176512271882
27710,235.51057434082,604.67529296875,0.00894420577653566
27720,235.545196533203,603.57928276062,0.00892668156429225
27730,235.579818725586,602.485239505768,0.00890919158910028
27740,235.614440917969,601.393222808838,0.00889173671713527
27750,235.649063110352,600.303292274475,0.0088743178140637
27760,235.683685302734,599.21532869339,0.00885693310201512
27770,235.718292236328,598.129391670227,0.0088395840190178
27780,235.752914428711,597.045481204987,0.00882226940399365
27790,235.787536621094,595.963537693024,0.00880498893430668
27800,235.822158813477,594.883620738983,0.00878774347540985
27810,235.856781005859,593.805730342865,0.00877053301188513
27820,235.891403198242,592.729806900024,0.00875335664808988
27830,235.926025390625,591.655850410461,0.00873621436901168
27840,235.960647583008,590.583980083466,0.00871910791959756
27850,235.995269775391,589.514017105103,0.00870203464453943
27860,236.029891967773,588.446080684662,0.00868499628867303
27870,236.064514160156,587.380170822144,0.00866799283663417
27880,236.099136352539,586.316168308258,0.00865102251414939
27890,236.133743286133,585.254192352295,0.00863408762323498
27900,236.168365478516,584.194183349609,0.00861718615232174
27910,236.202987670898,583.136200904846,0.00860031952464507
27920,236.237609863281,582.080125808716,0.00858348596699814
27930,236.272232055664,581.026017665863,0.00856668634365805
27940,236.306854248047,579.973936080933,0.00854992151839536
27950,236.341461181641,578.923761844635,0.0085331902697262
27960,236.376083374023,577.87561416626,0.00851649323698988
27970,236.410705566406,576.829373836517,0.00849982920039589
27980,236.445327758789,575.785100460052,0.00848319902362105
27990,236.479949951172,574.742794036865,0.00846660269179347
28000,236.514556884766,573.702454566956,0.00845004073520618
28010,236.549179077148,572.664022445679,0.00843351116976034
28020,236.583801269531,571.627557277679,0.00841701540495775
28030,236.618423461914,570.593059062958,0.0084005534259612
28040,236.653030395508,569.560527801514,0.00838412575852936
28050,236.687652587891,568.529844284058,0.00836772955098716
28060,236.722274780273,567.501187324524,0.00835136796245129
28070,236.756896972656,566.474437713623,0.00833503922370252
28080,236.79150390625,565.449595451355,0.00831874385638943
28090,236.826126098633,564.42666053772,0.00830248077286924
28100,236.860748291016,563.405692577362,0.00828625137256734
28110,236.895355224609,562.386631965637,0.00827005529689892
28120,236.929977416992,561.36953830719,0.00825389234137129
28130,236.964599609375,560.354351997375,0.00823776214879413
28140,236.999206542969,559.341013431549,0.0082216643580275
28150,237.033828735352,558.329641819,0.00820559964730038
28160,237.068450927734,557.320177555084,0.00818956765647551
28170,237.103057861328,556.312620639801,0.00817356889723016
28180,237.137680053711,555.306971073151,0.00815760230211361
28190,237.172286987305,554.303169250488,0.00814166803225157
28200,237.206909179688,553.301334381104,0.00812576677571397
28210,237.241516113281,552.301406860352,0.00810989868910848
28220,237.276138305664,551.303327083588,0.00809406183873503
28230,237.310760498047,550.307154655457,0.00807825760836782
28240,237.345367431641,549.312889575958,0.00806248650206406
28250,237.379989624023,548.320472240448,0.00804674659309128
28260,237.414596557617,547.329962253571,0.00803103977774203
28270,237.44921875,546.341300010681,0.00801536413390463
28280,237.483825683594,545.354604721069,0.00799972242762455
28290,237.518447875977,544.369697570801,0.00798411099260161
28300,237.55305480957,543.386697769165,0.00796853259044959
28310,237.587677001953,542.405605316162,0.0079529861821898
28320,237.622283935547,541.426301002502,0.00793747102858973
28330,237.65690612793,540.448904037476,0.00792198784313222
28340,237.691513061523,539.473414421082,0.00790653762996204
28350,237.726135253906,538.499712944031,0.00789111761181855
28360,237.7607421875,537.527859210968,0.00787572966267512
28370,237.795364379883,536.557912826538,0.00786037362998944
28380,237.829971313477,535.589814186096,0.00784504963637117
28390,237.86457824707,534.623563289642,0.00782975716261557
28400,237.899200439453,533.659160137177,0.00781449569374753
28410,237.933807373047,532.696604728699,0.0077992662195084
28420,237.96842956543,531.735837459564,0.00778406685221361
28430,238.003036499023,530.776977539063,0.0077689003226506
28440,238.037643432617,529.819905757904,0.00775376437195104
28450,238.072265625,528.864681720734,0.00773865936295543
28460,238.106872558594,527.911305427551,0.00772358627498353
28470,238.141494750977,526.959776878357,0.00770854410337973
28480,238.17610168457,526.010036468506,0.00769353295153744
28490,238.210708618164,525.062084197998,0.00767855231119627
28500,238.245330810547,524.116039276123,0.00766360342130633
28510,238.279937744141,523.171722888947,0.00764868463627054
28520,238.314544677734,522.229313850403,0.00763379806518268
28530,238.349151611328,521.288633346558,0.00761894108053972
28540,238.383773803711,520.3498005867,0.00760411492478292
28550,238.418380737305,519.412755966187,0.00758931968785796
28560,238.452987670898,518.477559089661,0.00757455573953885
28570,238.487609863281,517.544150352478,0.00755982171186478
28580,238.522216796875,516.612529754639,0.00754511855998968
28590,238.556823730469,515.682697296143,0.00753044578598564
28600,238.591430664063,514.75465297699,0.00751580337663403
28610,238.626052856445,513.82839679718,0.00750119083906503
28620,238.660659790039,512.903928756714,0.00748660912039484
28630,238.695266723633,511.981308460236,0.00747205859665877
28640,238.729873657227,511.060416698456,0.00745753751475498
28650,238.76448059082,510.141313076019,0.00744304673152313
28660,238.799102783203,509.223997592926,0.00742858575911856
28670,238.833709716797,508.308470249176,0.00741415553471077
28680,238.868316650391,507.394671440125,0.00739975470021379
28690,238.902923583984,506.482660770416,0.00738538411199328
28700,238.937530517578,505.572438240051,0.00737104375690693
28710,238.972137451172,504.663944244385,0.00735673275293403
28720,239.006744384766,503.757238388062,0.00734245195608512
28730,239.041366577148,502.852320671082,0.00732820088545762
28740,239.075973510742,501.9491314888,0.00731397959597214
28750,239.110580444336,501.047670841217,0.00729978760614087
28760,239.14518737793,500.147998332977,0.00728562577150115
28770,239.179794311523,499.250054359436,0.00727149321083185
28780,239.214401245117,498.353838920593,0.00725738991142787
28790,239.249008178711,497.459411621094,0.00724331672847193
28800,239.283615112305,496.566712856293,0.00722927278114208
28810,239.318222045898,495.67574262619,0.00721525805675535
28820,239.352828979492,494.786500930786,0.0072012725426361
28830,239.387435913086,493.898987770081,0.00718731622611602
28840,239.42204284668,493.013232946396,0.00717338952816077
28850,239.456649780273,492.12920665741,0.00715949200236471
28860,239.491256713867,491.2468791008,0.00714562320258024
28870,239.525863647461,490.366280078888,0.00713178354979494
28880,239.560470581055,489.487409591675,0.00711797303137709
28890,239.595077514648,488.61026763916,0.00710419163470223
28900,239.629684448242,487.734794616699,0.00709043848065146
28910,239.664291381836,486.861079931259,0.00707671485655526
28920,239.69889831543,485.989063978195,0.00706301988337174
28930,239.733505249023,485.118746757507,0.00704935354869312
28940,239.768112182617,484.250128269196,0.00703571584011879
28950,239.802719116211,483.383238315582,0.00702210717819355
28960,239.837326049805,482.518017292023,0.00700852668459211
28970,239.871932983398,481.654524803162,0.00699497521274939
28980,239.906539916992,480.792701244354,0.00698145188460426
28990,239.941146850586,479.932546615601,0.00696795668797914
29000,239.97575378418,479.074120521545,0.00695449047595568
29010,240.010345458984,478.217363357544,0.00694105281214984
29020,240.044952392578,477.362275123596,0.00692764280092676
29030,240.079559326172,476.508885622025,0.00691426130477537
29040,240.114166259766,475.657165050507,0.00690090787898959
29050,240.148773193359,474.807143211365,0.00688758294374847
29060,240.183380126953,473.958760499954,0.00687428562223257
29070,240.217987060547,473.112046718597,0.00686101633469725
29080,240.252578735352,472.267031669617,0.00684777593606784
29090,240.287185668945,471.423655748367,0.00683456267919356
29100,240.321792602539,470.581948757172,0.00682137741997971
29110,240.356399536133,469.741880893707,0.00680821971439187
29120,240.390991210938,468.903541564941,0.00679509127748401
29130,240.425598144531,468.06675195694,0.00678198864237507
29140,240.460205078125,467.231690883636,0.0067689148204784
29150,240.494812011719,466.398239135742,0.00675586807258598
29160,240.529418945313,465.566456317902,0.00674284925027223
29170,240.564010620117,464.736312627792,0.00672985833678677
29180,240.598617553711,463.907778263092,0.00671689403414181
29190,240.633224487305,463.080942630768,0.00670395805275899
29200,240.667816162109,462.25568652153,0.00669104907911785
29210,240.702423095703,461.432099342346,0.00667816754638468
29220,240.737030029297,460.610091686249,0.00666531257387247
29230,240.771621704102,459.789752960205,0.00665248586531469
29240,240.806228637695,458.97102355957,0.00663968570237132
29250,240.840835571289,458.153963088989,0.00662691335803312
29260,240.875427246094,457.338452339172,0.00661416751525817
29270,240.910034179688,456.524610519409,0.0066014490477553
29280,240.944641113281,455.712348222733,0.00658875707074546
29290,240.979232788086,454.901695251465,0.00657609242003802
29300,241.01383972168,454.092681407929,0.00656345468114847
29310,241.048446655273,453.285247087479,0.00655084339816388
29320,241.083038330078,452.479422092438,0.0065382594041541
29330,241.117645263672,451.675206422806,0.00652570185904537
29340,241.152236938477,450.872600078583,0.00651317157806998
29350,241.18684387207,450.071573257446,0.00650066729412995
29360,241.221435546875,449.272125959396,0.00648818981924759
29370,241.256042480469,448.474287986755,0.00647573875070805
29380,241.290649414063,447.678029537201,0.00646331405797145
29390,241.325241088867,446.883380413055,0.00645091656778338
29400,241.359848022461,446.090281009674,0.00643854459171535
29410,241.394439697266,445.298731327057,0.00642619893355327
29420,241.429046630859,444.508850574493,0.00641388048899196
29430,241.463638305664,443.720459938049,0.0064015874779742
29440,241.498245239258,442.933678627014,0.00638932079943173
29450,241.532836914063,442.148447036743,0.00637708039043796
29460,241.567443847656,441.364824771881,0.00636486629285616
29470,241.602035522461,440.582722425461,0.0063526780109806
29480,241.636627197266,439.802199602127,0.00634051599033147
29490,241.671234130859,439.023226499558,0.00632837939047589
29500,241.705825805664,438.245832920074,0.00631626942980958
29510,241.740432739258,437.469959259033,0.0063041844398203
29520,241.775024414063,436.695635318756,0.00629212563569106
29530,241.809631347656,435.922890901565,0.00628009264066722
29540,241.844223022461,435.151666402817,0.00626808537832994
29550,241.878814697266,434.381991624832,0.006256103869926
29560,241.913421630859,433.613866567612,0.00624414771055536
29570,241.948013305664,432.847261428833,0.00623221724859014
29580,241.982620239258,432.082206010818,0.006220312115318
29590,242.017211914063,431.318670511246,0.00620843265601138
29600,242.051803588867,430.556654930115,0.00619657846678812
29610,242.086410522461,429.796189069748,0.00618474957584303
29620,242.121002197266,429.037243127823,0.00617294632382637
29630,242.15559387207,428.27981710434,0.00616116830928981
29640,242.190200805664,427.523910999298,0.00614941513398578
29650,242.224792480469,426.769524812698,0.00613768756276797
29660,242.259384155273,426.016628742218,0.00612598476805727
29670,242.293991088867,425.265252590179,0.00611430678267196
29680,242.328582763672,424.515396356583,0.00610265436672486
29690,242.363174438477,423.767060041428,0.00609102712358566
29700,242.397766113281,423.02018404007,0.00607942418587073
29710,242.432373046875,422.274827957153,0.00606784601774776
29720,242.46696472168,421.530961990356,0.00605629294487769
29730,242.501556396484,420.788615942001,0.0060447650021092
29740,242.536148071289,420.047730207443,0.00603326132257183
29750,242.570755004883,419.308364391327,0.00602178237308413
29760,242.605346679688,418.570458889008,0.00601032804540069
29770,242.639938354492,417.834043502808,0.00599889837745584
29780,242.674530029297,417.099118232727,0.00598749335870431
29790,242.709121704102,416.365683078766,0.00597611297860687
29800,242.743713378906,415.633708238602,0.00596475679893733
29810,242.7783203125,414.903193712235,0.00595342443517432
29820,242.812911987305,414.174169301987,0.0059421170536682
29830,242.847503662109,413.446605205536,0.00593083384145086
29840,242.882095336914,412.720531225204,0.0059195752156449
29850,242.916687011719,411.99591755867,0.00590834073835848
29860,242.951278686523,411.27273440361,0.00589712997194918
29870,242.985870361328,410.551011562347,0.00588594333355722
29880,243.020477294922,409.830749034882,0.00587478044401319
29890,243.055068969727,409.111946821213,0.00586364203150395
29900,243.089660644531,408.394604921341,0.00585252771611834
29910,243.124252319336,407.678693532944,0.00584143706054724
29920,243.158843994141,406.964242458344,0.00583037048165591
29930,243.193435668945,406.251192092896,0.00581932711536633
29940,243.22802734375,405.539631843567,0.00580830823229864
29950,243.262619018555,404.829472303391,0.0057973125416665
29960,243.297210693359,404.120743274689,0.00578634046029743
29970,243.331802368164,403.413504362106,0.00577539283144127
29980,243.366394042969,402.707606554031,0.00576446751167786
29990,243.400985717773,402.003198862076,0.00575356662418571
30000,243.435577392578,401.300191879272,0.0057426888791173
30010,243.470169067383,400.598615407944,0.00573183469302536
30020,243.504760742188,399.898439645767,0.00572100362951347
30030,243.539352416992,399.199694395065,0.00571019610502451
30040,243.573944091797,398.502349853516,0.0056994116832945
30050,243.608535766602,397.806435823441,0.00568865078065649
30060,243.643127441406,397.111922502518,0.00567791296097887
30070,243.677719116211,396.418809890747,0.00566719821443131
30080,243.712310791016,395.727097988129,0.00565650653118904
30090,243.74690246582,395.036786794662,0.00564583790143289
30100,243.781494140625,394.347876310349,0.00563519231534924
30110,243.81608581543,393.660366535187,0.00562456976313007
30120,243.850677490234,392.974227666855,0.00561396980922146
30130,243.88525390625,392.289489507675,0.00560339322027747
30140,243.919845581055,391.606122255325,0.00559283885900853
30150,243.954437255859,390.924155712128,0.00558230749267053
30160,243.989028930664,390.24356007576,0.00557179868597311
30170,244.023620605469,389.564335346222,0.00556131242932241
30180,244.058212280273,388.886511325836,0.00555084913851941
30190,244.092803955078,388.210088014603,0.00554040880380027
30200,244.127380371094,387.534946203232,0.00552999005997444
30210,244.161972045898,386.861264705658,0.00551959475727886
30220,244.196563720703,386.188894510269,0.00550922110620618
30230,244.231155395508,385.51789522171,0.00549886994773285
30240,244.265747070313,384.848266839981,0.005488541272303
30250,244.300323486328,384.179979562759,0.00547823498756425
30260,244.334915161133,383.513063192368,0.00546795082403729
30270,244.369506835938,382.847487926483,0.00545768869019305
30280,244.404098510742,382.183283567429,0.00544744900146502
30290,244.438674926758,381.520390510559,0.00543723123828231
30300,244.473266601563,380.858868360519,0.00542703556130674
30310,244.507858276367,380.198657512665,0.00541686145190438
30320,244.542449951172,379.539787769318,0.00540670932546978
30330,244.577026367188,378.8822889328,0.00539657993384686
30340,244.611618041992,378.226101398468,0.00538647174463247
30350,244.646209716797,377.571225166321,0.00537638508605387
30360,244.680786132813,376.917719841003,0.005366321132248
30370,244.715377807617,376.265496015549,0.00535627793100468
30380,244.749969482422,375.614643096924,0.00534625708127345
30390,244.784545898438,374.965071678162,0.00533625763383586
30400,244.819137573242,374.316841363907,0.00532627976194883
30410,244.853729248047,373.669922351837,0.00531632336562873
30420,244.888305664063,373.024314641953,0.00530638876641167
30430,244.922897338867,372.380018234253,0.00529647529326449
30440,244.957473754883,371.737003326416,0.00528658317388132
30450,244.992065429688,371.095329523087,0.00527671258761176
30460,245.026657104492,370.45493721962,0.00526686300775252
30470,245.061233520508,369.815826416016,0.00525703475273844
30480,245.095825195313,369.178026914597,0.00524722758195009
30490,245.130401611328,368.541538715362,0.00523744214032969
30500,245.164993286133,367.906332015991,0.00522767734265809
30510,245.199569702148,367.27237701416,0.00521793340803672
30520,245.234161376953,366.639763116837,0.00520821094774749
30530,245.268737792969,366.008400917053,0.00519850933147433
30540,245.303329467773,365.378350019455,0.00518882874952378
30550,245.337921142578,364.749550819397,0.00517916867058216
30560,245.372497558594,364.122003316879,0.00516952940745165
30570,245.407073974609,363.495767116547,0.00515991147480811
30580,245.441665649414,362.870782613754,0.00515031369746513
30590,245.476257324219,362.247079610825,0.00514073681117173
30600,245.510833740234,361.624628305435,0.00513118070313396
30610,245.54541015625,361.003458499908,0.00512164546733406
30620,245.580001831055,360.383540391922,0.00511213035456704
30630,245.61457824707,359.764844179153,0.00510263556941195
30640,245.649169921875,359.147429466248,0.005093161314049
30650,245.683746337891,358.531266450882,0.00508370779046912
30660,245.718322753906,357.916355133057,0.00507427467305339
30670,245.752914428711,357.302695512772,0.00506486163871156
30680,245.787490844727,356.690257787704,0.00505546888602026
30690,245.822082519531,356.0791015625,0.00504609662289876
30700,245.856658935547,355.469137430191,0.0050367442008092
30710,245.891235351563,354.8603951931,0.00502741171988264
30720,245.925827026367,354.252934455872,0.00501809970467133
30730,245.960403442383,353.646695613861,0.00500880792554314
30740,245.994995117188,353.041678667068,0.00499953575200492
30750,246.029571533203,352.437883615494,0.00499028379650837
30760,246.064147949219,351.835310459137,0.00498105173992718
30770,246.098724365234,351.233959197998,0.00497183957387407
30780,246.133316040039,350.633800029755,0.0049626465605091
30790,246.167892456055,350.034862756729,0.00495347372929639
30800,246.20246887207,349.437147378922,0.00494432076359522
30810,246.237060546875,348.840683698654,0.00493518777083925
30820,246.271636962891,348.245352506638,0.00492607366847653
30830,246.306213378906,347.651273012161,0.0049169798282762
30840,246.340789794922,347.058355808258,0.00490790497736298
30850,246.375381469727,346.466660499573,0.00489884964711828
30860,246.409957885742,345.876187086105,0.00488981443660085
30870,246.444534301758,345.286846160889,0.00488079776965475
30880,246.479110717773,344.69872713089,0.00487180090210978
30890,246.513702392578,344.111829996109,0.00486282352463393
30900,246.548278808594,343.526065349579,0.00485386496821937
30910,246.582855224609,342.941522598267,0.00484492618657897
30920,246.617431640625,342.358142137527,0.00483600632944531
30930,246.652008056641,341.775923967361,0.00482710538885971
30940,246.686584472656,341.194897890091,0.00481822377772493
30950,246.721176147461,340.615063905716,0.00480936119047312
30960,246.755752563477,340.036362409592,0.0048005173729749
30970,246.790328979492,339.458823204041,0.00479169244011543
30980,246.824905395508,338.882505893707,0.00478288722520063
30990,246.859481811523,338.30726146698,0.00477409961713396
31000,246.894058227539,337.733268737793,0.00476533213153813
31010,246.928649902344,337.160348892212,0.00475658194336366
31020,246.963226318359,336.588621139526,0.00474785131520433
31030,246.997802734375,336.018055677414,0.00473913952413096
31040,247.032379150391,335.448652505875,0.00473044656223384
31050,247.066955566406,334.880352020264,0.00472177158118955
31060,247.101531982422,334.313213825226,0.00471311541375054
31070,247.136108398438,333.747208118439,0.00470447763192879
31080,247.170684814453,333.182334899902,0.00469585822800848
31090,247.205261230469,332.618594169617,0.00468725719427809
31100,247.239837646484,332.055985927582,0.00467867452303042
31110,247.2744140625,331.49453997612,0.00467011062641911
31120,247.308990478516,330.934226512909,0.00466156507677166
31130,247.343566894531,330.374956130981,0.00465303660717646
31140,247.378143310547,329.816907644272,0.00464452772855437
31150,247.412719726563,329.259902238846,0.00463603591496088
31160,247.447296142578,328.704029321671,0.00462756241793192
31170,247.481872558594,328.149288892746,0.0046191072297903
31180,247.516448974609,327.59565114975,0.00461066992341717
31190,247.551025390625,327.043116092682,0.00460225049131968
31200,247.585601806641,326.491713523865,0.00459384934533798
31210,247.620178222656,325.941383838654,0.00458546563927142
31220,247.654754638672,325.392156839371,0.00457709978502708
31230,247.689331054688,324.844062328339,0.00456875219428202
31240,247.723907470703,324.29701089859,0.00456042160210472
31250,247.75846862793,323.75106215477,0.00455210911980312
31260,247.793045043945,323.2062458992,0.00454381459763671
31270,247.827621459961,322.662472724915,0.00453553705211625
31280,247.862197875977,322.119802236557,0.00452727731385879
31290,247.896774291992,321.578234434128,0.00451903537541312
31300,247.931350708008,321.037709712982,0.00451081039184411
31310,247.965927124023,320.498287677765,0.00450260319343047
31320,248.00048828125,319.959908723831,0.00449441321200768
31330,248.035064697266,319.422602653503,0.00448624030546099
31340,248.069641113281,318.886399269104,0.00447808516211679
31350,248.104217529297,318.351268768311,0.00446994735609624
31360,248.138793945313,317.817181348801,0.00446182646175786
31370,248.173370361328,317.284137010574,0.00445372247203306
31380,248.207931518555,316.752165555954,0.00444563607143375
31390,248.24250793457,316.221237182617,0.00443756628737288
31400,248.277084350586,315.691351890564,0.00442951338662816
31410,248.311645507813,315.162539482117,0.00442147805194997
31420,248.346221923828,314.634770154953,0.00441345931413881
31430,248.380798339844,314.108073711395,0.00440545785636829
31440,248.415374755859,313.582360744476,0.00439747241763849
31450,248.449935913086,313.057750463486,0.00438950493232685
31460,248.484512329102,312.534123659134,0.00438155318210699
31470,248.519088745117,312.01159954071,0.00437361910142593
31480,248.553649902344,311.490029096603,0.00436570086244335
31490,248.588226318359,310.96950173378,0.00435779917502746
31500,248.622802734375,310.450047254562,0.00434991471827534
31510,248.657379150391,309.931576251984,0.00434204623243495
31520,248.691940307617,309.414148330688,0.00433419481170114
31530,248.726516723633,308.897733688354,0.00432635949928573
31540,248.761077880859,308.382302522659,0.00431854040235734
31550,248.795654296875,307.867914438248,0.00431073781853802
31560,248.830230712891,307.354509830475,0.00430295117178267
31570,248.864791870117,306.842148303986,0.00429518155314825
31580,248.899368286133,306.330800056458,0.00428742801131486
31590,248.933929443359,305.820405483246,0.00427969023155455
31600,248.968505859375,305.311053991318,0.00427196893323833
31610,249.003082275391,304.802656173706,0.00426426312140676
31620,249.037643432617,304.2953312397,0.00425657471794936
31630,249.072219848633,303.788900375366,0.00424890069265345
31640,249.106781005859,303.283542394638,0.00424124406113705
31650,249.141357421875,302.779138088226,0.00423360262933489
31660,249.175918579102,302.275717258453,0.00422597732654816
31670,249.210494995117,301.773250102997,0.00421836721150222
31680,249.245056152344,301.271796226501,0.00421077362791506
31690,249.279632568359,300.771296024323,0.00420319521998971
31700,249.314208984375,300.271779298782,0.00419563265601053
31710,249.348770141602,299.773246049881,0.00418808618567453
31720,249.383331298828,299.275666475296,0.00418055512880758
31730,249.417907714844,298.779040575027,0.00417303922370573
31740,249.45246887207,298.283398151398,0.00416553939124298
31750,249.487045288086,297.788709402084,0.00415805469861199
31760,249.521606445313,297.294974327087,0.00415058564852669
31770,249.556182861328,296.802163124084,0.00414313131044745
31780,249.590744018555,296.310395002365,0.00413569384914028
31790,249.625305175781,295.819491147995,0.00412827050846876
31800,249.659881591797,295.329540967941,0.00412086227824305
31810,249.694442749023,294.840574264526,0.00411347007207828
31820,249.729019165039,294.352561235428,0.00410609296446072
31830,249.763580322266,293.865442276001,0.00409873061993447
31840,249.798156738281,293.379276990891,0.00409138336241199
31850,249.832717895508,292.894065380096,0.00408405168585067
31860,249.867279052734,292.409718036652,0.00407673408698655
31870,249.90185546875,291.926354169846,0.00406943197327172
31880,249.936416625977,291.443884372711,0.00406214458945616
31890,249.970977783203,290.962398052216,0.00405487292655912
31900,250.005554199219,290.481775999069,0.00404761506993982
31910,250.040115356445,290.002077817917,0.00404037233875463
31920,250.074676513672,289.523303508759,0.00403314447931648
31930,250.109237670898,289.045453071594,0.00402593148546026
31940,250.143814086914,288.568466901779,0.00401873227580057
31950,250.178375244141,288.092464208603,0.00401154899521311
31960,250.212936401367,287.617325782776,0.00400437973188021
31970,250.247497558594,287.14308142662,0.00399722489486255
31980,250.282073974609,286.669731140137,0.00399008423492285
31990,250.316635131836,286.197274923325,0.00398295823307796
32000,250.351196289063,285.725742578506,0.00397584705432473
32010,250.385772705078,285.255074501038,0.00396874962138635
32020,250.420333862305,284.785330295563,0.00396166724182057
32030,250.454895019531,284.316420555115,0.00395459842359538
32040,250.489456176758,283.848404884338,0.00394754399003272
32050,250.524017333984,283.381313085556,0.00394050434958972
32060,250.55859375,282.915085554123,0.00393347842789299
32070,250.593154907227,282.449692487717,0.00392646628442162
32080,250.627716064453,281.985223293304,0.00391946891628569
32090,250.66227722168,281.521588563919,0.00391248507482791
32100,250.696838378906,281.058818101883,0.00390551516857869
32110,250.731399536133,280.596941709518,0.00389855960584319
32120,250.765960693359,280.135929584503,0.00389161796668019
32130,250.800521850586,279.675751924515,0.00388468983137998
32140,250.835083007813,279.216438531876,0.00387777560825723
32150,250.869659423828,278.757989406586,0.00387087505612163
32160,250.904220581055,278.300374746323,0.00386398822677617
32170,250.938781738281,277.843624353409,0.00385711529248113
32180,250.973342895508,277.387678623199,0.00385025542015906
32190,251.007904052734,276.932597160339,0.00384340943163761
32200,251.042465209961,276.478409767151,0.00383657773473723
32210,251.077026367188,276.025027036667,0.00382975908306303
32220,251.111587524414,275.572448968887,0.00382295347122866
32230,251.146148681641,275.120764970779,0.00381616213400242
32240,251.180709838867,274.669826030731,0.00380938299885689
32250,251.215270996094,274.219781160355,0.00380261812710671
32260,251.24983215332,273.770570755005,0.00379586668643917
32270,251.284393310547,273.322135210037,0.00378912784499948
32280,251.318954467773,272.874534130096,0.00378240242378905
32290,251.353515625,272.42773771286,0.00377569000422917
32300,251.388076782227,271.981775760651,0.00376899099394345
32310,251.422637939453,271.536618471146,0.00376230497447279
32320,251.45719909668,271.092265844345,0.00375563194046067
32330,251.491760253906,270.648747682571,0.00374897229936934
32340,251.526321411133,270.206034183502,0.00374232563291892
32350,251.560882568359,269.764125347137,0.00373569193576178
32360,251.595443725586,269.322991371155,0.00372907078990753
32370,251.630004882813,268.882632255554,0.00372246219018445
32380,251.66455078125,268.443137407303,0.00371586759431915
32390,251.699111938477,268.004328012466,0.00370928407075458
32400,251.733673095703,267.566382884979,0.00370271431508124
32410,251.76823425293,267.129212617874,0.00369615708454176
32420,251.802795410156,266.692787408829,0.00368961196167287
32430,251.837356567383,266.257166862488,0.00368307976598833
32440,251.871917724609,265.822350978851,0.00367656049216665
32450,251.906463623047,265.388280153275,0.00367005353292388
32460,251.941024780273,264.95498418808,0.00366355885032541
32470,251.9755859375,264.522463083267,0.00365707666195967
32480,252.010147094727,264.090687036514,0.00365060655071957
32490,252.044708251953,263.659715652466,0.00364414933545725
32500,252.079254150391,263.229489326477,0.00363770440735754
32510,252.113815307617,262.80003786087,0.00363127173244261
32520,252.148376464844,262.371271848679,0.00362485029097766
32530,252.18293762207,261.943340301514,0.00361844213676599
32540,252.217498779297,261.516094207764,0.00361204520620559
32550,252.252044677734,261.089682579041,0.00360566177064835
32560,252.286605834961,260.66392660141,0.00359928891891668
32570,252.321166992188,260.238975286484,0.00359292892238933
32580,252.355712890625,259.814769029617,0.00358658116984365
32590,252.390274047852,259.391248226166,0.00358024439950565
32600,252.424835205078,258.968472480774,0.00357391964663246
32610,252.459396362305,258.546441793442,0.00356760690628861
32620,252.493942260742,258.125126361847,0.00356130597758193
32630,252.528503417969,257.704585790634,0.00355501724714789
32640,252.563064575195,257.284730672836,0.00354873969232421
32650,252.597610473633,256.865590810776,0.00354247393352412
32660,252.632171630859,256.447166204453,0.00353621953760326
32670,252.666717529297,256.029486656189,0.00352997733828546
32680,252.701278686523,255.612522363663,0.00352374649305113
32690,252.73583984375,255.196243524551,0.00351752679995589
32700,252.770385742188,254.780679941177,0.00351131887711785
32710,252.804946899414,254.365831613541,0.0035051222954636
32720,252.839508056641,253.951668739319,0.00349893685200878
32730,252.874053955078,253.538221120834,0.00349276316350411
32740,252.908615112305,253.12551856041,0.00348660121380258
32750,252.943161010742,252.713441848755,0.00348044977733554
32760,252.977722167969,252.302080392838,0.00347430966073794
32770,253.012268066406,251.891404390335,0.00346818086846844
32780,253.046829223633,251.481413841248,0.00346206297725373
32790,253.081390380859,251.072138547897,0.00345595660232382
32800,253.115936279297,250.663489103317,0.00344986071643145
32810,253.150482177734,250.255525112152,0.0034437759268265
32820,253.185043334961,249.848276376724,0.0034377024318406
32830,253.219604492188,249.441683292389,0.0034316396147367
32840,253.254150390625,249.035775661469,0.00342558808748096
32850,253.288711547852,248.630553483963,0.00341954743235484
32860,253.323257446289,248.225927352905,0.0034135168277292
32870,253.357818603516,247.822016477585,0.00340749749706299
32880,253.392364501953,247.418791055679,0.0034014894367731
32890,253.426910400391,247.016161680222,0.0033954912077326
32900,253.461471557617,246.614217758179,0.00338950383069121
32910,253.496017456055,246.212899684906,0.0033835268905198
32920,253.530578613281,245.812267065048,0.00337756079430664
32930,253.565124511719,245.412260293961,0.00337160512560038
32940,253.599670410156,245.012938976288,0.00336566049532586
32950,253.634231567383,244.614243507385,0.00335972587819202
32960,253.66877746582,244.216203689575,0.00335380208392853
32970,253.703338623047,243.818759918213,0.00334788788589862
32980,253.737884521484,243.421941995621,0.00334198409235674
32990,253.772430419922,243.025809526443,0.00333609131560851
33000,253.806991577148,242.630243301392,0.003330207714744
33010,253.841537475586,242.235362529755,0.00332433532271512
33020,253.876083374023,241.841048002243,0.003318472298681
33030,253.91064453125,241.447389125824,0.00331261966639509
33040,253.945190429688,241.054385900497,0.00330677782005779
33050,253.979736328125,240.661919116974,0.00330094492081062
33060,254.014297485352,240.270107984543,0.00329512240192834
33070,254.048843383789,239.87889289856,0.00328930983803014
33080,254.083389282227,239.488303661346,0.00328350743542482
33090,254.117935180664,239.098310470581,0.0032777147814187
33100,254.152496337891,238.708943128586,0.00327193208409053
33110,254.187042236328,238.320171833038,0.00326615932411544
33120,254.221588134766,237.931996583939,0.00326039630070856
33130,254.256134033203,237.544387578964,0.00325464260157367
33140,254.29069519043,237.157374620438,0.0032488984362315
33150,254.325241088867,236.770927906036,0.00324316378277381
33160,254.359786987305,236.385107040405,0.0032374392584045
33170,254.394332885742,235.999882221222,0.00323172445089139
33180,254.42887878418,235.615223646164,0.00322601894822621
33190,254.463439941406,235.231101512909,0.00322032214551917
33200,254.497985839844,234.847635030746,0.00321463605748437
33210,254.532531738281,234.464675188065,0.00320895844694429
33220,254.567077636719,234.082341194153,0.00320329094176265
33230,254.601623535156,233.700543642044,0.00319763231450573
33240,254.636169433594,233.319312334061,0.00319198296927827
33250,254.670715332031,232.938677072525,0.00318634330996577
33260,254.705276489258,232.558518648148,0.00318071151164822
33270,254.739822387695,232.178956270218,0.00317508958271921
33280,254.774368286133,231.799989938736,0.00316947732832954
33290,254.80891418457,231.421560049057,0.00316387392966093
33300,254.843460083008,231.043636798859,0.00315827897572557
33310,254.878005981445,230.666309595108,0.00315269368508339
33320,254.912551879883,230.289489030838,0.00314711683197756
33330,254.94709777832,229.913264513016,0.00314154963464072
33340,254.981643676758,229.537516832352,0.00313599046048554
33350,255.016189575195,229.162305593491,0.00313044012047248
33360,255.050735473633,228.787690401077,0.00312489942512262
33370,255.08528137207,228.413611650467,0.00311936755651696
33380,255.119827270508,228.040009737015,0.00311384369717952
33390,255.154373168945,227.666944265366,0.0031083286576372
33400,255.188919067383,227.294415235519,0.0031028224343081
33410,255.22346496582,226.922363042831,0.00309732421005246
33420,255.258010864258,226.550877094269,0.0030918352017971
33430,255.292556762695,226.179867982864,0.00308635418579129
33440,255.327102661133,225.809395313263,0.00308088197202055
33450,255.36164855957,225.439429283142,0.00307541815035273
33460,255.396194458008,225.069969892502,0.00306996271738239
33470,255.430740356445,224.701017141342,0.00306451566970592
33480,255.465286254883,224.332571029663,0.00305907700392157
33490,255.49983215332,223.96457195282,0.00305364590394962
33500,255.534378051758,223.597198724747,0.00304822480443133
33510,255.568923950195,223.230212926865,0.00304281045147104
33520,255.603469848633,222.863733768463,0.00303740446703381
33530,255.638000488281,222.49773144722,0.0030320066225843
33540,255.672546386719,222.132235765457,0.0030266169586604
33550,255.707092285156,221.767216920853,0.00302123524718682
33560,255.741638183594,221.402704715729,0.00301586189089656
33570,255.776184082031,221.038669347763,0.00301049648050335
33580,255.810729980469,220.675110816956,0.00300513901278801
33590,255.845275878906,220.311999320984,0.0029997890787419
33600,255.879806518555,219.949394464493,0.00299444766535342
33610,255.914352416992,219.587340950966,0.00298911502029112
33620,255.94889831543,219.225868582726,0.00298379172446859
33630,255.983444213867,218.864962458611,0.00297847757131459
33640,256.017974853516,218.504622578621,0.00297317273433055
33650,256.052520751953,218.144848942757,0.00296787685507305
33660,256.087066650391,217.785656452179,0.00296259031009172
33670,256.121612548828,217.427015304565,0.0029573126902561
33680,256.156158447266,217.068940401077,0.00295204419460455
33690,256.190704345703,216.711416840553,0.00294678461682398
33700,256.225250244141,216.354474425316,0.00294153435849677
33710,256.259765625,215.998098254204,0.00293629356296509
33720,256.294311523438,215.642273426056,0.00293106132397639
33730,256.328857421875,215.287014842033,0.00292583819079233
33740,256.363403320313,214.932322502136,0.00292062415973177
33750,256.39794921875,214.578181505203,0.00291541902465732
33760,256.432495117188,214.224606752396,0.00291022298440463
33770,256.467010498047,213.871583342552,0.00290503617857143
33780,256.501556396484,213.519126176834,0.00289985811392684
33790,256.536102294922,213.167235255241,0.00289468913314012
33800,256.570648193359,212.815895676613,0.00288952903022
33810,256.605194091797,212.465107440948,0.00288437780158089
33820,256.639739990234,212.11488544941,0.00287923564590665
33830,256.674255371094,211.765214800835,0.00287410269901325
33840,256.708801269531,211.416095495224,0.00286897827322637
33850,256.743347167969,211.067542433739,0.00286386290953016
33860,256.777893066406,210.719525814056,0.00285875619994966
33870,256.812438964844,210.372075438499,0.0028536585452555
33880,256.846954345703,210.025176405907,0.00284857007814592
33890,256.881500244141,209.678843617439,0.0028434903195665
33900,256.916046142578,209.333047270775,0.00283841920087397
33910,256.950592041016,208.987802267075,0.00283335692060637
33920,256.985107421875,208.643108606339,0.00282830381106692
33930,257.019653320313,208.298966288567,0.00282325919631382
33940,257.05419921875,207.955375313759,0.00281822340929947
33950,257.088745117188,207.612335681915,0.00281319644646523
33960,257.123291015625,207.269847393036,0.00280817830425436
33970,257.157806396484,206.927910447121,0.00280316931177133
33980,257.192352294922,206.586509943008,0.00279816859767372
33990,257.226898193359,206.24566078186,0.00279317669359619
34000,257.261413574219,205.905348062515,0.00278819372495972
34010,257.295959472656,205.565586686134,0.00278321922791796
34020,257.330505371094,205.226376652718,0.00277825353031002
34030,257.365051269531,204.887717962265,0.0027732966285925
34040,257.399566650391,204.549580812454,0.00276834844410144
34050,257.434112548828,204.212009906769,0.00276340892132325
34060,257.468658447266,203.874960541725,0.00275847778063925
34070,257.503173828125,203.538462519646,0.00275355574818769
34080,257.537719726563,203.20251584053,0.00274864216714211
34090,257.572265625,202.867090702057,0.00274373695786038
34100,257.606811523438,202.532231807709,0.00273884072149911
34110,257.641326904297,202.197894454002,0.00273395317384163
34120,257.675872802734,201.864093542099,0.00272907386468383
34130,257.710418701172,201.53084397316,0.00272420331646811
34140,257.744934082031,201.198115944862,0.00271934144484746
34150,257.779479980469,200.865939259529,0.00271448800463948
34160,257.814025878906,200.534299015999,0.00270964311357395
34170,257.848541259766,200.20318031311,0.00270480688702192
34180,257.883087158203,199.872612953186,0.00269997908334738
34190,257.917602539063,199.542582035065,0.00269516013741279
34200,257.9521484375,199.213072657585,0.00269034920613855
34210,257.986694335938,198.884099721909,0.0026855468069005
34220,258.021209716797,198.555678129196,0.00268075345452352
34230,258.055755615234,198.227763175964,0.00267596790728577
34240,258.090301513672,197.900399565697,0.00267119108299444
34250,258.124816894531,197.573557496071,0.00266642289118545
34260,258.159362792969,197.247251868248,0.0026616628985003
34270,258.193908691406,196.921467781067,0.00265691121632295
34280,258.228424072266,196.59623503685,0.00265216855679897
34290,258.262969970703,196.271508932114,0.00264743368597397
34300,258.297485351563,195.94731926918,0.00264270762880592
34310,258.33203125,195.623651146889,0.00263798955587642
34320,258.366577148438,195.3005194664,0.00263327997760629
34330,258.401092529297,194.977909326553,0.00262857900013908
34340,258.435638427734,194.65583562851,0.00262388619953786
34350,258.470153808594,194.334283471107,0.0026192019918495
34360,258.504699707031,194.013252854347,0.00261452575466116
34370,258.539215087891,193.692743778229,0.00260985810256101
34380,258.573760986328,193.372756242752,0.00260519841551311
34390,258.608306884766,193.053305149078,0.00260054719958553
34400,258.642822265625,192.734375596046,0.00259590455697673
34410,258.677368164063,192.415952682495,0.00259126967052491
34420,258.711883544922,192.098066210747,0.00258664355029736
34430,258.746429443359,191.78070127964,0.00258202538145963
34440,258.780944824219,191.463842988014,0.00257741556976724
34450,258.815490722656,191.14750623703,0.00257281370407935
34460,258.850006103516,190.831705927849,0.00256822058895221
34470,258.884552001953,190.516412258148,0.00256363521382606
34480,258.919067382813,190.201640129089,0.00255905838095938
34490,258.95361328125,189.887374639511,0.00255448928276687
34500,258.988159179688,189.573645591736,0.00254992861910334
34510,259.022674560547,189.260423183441,0.00254537628567218
34520,259.057189941406,188.947707414627,0.00254083197821861
34530,259.091735839844,188.635513186455,0.00253629559514628
34540,259.126251220703,188.323840498924,0.00253176773122648
34550,259.160797119141,188.012674450874,0.0025272475859618
34560,259.1953125,187.702029943466,0.00252273595218797
34570,259.229858398438,187.391877174377,0.00251823183150576
34580,259.264373779297,187.082260847092,0.00251373641493731
34590,259.298919677734,186.773151159287,0.0025092487063926
34600,259.333435058594,186.464533209801,0.00250476909371626
34610,259.367980957031,186.156451702118,0.00250029758413815
34620,259.402496337891,185.848861932755,0.00249583416290728
34630,259.437042236328,185.541793704033,0.00249137863927189
34640,259.471557617188,185.235232114792,0.00248693139658712
34650,259.506103515625,184.92916226387,0.00248249164607071
34660,259.540618896484,184.62361395359,0.00247806036906621
34670,259.575134277344,184.318572282791,0.00247363706983118
34680,259.609680175781,184.014037251472,0.00246922145492228
34690,259.644195556641,183.710008859634,0.00246481410223863
34700,259.678741455078,183.406487107277,0.00246041442863337
34710,259.713256835938,183.1034719944,0.00245602300978245
34720,259.747802734375,182.800948619843,0.00245163906491737
34730,259.782318115234,182.498931884766,0.00244726336739991
34740,259.816833496094,182.197421789169,0.00244289562546354
34750,259.851379394531,181.896418333054,0.00243853554955052
34760,259.885894775391,181.595921516418,0.00243418370981661
34770,259.920440673828,181.295901536942,0.00242983913143777
34780,259.954956054688,180.996403098106,0.00242550298159987
34790,259.989471435547,180.697396397591,0.00242117457189846
34800,260.024017333984,180.398896336555,0.00241685381523349
34810,260.058532714844,180.10088801384,0.00241254107668567
34820,260.093078613281,179.803371429443,0.00240823578641216
34830,260.127593994141,179.506361484528,0.00240393870656532
34840,260.162109375,179.209858179092,0.00239964955088106
34850,260.196655273438,178.913831710815,0.00239536763625632
34860,260.231170654297,178.618311882019,0.00239109392107775
34870,260.265686035156,178.323283791542,0.00238682792126156
34880,260.300231933594,178.028762340546,0.00238256955382948
34890,260.334747314453,177.734717726707,0.00237831897604115
34900,260.369262695313,177.44117975235,0.00237407630378189
34910,260.40380859375,177.14811861515,0.00236984085749106
34920,260.438323974609,176.855564117432,0.00236561358881121
34930,260.472839355469,176.563501358032,0.00236139401704844
34940,260.507385253906,176.271915435791,0.00235718166374274
34950,260.541900634766,175.98083615303,0.00235297747719309
34960,260.576416015625,175.690233707428,0.00234878077917448
34970,260.610961914063,175.400137901306,0.0023445916905303
34980,260.645477294922,175.110518932343,0.00234041035944049
34990,260.679992675781,174.821376800537,0.00233623650785394
35000,260.714508056641,174.532741308212,0.00233207053101254
35010,260.749053955078,174.244582653046,0.00232791175517494
35020,260.783569335938,173.956915736198,0.00232376092185796
35030,260.818084716797,173.669725656509,0.0023196175560123
35040,260.852600097656,173.383042216301,0.00231548205267541
35050,260.887145996094,173.09682071209,0.00231135354142981
35060,260.921661376953,172.811090946198,0.00230723295855413
35070,260.956176757813,172.525852918625,0.00230312003011785
35080,260.99072265625,172.24109172821,0.00229901428536541
35090,261.025238037109,171.956807374954,0.0022949162595015
35100,261.059753417969,171.672999858856,0.00229082568023249
35110,261.094268798828,171.389684081078,0.00228674274342182
35120,261.128814697266,171.106845140457,0.00228266698047809
35130,261.163330078125,170.824497938156,0.00227859912126701
35140,261.197845458984,170.542612671852,0.0022745384980035
35150,261.232360839844,170.261219143867,0.00227048550524251
35160,261.266906738281,169.98028755188,0.00226643947785521
35170,261.301422119141,169.699847698212,0.00226240134026937
35180,261.3359375,169.419884681702,0.00225837062558952
35190,261.370452880859,169.14039850235,0.00225434733087495
35200,261.404968261719,168.861389160156,0.00225033145318651
35210,261.439514160156,168.58284175396,0.00224632252882143
35220,261.474029541016,168.304786086082,0.00224232147690181
35230,261.508544921875,168.027192354202,0.00223832763469749
35240,261.543060302734,167.75007545948,0.0022343411978296
35250,261.577575683594,167.473435401917,0.0022303621633667
35260,261.612091064453,167.19725728035,0.00222639032995583
35270,261.646636962891,166.921555995941,0.00222242563392787
35280,261.68115234375,166.646331548691,0.00221846859128416
35290,261.715667724609,166.371569037437,0.00221451874104195
35300,261.750183105469,166.097283363342,0.00221057627867444
35310,261.784698486328,165.823459625244,0.00220664100296713
35320,261.819213867188,165.550112724304,0.00220271310934395
35330,261.853759765625,165.277242660522,0.00219879233862888
35340,261.888275146484,165.004819631577,0.00219487880448012
35350,261.922790527344,164.732873439789,0.00219097264376617
35360,261.957305908203,164.461404085159,0.0021870738535725
35370,261.991821289063,164.190381765366,0.00218318203471501
35380,262.026336669922,163.91983628273,0.00217929758065766
35390,262.060852050781,163.64973783493,0.0021754200923238
35400,262.095397949219,163.380116224289,0.00217154971022739
35410,262.1298828125,163.110971450806,0.00216768719000717
35420,262.164428710938,162.842273712158,0.00216383112231829
35430,262.198944091797,162.574037909508,0.00215998245948893
35440,262.233459472656,162.306278944016,0.00215614114428224
35450,262.267974853516,162.038967013359,0.00215230677794348
35460,262.302490234375,161.7721170187,0.0021484795556304
35470,262.337005615234,161.505728960037,0.00214465947452319
35480,262.371520996094,161.239802837372,0.00214084653180356
35490,262.406036376953,160.974323749542,0.0021370405268319
35500,262.440551757813,160.709321498871,0.00213324185246442
35510,262.47509765625,160.444766283035,0.00212944986267981
35520,262.509582519531,160.180673003197,0.00212566549525217
35530,262.544128417969,159.917026758194,0.00212188756024432
35540,262.578643798828,159.653842449188,0.00211811699396365
35550,262.613159179688,159.39112007618,0.00211435354648679
35560,262.647674560547,159.128844738007,0.00211059701736646
35570,262.682189941406,158.867031335831,0.00210684760149032
35580,262.716705322266,158.605664968491,0.00210310509846595
35590,262.751220703125,158.344745635986,0.0020993695055691
35600,262.785736083984,158.084273338318,0.00209564082007697
35610,262.820251464844,157.824277877808,0.00209191943429013
35620,262.854766845703,157.564714550972,0.00208820475287787
35630,262.889282226563,157.305613160133,0.00208449716811773
35640,262.923797607422,157.046943902969,0.00208079628234847
35650,262.958312988281,156.788736581802,0.00207710248774677
35660,262.992828369141,156.530976295471,0.0020734155841393
35670,263.02734375,156.273677945137,0.00206973576616875
35680,263.061859130859,156.016811728477,0.00206606263638693
35690,263.096374511719,155.760392546654,0.00206239638946526
35700,263.130889892578,155.504420399666,0.00205873702269525
35710,263.165405273438,155.248910188675,0.00205508473062173
35720,263.199920654297,154.993817210197,0.0020514389187832
35730,263.234436035156,154.739201068878,0.00204780037343147
35740,263.268951416016,154.485002160072,0.0020441683030111
35750,263.303466796875,154.231250286102,0.0020405430992728
35760,263.337982177734,153.977960348129,0.00203692495663923
35770,263.372497558594,153.72508764267,0.00203331328104376
35780,263.406982421875,153.472661972046,0.00202970869924241
35790,263.441528320313,153.220683336258,0.00202611050307076
35800,263.476013183594,152.969151735306,0.00202251962956495
35810,263.510528564453,152.718067169189,0.00201893537190621
35820,263.545043945313,152.467399835587,0.00201535756817596
35830,263.579559326172,152.217179536819,0.00201178660972283
35840,263.614074707031,151.967406272888,0.00200822249385802
35850,263.648590087891,151.71805024147,0.00200466482411328
35860,263.68310546875,151.46915614605,0.00200111418855127
35870,263.717620849609,151.220679283142,0.00199756999389339
35880,263.752136230469,150.972664356232,0.00199403282805043
35890,263.786651611328,150.725066661835,0.00199050209790115
35900,263.821166992188,150.477886199951,0.00198697780091963
35910,263.855651855469,150.231167674065,0.00198346075419629
35920,263.890167236328,149.984866380692,0.00197994990559513
35930,263.924682617188,149.739012122154,0.00197644587580736
35940,263.959197998047,149.49357509613,0.0019729482688406
35950,263.993713378906,149.248585104942,0.00196945747544169
35960,264.028228759766,149.004012346268,0.00196597309972383
35970,264.062744140625,148.759871721268,0.00196249533575213
35980,264.097229003906,148.516178131104,0.00195902460386396
35990,264.131774902344,148.272901773453,0.00195555982920955
36000,264.166259765625,148.030057549477,0.00195210211041707
36010,264.200775146484,147.787630558014,0.00194865057058771
36020,264.235290527344,147.545635700226,0.00194520562960872
36030,264.269805908203,147.304087877274,0.00194176748132215
36040,264.304321289063,147.062942385674,0.00193833553386096
36050,264.338806152344,146.822229027748,0.00193491040093171
36060,264.373321533203,146.581947803497,0.00193149163276326
36070,264.407836914063,146.34208381176,0.00192807925425793
36080,264.442352294922,146.102637052536,0.00192467326291375
36090,264.476867675781,145.863637328148,0.00192127404877774
36100,264.511352539063,145.625054836273,0.00191788143797294
36110,264.545867919922,145.386874675751,0.00191449478881417
36120,264.580383300781,145.149126648903,0.00191111471296847
36130,264.614898681641,144.911795854568,0.00190774101169221
36140,264.6494140625,144.674897193909,0.00190437387863714
36150,264.683898925781,144.438415765762,0.00190101333429684
36160,264.718414306641,144.202351570129,0.00189765893739776
36170,264.7529296875,143.96670460701,0.00189431090504925
36180,264.787445068359,143.731474876404,0.00189096923476241
36190,264.821960449219,143.496662378311,0.00188763392404967
36200,264.8564453125,143.262282013893,0.00188430538353271
36210,264.890960693359,143.028303980827,0.00188098278407397
36220,264.925476074219,142.794743180275,0.0018776665367352
36230,264.959991455078,142.561614513397,0.00187435683494993
36240,264.994476318359,142.328873276711,0.00187105330396545
36250,265.028991699219,142.096549272537,0.00186775590182466
36260,265.063507080078,141.864657402039,0.00186446503777326
36270,265.098022460938,141.633167862892,0.00186118031762962
36280,265.132507324219,141.402095556259,0.00185790214863303
36290,265.167022705078,141.171425580978,0.0018546299044408
36300,265.201538085938,140.941172838211,0.00185136399264905
36310,265.236022949219,140.711337327957,0.00184810462342519
36320,265.270538330078,140.481904149055,0.00184485117293077
36330,265.305053710938,140.252888202667,0.00184160404747605
36340,265.339569091797,140.024274587631,0.00183836304895708
36350,265.374053955078,139.796063303947,0.0018351283860199
36360,265.408569335938,139.568269252777,0.0018318998293878
36370,265.443084716797,139.340877532959,0.00182867739247312
36380,265.477569580078,139.113888144493,0.0018254612827321
36390,265.512084960938,138.887315988541,0.00182225127320507
36400,265.546600341797,138.66114616394,0.00181904737618841
36410,265.581085205078,138.435378670692,0.00181584979795587
36420,265.615600585938,138.210013508797,0.00181265811841786
36430,265.650115966797,137.985050678253,0.00180947254424521
36440,265.684600830078,137.760505080223,0.001806293475918
36450,265.719116210938,137.536346912384,0.00180312010492214
36460,265.753631591797,137.312591075897,0.00179995283215776
36470,265.788116455078,137.089252471924,0.00179679205686081
36480,265.822631835938,136.866301298141,0.001793636973019
36490,265.857147216797,136.643752455711,0.00179048798028592
36500,265.891632080078,136.421591043472,0.00178734508620164
36510,265.926147460938,136.199846863747,0.00178420826820979
36520,265.960632324219,135.978490114212,0.00178107754340537
36530,265.995147705078,135.75753569603,0.00177795269552601
36540,266.029663085938,135.5369836092,0.00177483392695961
36550,266.064147949219,135.31681895256,0.00177172124345389
36560,266.098663330078,135.097056627274,0.00176861443098189
36570,266.133178710938,134.877696633339,0.00176551369078013
36580,266.167663574219,134.658724069595,0.00176241902753029
36590,266.202178955078,134.440138936043,0.00175933003442494
36600,266.236663818359,134.221941232681,0.00175624711294326
36610,266.271179199219,134.004160761833,0.00175317024770382
36620,266.3056640625,133.786767721176,0.00175009944866664
36630,266.340179443359,133.569747209549,0.00174703411716449
36640,266.374694824219,133.353129029274,0.00174397484167722
36650,266.4091796875,133.13689827919,0.00174092162442603
36660,266.443695068359,132.921069860458,0.00173787425873372
36670,266.478179931641,132.705628871918,0.00173483294592631
36680,266.5126953125,132.490575313568,0.00173179728600341
36690,266.547180175781,132.27590918541,0.00172876767367251
36700,266.581695556641,132.061630487442,0.00172574371042883
36710,266.616180419922,131.847724318504,0.00172272559479309
36720,266.650695800781,131.634220480919,0.00171971331917305
36730,266.685180664063,131.421104073524,0.00171670708058249
36740,266.719696044922,131.20836019516,0.00171370628886612
36750,266.754211425781,130.996018648148,0.00171071152784699
36760,266.788696289063,130.784034729004,0.00170772240680931
36770,266.823211669922,130.572468042374,0.00170473931077731
36780,266.857696533203,130.361258983612,0.00170176184956932
36790,266.892211914063,130.150437355042,0.00169879002048131
36800,266.926696777344,129.940003156662,0.00169582421011294
36810,266.961181640625,129.729956388474,0.00169286422159544
36820,266.995697021484,129.520282149315,0.00168990966509428
36830,267.030212402344,129.310995340347,0.00168696092670761
36840,267.064697265625,129.10208106041,0.001684018002241
36850,267.099182128906,128.893554210663,0.00168108089070779
36860,267.133697509766,128.685384988785,0.00167814900950006
36870,267.168182373047,128.477603197098,0.00167522312889691
36880,267.202697753906,128.270208835602,0.00167230286358058
36890,267.237182617188,128.063201904297,0.00166938859365267
36900,267.271697998047,127.856552600861,0.0016664795467878
36910,267.306182861328,127.650275826454,0.00166357629600674
36920,267.340698242188,127.444371581078,0.00166067845893139
36930,267.375183105469,127.238854765892,0.00165778660703534
36940,267.409698486328,127.033710479736,0.00165490016516756
36950,267.444183349609,126.82893872261,0.00165201950923946
36960,267.478668212891,126.624524593353,0.00164914425379935
36970,267.51318359375,126.420497894287,0.00164627459704593
36980,267.547668457031,126.21682882309,0.00164341052466043
36990,267.582183837891,126.013547182083,0.00164055204728811
37000,267.616668701172,125.810623168945,0.00163769914930891
37010,267.651184082031,125.608071684837,0.00163485164872491
37020,267.685668945313,125.405892729759,0.00163200991653758
37030,267.720153808594,125.204086303711,0.00162917376383556
37040,267.754669189453,125.002652406693,0.00162634300309915
37050,267.789154052734,124.801568686962,0.00162351771247812
37060,267.823669433594,124.600857496262,0.0016206978102796
37070,267.858154296875,124.400518834591,0.00161788366404132
37080,267.892639160156,124.200537800789,0.00161507489282263
37090,267.927154541016,124.000929296017,0.00161227150465255
37100,267.961639404297,123.801678419113,0.00160947367128644
37110,267.996124267578,123.602792620659,0.00160668130351441
37120,268.030639648438,123.404264450073,0.00160389411977404
37130,268.065124511719,123.206108808517,0.00160111267721504
37140,268.099609375,123.008318245411,0.00159833669392383
37150,268.134124755859,122.810885310173,0.00159556588939696
37160,268.168609619141,122.613810002804,0.00159280062510199
37170,268.203094482422,122.417092323303,0.00159004071703458
37180,268.237609863281,122.220739722252,0.00158728607930331
37190,268.272094726563,122.024744749069,0.00158453697456678
37200,268.306579589844,121.829107403755,0.00158179321983803
37210,268.341094970703,121.63382768631,0.00157905463347358
37220,268.375579833984,121.438905596733,0.00157632157290748
37230,268.410064697266,121.244341135025,0.00157359385616382
37240,268.444580078125,121.050134301186,0.00157087130260183
37250,268.479064941406,120.856277644634,0.00156815417098359
37260,268.513549804688,120.662778615952,0.00156544237703682
37270,268.548034667969,120.469644665718,0.0015627360153544
37280,268.582550048828,120.276853442192,0.00156003461667535
37290,268.617034912109,120.084412395954,0.00155733863048992
37300,268.651519775391,119.892328977585,0.00155464797380613
37310,268.68603515625,119.700595736504,0.00155196237169922
37320,268.720520019531,119.509220123291,0.00154928227161582
37330,268.755004882813,119.318187236786,0.00154660730175566
37340,268.789489746094,119.127504527569,0.0015439375567065
37350,268.824005126953,118.93717944622,0.00154127295603836
37360,268.858489990234,118.747197091579,0.00153861365489197
37370,268.892974853516,118.557572364807,0.00153595966905201
37380,268.927459716797,118.368275463581,0.00153331061042251
37390,268.961975097656,118.179351091385,0.00153066688243477
37400,268.996459960938,117.990754544735,0.00152802825171722
37410,269.030944824219,117.802508175373,0.00152539483180538
37420,269.0654296875,117.61461943388,0.00152276671715902
37430,269.099945068359,117.427065968514,0.00152014344399212
37440,269.134429931641,117.239855229855,0.00151752545192205
37450,269.168914794922,117.052987217903,0.00151491256627222
37460,269.203399658203,116.86646938324,0.00151230488149414
37470,269.237884521484,116.680286824703,0.00150970220278629
37480,269.272399902344,116.494446992874,0.00150710445380912
37490,269.306884765625,116.308957338333,0.00150451207090656
37500,269.341369628906,116.123802959919,0.00150192468823251
37510,269.375854492188,115.938991308212,0.00149934240021877
37520,269.410339355469,115.754514932632,0.00149676510856915
37530,269.44482421875,115.57038128376,0.00149419290769278
37540,269.479339599609,115.386590361595,0.00149162562671393
37550,269.513824462891,115.203127264977,0.00148906340922796
37560,269.548309326172,115.020006895065,0.00148650627670373
37570,269.582794189453,114.837221801281,0.00148395413091164
37580,269.617279052734,114.654779434204,0.00148140706620413
37590,269.651794433594,114.472657442093,0.00147886462450201
37600,269.686279296875,114.29088562727,0.00147632752397932
37610,269.720764160156,114.109434187412,0.0014737952100577
37620,269.755249023438,113.928332924843,0.00147126806576798
37630,269.789733886719,113.74755948782,0.00146874580051479
37640,269.82421875,113.567113876343,0.00146622841242741
37650,269.858703613281,113.387003540993,0.00146371599581587
37660,269.893188476563,113.20722848177,0.00146120854877451
37670,269.927673339844,113.027766346931,0.00145870578093313
37680,269.962188720703,112.848661839962,0.00145620810274048
37690,269.996673583984,112.669862806797,0.00145371516880269
37700,270.031158447266,112.49141395092,0.00145122738915644
37710,270.065643310547,112.313278019428,0.00144874428129699
37720,270.100128173828,112.135484814644,0.00144626622781008
37730,270.134613037109,111.958004534245,0.00144379284243394
37740,270.169097900391,111.780852079391,0.00144132431551954
37750,270.203582763672,111.604034900665,0.00143886074126368
37760,270.238067626953,111.427538096905,0.00143640192568088
37770,270.272552490234,111.25136166811,0.00143394786694962
37780,270.307067871094,111.075520515442,0.00143149859367403
37790,270.341552734375,110.899992287159,0.00142905413946505
37800,270.376037597656,110.724799335003,0.00142661462861498
37810,270.410522460938,110.549919307232,0.00142417977128213
37820,270.445007324219,110.375367105007,0.00142174975762885
37830,270.4794921875,110.201127827168,0.00141932439388449
37840,270.513977050781,110.027223825455,0.00141690396611107
37850,270.548461914063,109.853625297546,0.00141448808868296
37860,270.582946777344,109.680354595184,0.00141207704762733
37870,270.617431640625,109.507404267788,0.00140967074518519
37880,270.649993896484,109.334774315357,0.00140727917631682
37890,270.649993896484,109.162449836731,0.00140506113862608
37900,270.649993896484,108.990453183651,0.00140284732047178
37910,270.649993896484,108.818769454956,0.00140063753005681
37920,270.649993896484,108.647413551807,0.00139843195917829
37930,270.649993896484,108.476355671883,0.00139623022424198
37940,270.649993896484,108.305618166924,0.00139403261294356
37950,270.649993896484,108.13520103693,0.00139183912528304
37960,270.649993896484,107.965096831322,0.00138964966536184
37970,270.649993896484,107.795298099518,0.00138746413728142
37980,270.649993896484,107.62581974268,0.00138528273283889
37990,270.649993896484,107.456654310226,0.00138310535613569
38000,270.649993896484,107.287801802158,0.00138093200717182
38010,270.649993896484,107.119247317314,0.00137876249415017
38020,270.649993896484,106.951013207436,0.00137659710476641
38030,270.649993896484,106.783092021942,0.00137443574312198
38040,270.649993896484,106.615476310253,0.00137227831331833
38050,270.649993896484,106.448166072369,0.00137012481535546
38060,270.649993896484,106.281168758869,0.00136797534513191
38070,270.649993896484,106.114476919174,0.00136582980674915
38080,270.649993896484,105.948098003864,0.00136368829610571
38090,270.649993896484,105.782009661198,0.00136155052550594
38100,270.649993896484,105.616241693497,0.00135941687854406
38110,270.649993896484,105.45077174902,0.0013572870675244
38120,270.649993896484,105.285607278347,0.00135516118834552
38130,270.649993896484,105.120748281479,0.00135303924100741
38140,270.649993896484,104.956194758415,0.00135092122551008
38150,270.649993896484,104.791939258575,0.00134880704595497
38160,270.649993896484,104.62798923254,0.00134669679824064
38170,270.649993896484,104.464337229729,0.00134459038646853
38180,270.649993896484,104.300990700722,0.00134248790653719
38190,270.649993896484,104.137942194939,0.00134038926254808
38200,270.649993896484,103.975191712379,0.00133829445450118
38210,270.649993896484,103.812746703625,0.00133620357829507
38220,270.649993896484,103.650599718094,0.00133411653803117
38230,270.649993896484,103.488743305206,0.00133203323781094
38240,270.649993896484,103.327184915543,0.00132995377353293
38250,270.649993896484,103.165931999683,0.0013278782410957
38260,270.649993896484,103.004977107048,0.00132580654460069
38270,270.649993896484,102.844305336475,0.00132373849225078
38280,270.649993896484,102.683931589127,0.0013216742758431
38290,270.649993896484,102.523863315582,0.0013196139912762
38300,270.649993896484,102.364078164101,0.00131755735085441
38310,270.649993896484,102.204591035843,0.00131550454637483
38320,270.649993896484,102.045394480228,0.00131345548193892
38330,270.649993896484,101.886495947838,0.00131141025344524
38340,270.649993896484,101.72788053751,0.00130936866909666
38350,270.649993896484,101.569563150406,0.0013073309206903
38360,270.649993896484,101.411528885365,0.00130529681642906
38370,270.649993896484,101.253792643547,0.00130326654811003
38380,270.649993896484,101.096339523792,0.00130123992393612
38390,270.649993896484,100.9391695261,0.00129921694390731
38400,270.649993896484,100.782290101051,0.00129719770392217
38410,270.649993896484,100.625708699226,0.00129518229987926
38420,270.649993896484,100.469410419464,0.00129317053998145
38430,270.649993896484,100.313402712345,0.0012911625201273
38440,270.649993896484,100.157663226128,0.00128915795262116
38450,270.649993896484,100.002236664295,0.00128715741285435
38460,270.649993896484,99.8470708727837,0.00128516022953698
38470,270.649993896484,99.6921956539154,0.00128316678626328
38480,270.649993896484,99.5376035571098,0.00128117698713468
38490,270.649993896484,99.3832945823669,0.0012791908321512
38500,270.649993896484,99.2292687296867,0.00127720832131283
38510,270.649993896484,99.0755334496498,0.00127522955051812
38520,270.649993896484,98.9220589399338,0.00127325413617285
38530,270.649993896484,98.7688824534416,0.00127128255776981
38540,270.649993896484,98.6159816384315,0.00126931452761332
38550,270.649993896484,98.4633564949036,0.00126735004570339
38560,270.649993896484,98.3110144734383,0.00126538920793856
38570,270.649993896484,98.158948123455,0.00126343191842029
38580,270.649993896484,98.0071499943733,0.00126147808125002
38590,270.649993896484,97.8556424379349,0.00125952798412342
38600,270.649993896484,97.7044105529785,0.00125758143524336
38610,270.649993896484,97.5534543395042,0.00125563843460987
38620,270.649993896484,97.4027663469315,0.00125369888632437
38630,270.649993896484,97.2523540258408,0.00125176288628543
38640,270.649993896484,97.1022248268127,0.00124983053039159
38650,270.649993896484,96.9523638486862,0.00124790162684576
38660,270.649993896484,96.8027710914612,0.00124597617564792
38670,270.649993896484,96.6534540057182,0.00124405427269664
38680,270.649993896484,96.5044125914574,0.00124213591799191
38690,270.649993896484,96.3556319475174,0.00124022091973663
38700,270.649993896484,96.2071269750595,0.0012383094697279
38710,270.649993896484,96.0588976740837,0.00123640156796573
38720,270.649993896484,95.9109365940094,0.00123449711855155
38730,270.649993896484,95.7632437348366,0.00123259612148537
38740,270.649993896484,95.6158116459847,0.00123069848086864
38750,270.649993896484,95.4686477780342,0.00122880429259991
38760,270.649993896484,95.3217670321465,0.00122691374847628
38770,270.649993896484,95.1751321554184,0.00122502636900499
38780,270.649993896484,95.0287729501724,0.00122314253778025
38790,270.649993896484,94.8826670646667,0.0012212619671064
38800,270.649993896484,94.7368443012238,0.00121938504057766
38810,270.649993896484,94.5912748575211,0.00121751137459981
38820,270.649993896484,94.4459736347198,0.00121564116096995
38830,270.649993896484,94.3009257316589,0.00121377420789099
38840,270.649993896484,94.1561609506607,0.00121191089895713
38850,270.649993896484,94.0116494894028,0.00121005085057417
38860,270.649993896484,93.8673764467239,0.00120819387094498
38870,270.649993896484,93.7233865261078,0.00120634053546089
38880,270.649993896484,93.5796499252319,0.0012044904605277
38890,270.649993896484,93.4361815452576,0.00120264383794251
38900,270.649993896484,93.2929664850235,0.0012008004759082
38910,270.649993896484,93.1499898433685,0.00119896018262767
38920,270.649993896484,93.0072963237762,0.00119712353349225
38930,270.649993896484,92.8648561239243,0.00119529014490772
38940,270.649993896484,92.7226692438126,0.00119346001687408
38950,270.649993896484,92.5807356834412,0.00119163314939132
38960,270.649993896484,92.4390554428101,0.00118980954245945
38970,270.649993896484,92.2976434230804,0.00118798938787558
38980,270.649993896484,92.1564698219299,0.00118617230204549
38990,270.649993896484,92.0155495405197,0.00118435847676629
39000,270.649993896484,91.874897480011,0.00118254810383508
39010,270.649993896484,91.7344838380814,0.00118074079965765
39020,270.649993896484,91.5943384170532,0.00117893694782822
39030,270.649993896484,91.4544314146042,0.00117713616475257
39040,270.649993896484,91.3147777318954,0.00117533864222781
39050,270.649993896484,91.1753624677658,0.00117354418845682
39060,270.649993896484,91.0362154245377,0.00117175318703383
39070,270.649993896484,90.8973067998886,0.00116996525436462
39080,270.649993896484,90.7586365938187,0.00116818039044918
39090,270.649993896484,90.6202346086502,0.00116639897888174
39100,270.649993896484,90.4820710420609,0.00116462063606808
39110,270.649993896484,90.3441458940506,0.0011628453620082
39120,270.649993896484,90.2064740657806,0.0011610733484992
39130,270.649993896484,90.069055557251,0.0011593045955411
39140,270.649993896484,89.9318754673004,0.00115753891133677
39150,270.649993896484,89.794933795929,0.00115577629588621
39160,270.649993896484,89.6582305431366,0.00115401674918943
39170,270.649993896484,89.5217806100845,0.00115226046304355
39180,270.649993896484,89.3855839967728,0.00115050743744854
39190,270.649993896484,89.2496109008789,0.00114875728881021
39200,270.649993896484,89.1138762235641,0.00114701020892565
39210,270.649993896484,88.9783948659897,0.00114526638959198
39220,270.649993896484,88.8431519269943,0.00114352563901208
39230,270.649993896484,88.7081474065781,0.00114178795718597
39240,270.649993896484,88.5733664035797,0.00114005315231651
39250,270.649993896484,88.4388536214828,0.00113832179979506
39260,270.649993896484,88.3045643568039,0.00113659332423028
39270,270.649993896484,88.1704986095428,0.00113486772562215
39280,270.649993896484,88.0366861820221,0.00113314538756492
39290,270.649993896484,87.9030972719193,0.00113142592646435
39300,270.649993896484,87.7697616815567,0.00112970972591467
39310,270.649993896484,87.6366496086121,0.00112799640232166
39320,270.649993896484,87.5037610530853,0.00112628595568531
39330,270.649993896484,87.3711258172989,0.00112457876959985
39340,270.649993896484,87.2387290000916,0.00112287465226817
39350,270.649993896484,87.1065258979797,0.00112117302829893
39360,270.649993896484,86.9745761156082,0.00111947466488058
39370,270.649993896484,86.8428647518158,0.001117779370216
39380,270.649993896484,86.7113918066025,0.0011160871443052
39390,270.649993896484,86.5801274776459,0.00111439760355396
39400,270.649993896484,86.4491015672684,0.00111271113155649
39410,270.649993896484,86.3182991743088,0.00111102753651569
39420,270.649993896484,86.1877351999283,0.00110934701022867
39430,270.649993896484,86.0574096441269,0.00110766955269542
39440,270.649993896484,85.927277803421,0.00110599458852461
39450,270.649993896484,85.7973992824554,0.0011043228849047
39460,270.649993896484,85.6677442789078,0.00110265405824145
39470,270.649993896484,85.5382978916168,0.00110098791673775
39480,270.649993896484,85.409089922905,0.00109932484398783
39490,270.649993896484,85.280105471611,0.00109766464819458
39500,270.649993896484,85.151344537735,0.00109600732935799
39510,270.649993896484,85.0227922201157,0.00109435269568096
39520,270.649993896484,84.8944783210754,0.00109270113075771
39530,270.649993896484,84.7663879394531,0.00109105244279112
39540,270.649993896484,84.6385210752487,0.00108940663178119
39550,270.649993896484,84.5108479261398,0.00108776331413371
39560,270.649993896484,84.38341319561,0.00108612306524001
39570,270.649993896484,84.2562019824982,0.00108448569330297
39580,270.649993896484,84.129199385643,0.00108285100652549
39590,270.649993896484,84.0024352073669,0.00108121938850178
39600,270.649993896484,83.8758796453476,0.00107959045563763
39610,270.649993896484,83.749532699585,0.00107796420793303
39620,270.649993896484,83.6234092712402,0.0010763408371851
39630,270.649993896484,83.4974944591522,0.00107472015159672
39640,270.649993896484,83.3717882633209,0.0010731021511679
39650,270.649993896484,83.2463204860687,0.00107148721949286
39660,270.649993896484,83.121046423912,0.00106987478118025
39670,270.649993896484,82.9959958791733,0.00106826521982432
39680,270.649993896484,82.8711539506912,0.00106665834362794
39690,270.649993896484,82.7465355396271,0.00106505434438822
39700,270.649993896484,82.6221108436584,0.00106345283851095
39710,270.649993896484,82.4979096651077,0.00106185420959035
39720,270.649993896484,82.3739171028137,0.00106025826582929
39730,270.649993896484,82.2501331567764,0.0010586650072278
39740,270.649993896484,82.1265578269959,0.00105707443378586
39750,270.649993896484,82.0032060146332,0.00105548673730058
39760,270.649993896484,81.880047917366,0.00105390153417775
39770,270.649993896484,81.7570984363556,0.00105231901621447
39780,270.649993896484,81.6343575716019,0.00105073918341075
39790,270.649993896484,81.5118253231049,0.00104916203576658
39800,270.649993896484,81.3894867897034,0.00104758738148485
39810,270.649993896484,81.2673717737198,0.0010460156041598
39820,270.649993896484,81.1454355716705,0.00104444612840007
39830,270.649993896484,81.0237228870392,0.00104287952959701
39840,270.649993896484,80.9022188186646,0.0010413156159535
39850,270.649993896484,80.7809084653854,0.00103975419567244
39860,270.649993896484,80.6597918272018,0.00103819526875382
39870,270.649993896484,80.5389136075974,0.00103663941058898
39880,270.649993896484,80.418199300766,0.00103508566219236
39890,270.649993896484,80.2976936101913,0.0010335345989553
39900,270.649993896484,80.1773965358734,0.00103198622087779
39910,270.649993896484,80.0573080778122,0.00103044052795983
39920,270.649993896484,79.9373984336853,0.00102889713660721
39930,270.649993896484,79.8176825046539,0.00102735623861703
39940,270.649993896484,79.6981900930405,0.00102581821758351
39950,270.649993896484,79.5788764953613,0.00102428249811533
39960,270.649993896484,79.4597566127777,0.0010227492720096
39970,270.649993896484,79.3408453464508,0.00102121873106341
39980,270.649993896484,79.2221277952194,0.00101969068347967
39990,270.649993896484,79.1035890579224,0.00101816493746127
40000,270.649993896484,78.985258936882,0.00101664187660241
40010,270.649993896484,78.8671225309372,0.00101512130910601
40020,270.649993896484,78.7491798400879,0.00101360323497204
40030,270.649993896484,78.6314159631729,0.00101208746240341
40040,270.649993896484,78.5138607025146,0.00101057437499433
40050,270.649993896484,78.3964991569519,0.0010090637809477
40060,270.649993896484,78.2793164253235,0.0010075554884664
40070,270.649993896484,78.1623274087906,0.00100604968934754
40080,270.649993896484,78.0455321073532,0.00100454638359113
40090,270.649993896484,77.9289156198502,0.00100304537940005
40100,270.649993896484,77.8124928474426,0.00100154686857141
40110,270.649993896484,77.6962637901306,0.00100005085110521
40120,270.649993896484,77.5802135467529,0.000998557135204353
40130,270.649993896484,77.4643421173096,0.000997065720868825
40140,270.649993896484,77.3486644029617,0.00099557679989574
40150,270.649993896484,77.2331953048706,0.00099409056408221
40160,270.649993896484,77.1178901195526,0.000992606438036901
40170,270.649993896484,77.0027637481689,0.000991124613556925
40180,270.649993896484,76.8878310918808,0.000989645282439393
40190,270.649993896484,76.773077249527,0.000988168252887193
40200,270.649993896484,76.6585022211075,0.000986693524900326
40210,270.649993896484,76.5441060066223,0.000985221098478791
40220,270.649993896484,76.4299184083939,0.000983751357216811
40230,270.649993896484,76.3158798217773,0.000982283533925942
40240,270.649993896484,76.2020200490952,0.000980818012200405
40250,270.649993896484,76.0883688926697,0.000979355175634423
40260,270.649993896484,75.9748667478561,0.000977894257039552
40270,270.649993896484,75.8615583181381,0.000976435831807124
40280,270.649993896484,75.7484436035156,0.00097497989993714
40290,270.649993896484,75.6354779005051,0.000973525886038266
40300,270.649993896484,75.52270591259,0.000972074365501836
40310,270.649993896484,75.4100978374481,0.000970624954733627
40320,270.649993896484,75.2976685762405,0.000969177845530751
40330,270.649993896484,75.1854181289673,0.000967733037893208
40340,270.649993896484,75.0733613967896,0.000966290723618108
40350,270.649993896484,74.9614387750626,0.000964850135517008
40360,270.649993896484,74.8497098684311,0.000963412040778352
40370,270.649993896484,74.7381448745728,0.000961976055807917
40380,270.649993896484,74.6267586946487,0.000960542372402814
40390,270.649993896484,74.5155513286591,0.000959110990563045
40400,270.649993896484,74.4045227766037,0.000957681910288607
40410,270.649993896484,74.2936432361603,0.000956254747985281
40420,270.649993896484,74.1829425096512,0.000954829887247287
40430,270.649993896484,74.0724056959152,0.000953407136277514
40440,270.649993896484,73.9620327949524,0.000951986495075963
40450,270.649993896484,73.8518238067627,0.000950567963642634
40460,270.649993896484,73.7418085336685,0.000949151925571748
40470,270.649993896484,73.6319422721863,0.000947737805471973
40480,270.649993896484,73.5222399234772,0.000946325795140419
40490,270.649993896484,73.4127163887024,0.000944916086374198
40500,270.649993896484,73.3033418655396,0.000943508295579088
40510,270.649993896484,73.1941312551498,0.000942102614552199
40520,270.649993896484,73.0850994586945,0.000940699235090642
40530,270.649993896484,72.976216673851,0.000939297773600197
40540,270.649993896484,72.8675127029419,0.000937898613675083
40550,270.649993896484,72.7589428424835,0.000936501179923969
40560,270.649993896484,72.6505666971207,0.000935106239535299
40570,270.649993896484,72.5423246622086,0.000933713025320629
40580,270.649993896484,72.4342465400696,0.000932321920874179
40590,270.649993896484,72.3263472318649,0.000930933117993063
40600,270.649993896484,72.2185969352722,0.000929546233083057
40610,270.649993896484,72.1109956502914,0.000928161266144161
40620,270.649993896484,72.003573179245,0.000926778600770598
40630,270.649993896484,71.8962848186493,0.000925397661571035
40640,270.649993896484,71.7891901731491,0.000924019215733915
40650,270.649993896484,71.6821998357773,0.000922642112476573
40660,270.649993896484,71.5753883123398,0.000921267310784563
40670,270.649993896484,71.4687407016754,0.000919894618860774
40680,270.649993896484,71.3622570037842,0.000918524036705208
40690,270.649993896484,71.2559074163437,0.00091715518072364
40700,270.649993896484,71.1496919393539,0.000915788050916072
40710,270.649993896484,71.0436552762985,0.000914423222673837
40720,270.649993896484,70.9377825260162,0.000913060504199824
40730,270.649993896484,70.8320438861847,0.000911699511899809
40740,270.649993896484,70.7264393568039,0.000910340245773794
40750,270.649993896484,70.6210136413574,0.000908983281213112
40760,270.649993896484,70.5157369375229,0.000907628234623541
40770,270.649993896484,70.4105943441391,0.000906274914207968
40780,270.649993896484,70.3056007623672,0.000904923511763507
40790,270.649993896484,70.2007710933685,0.000903574219087267
40800,270.649993896484,70.0960755348206,0.000902226652585026
40810,270.649993896484,69.9915140867233,0.000900880812256785
40820,270.649993896484,69.8871165513992,0.000899537081696765
40830,270.649993896484,69.7828680276871,0.000898195269107856
40840,270.649993896484,69.6787536144257,0.000896855182692946
40850,270.649993896484,69.5747882127762,0.000895517014249147
40860,270.649993896484,69.4709569215775,0.000894180571979347
40870,270.649993896484,69.3672895431519,0.000892846239477769
40880,270.649993896484,69.263756275177,0.00089151363315019
40890,270.649993896484,69.1603571176529,0.000890182752996611
40900,270.649993896484,69.0571069717407,0.000888853790814142
40910,270.649993896484,68.9539909362793,0.000887526554805673
40920,270.649993896484,68.8510239124298,0.000886201236768314
40930,270.649993896484,68.7481909990311,0.000884877644904954
40940,270.649993896484,68.6454921960831,0.000883555779215594
40950,270.649993896484,68.542942404747,0.000882235831497345
40960,270.649993896484,68.4405267238617,0.000880917609953095
40970,270.649993896484,68.3382451534271,0.000879601114582845
40980,270.649993896484,68.2360976934433,0.000878286345386594
40990,270.649993896484,68.1340992450714,0.000876973494161453
41000,270.649993896484,68.0322200059891,0.000875662177313201
41010,270.649993896484,67.9304897785187,0.000874352778436059
41020,270.649993896484,67.828893661499,0.000873045105732917
41030,270.649993896484,67.7274167537689,0.000871738967406663
41040,270.649993896484,67.6260888576508,0.00087043474705152
41050,270.649993896484,67.5248950719833,0.000869132252870376
41060,270.649993896484,67.4238204956055,0.000867831293066121
41070,270.649993896484,67.3228949308395,0.000866532251232976
41080,270.649993896484,67.222073674202,0.000865234551979608
41090,270.649993896484,67.1214014291763,0.000863938770697351
41100,270.649993896484,67.0208483934402,0.000862644523791982
41110,270.649993896484,66.9204443693161,0.000861352194857724
41120,270.649993896484,66.8201297521591,0.000860061016706132
41130,270.647369384766,66.7199790477753,0.000858780275974523
41140,270.612915039063,66.619947552681,0.000857601905169721
41150,270.578491210938,66.5200501680374,0.000856424864304407
41160,270.544036865234,66.4202570915222,0.000855248963485644
41170,270.509613037109,66.320613026619,0.000854074585736011
41180,270.475158691406,66.2210732698441,0.000852901348736247
41190,270.440734863281,66.1216825246811,0.000851729636136881
41200,270.406280517578,66.0223811864853,0.000850558873022204
41210,270.371826171875,65.9232288599014,0.000849389731463743
41220,270.33740234375,65.8241808414459,0.000848221540271576
41230,270.302947998047,65.7252818346024,0.000847055067601772
41240,270.268524169922,65.626472234726,0.00084588935441643
41250,270.234069824219,65.5278116464615,0.000844725360559702
41260,270.199645996094,65.4292702674866,0.000843562511509625
41270,270.165191650391,65.3308182954788,0.000842400614128732
41280,270.130767822266,65.2325302362442,0.0008412404391409
41290,270.096313476563,65.1343166828156,0.000840081024294213
41300,270.061889648438,65.0362521409988,0.000838923140960374
41310,270.027435302734,64.9382770061493,0.000837766210523541
41320,269.993011474609,64.8404508829117,0.000836610812885707
41330,269.958557128906,64.7427290678024,0.00083545656104917
41340,269.924133300781,64.6451115608215,0.000834303266408776
41350,269.889678955078,64.5476132631302,0.000833151310475306
41360,269.855255126953,64.4502490758896,0.000832000697552928
41370,269.82080078125,64.3529742956162,0.000830851039330301
41380,269.786376953125,64.2558187246323,0.000829702532897391
41390,269.751922607422,64.1587674617767,0.000828555174121528
41400,269.717498779297,64.0618503093719,0.000827409160736711
41410,269.683044433594,63.9650374650955,0.000826264295679272
41420,269.648620605469,63.8683289289474,0.000825120392234054
41430,269.614166259766,63.7717247009277,0.000823977637689535
41440,269.579742431641,63.6752545833588,0.00082283623091815
41450,269.545288085938,63.578873872757,0.000821695781137252
41460,269.510864257813,63.4826123714447,0.000820556487713568
41470,269.476409912109,63.3864402770996,0.000819418151806974
41480,269.441986083984,63.2904022932053,0.000818281166008549
41490,269.407562255859,63.1944388151169,0.000817144853059192
41500,269.373107910156,63.0986094474792,0.000816010076488529
41510,269.338684082031,63.0028694868088,0.00081487607364754
41520,269.304229736328,62.9072487354279,0.000813743415156379
41530,269.269805908203,62.8117173910141,0.000812611531391498
41540,269.2353515625,62.7163052558899,0.000811480992605805
41550,269.200927734375,62.6209676265717,0.000810351036713918
41560,269.16650390625,62.5257641077042,0.000809222527488543
41570,269.132049560547,62.4306499958038,0.000808094978480203
41580,269.097625732422,62.3356401920319,0.00080696839954579
41590,269.063171386719,62.2407346963882,0.000805842974240944
41600,269.028747558594,62.1459186077118,0.000804718327104631
41610,268.994323730469,62.0512068271637,0.000803594742964315
41620,268.959869384766,61.956599354744,0.000802472313280798
41630,268.925445556641,61.8620961904526,0.000801350856241539
41640,268.891021728516,61.7676675319672,0.000800230077319923
41650,268.856567382813,61.6733580827713,0.000799110646711936
41660,268.822143554688,61.5791380405426,0.000797991997170795
41670,268.787689208984,61.4850223064423,0.000796874503454369
41680,268.753265380859,61.3909959793091,0.000795757791755289
41690,268.718841552734,61.2970590591431,0.000794641952999606
41700,268.684387207031,61.2032264471054,0.000793527270853072
41710,268.649963378906,61.1094832420349,0.000792413372125668
41720,268.615539550781,61.0158294439316,0.000791300347398352
41730,268.581085205078,60.9222650527954,0.000790188286792469
41740,268.546661376953,60.8288049697876,0.000789077204258221
41750,268.512237548828,60.7354342937469,0.000787966996782389
41760,268.477783203125,60.6421530246735,0.000786857754142826
41770,268.443359375,60.5489462614059,0.000785749104305538
41780,268.408935546875,60.455858707428,0.000784641717284452
41790,268.37451171875,60.3628307580948,0.000783534819872256
41800,268.340057373047,60.2699220180511,0.000782429275033402
41810,268.305633544922,60.1770728826523,0.000781324131281139
41820,268.271209716797,60.0843280553818,0.000780220058395375
41830,268.236755371094,59.9916577339172,0.00077911675838407
41840,268.202331542969,59.899091720581,0.000778014441209716
41850,268.167907714844,59.8066002130508,0.000776912808895391
41860,268.133483886719,59.7141981124878,0.000775812055302049
41870,268.099029541016,59.6218705177307,0.000774712075331211
41880,268.064605712891,59.529647231102,0.000773613080056804
41890,268.030181884766,59.437483549118,0.000772514577175821
41900,267.995758056641,59.3454241752624,0.000771417147968025
41910,267.961303710938,59.2534244060516,0.000770320299412767
41920,267.926879882813,59.1615289449692,0.00076922443736537
41930,267.892456054688,59.0696781873703,0.000768128874998406
41940,267.858032226563,58.9779615402222,0.000767034775205022
41950,267.823577880859,58.8862746953964,0.000765940869077268
41960,267.789154052734,58.7946772575378,0.000764847757374537
41970,267.754730224609,58.7031841278076,0.000763755721697726
41980,267.720306396484,58.6117506027222,0.000762664180774012
41990,267.685852050781,58.5204064846039,0.000761573609459404
42000,267.651428222656,58.4291219711304,0.000760483446443029
42010,267.617004394531,58.337926864624,0.000759394166794112
42020,267.582580566406,58.2468062639236,0.00075830557685782
42030,267.548156738281,58.155745267868,0.000757217482879652
42040,267.513702392578,58.0647736787796,0.000756130359400702
42050,267.479278564453,57.9738914966583,0.000755044034133022
42060,267.444854736328,57.8830689191818,0.00075395820559802
42070,267.410430908203,57.7923059463501,0.000752872873987531
42080,267.376007080078,57.7016174793243,0.00075178823363913
42090,267.341552734375,57.611059397459,0.000750705098654247
42100,267.30712890625,57.5205907225609,0.000749622764041809
42110,267.272705078125,57.4302487075329,0.000748541801503028
42120,267.23828125,57.340033352375,0.000747462211568126
42130,267.203857421875,57.2499372065067,0.000746383897632239
42140,267.16943359375,57.1599677205086,0.000745306957336467
42150,267.135009765625,57.0701211690903,0.000744231342631648
42160,267.100555419922,56.9803975522518,0.000743157138939727
42170,267.066131591797,56.8907968699932,0.000742084176842989
42180,267.031707763672,56.8013228476047,0.000741012590474685
42190,266.997283935547,56.7119680345058,0.000739942283156418
42200,266.962860107422,56.6227398812771,0.000738873352606021
42210,266.928436279297,56.5336346626282,0.000737805750738357
42220,266.894012451172,56.4446486532688,0.000736739429443479
42230,266.859588623047,56.3557893037796,0.000735674486477628
42240,266.825134277344,56.2670491635799,0.000734610909120655
42250,266.790710449219,56.1784356832504,0.000733548627004534
42260,266.756286621094,56.0899414122105,0.000732487627495342
42270,266.721862792969,56.0015738010407,0.000731428008400584
42280,266.687438964844,55.9133253991604,0.000730369672931353
42290,266.653015136719,55.8251962065697,0.000729312621584781
42300,266.618591308594,55.7371936738491,0.000728256952206847
42310,266.584167480469,55.6493103504181,0.000727202567971748
42320,266.549743652344,55.5615499615669,0.000726149518064264
42330,266.515319824219,55.4739125072956,0.000725097803001432
42340,266.480895996094,55.3863979876041,0.000724047423300555
42350,266.446472167969,55.2990026772022,0.000722998330773466
42360,266.412048339844,55.2117265760899,0.000721950525919122
42370,266.377593994141,55.1245734095573,0.000720904140545517
42380,266.343170166016,55.0375431776047,0.000719859009881034
42390,266.308746337891,54.9506321549416,0.000718815168413032
42400,266.274322509766,54.863840341568,0.000717772616641512
42410,266.239898681641,54.7771714627743,0.00071673140381026
42420,266.205474853516,54.6906255185604,0.000715691530438703
42430,266.171051025391,54.6041987836361,0.000714652948290401
42440,266.136627197266,54.5178912580013,0.0007136156578664
42450,266.102203369141,54.4317029416561,0.000712579659668005
42460,266.067779541016,54.3456375598907,0.000711545002971839
42470,266.033355712891,54.2596913874149,0.00071051163951729
42480,265.998931884766,54.1738644242287,0.000709479569806445
42490,265.964508056641,54.0881566703319,0.000708448794341653
42500,265.930084228516,54.0025718510151,0.000707419362425838
42510,265.895660400391,53.9171025156975,0.000706391176967555
42520,265.861236572266,53.8317561149597,0.000705364336076886
42530,265.826812744141,53.7465289235115,0.00070433879145691
42540,265.792388916016,53.6614209413528,0.000703314543611283
42550,265.757965087891,53.5764284431934,0.000702291544212001
42560,265.723541259766,53.4915588796139,0.000701269891420755
42570,265.689117431641,53.4068085253239,0.000700249536916389
42580,265.654693603516,53.3221736550331,0.000699230432352701
42590,265.620269775391,53.2376617193222,0.000698212675930126
42600,265.585876464844,53.1532652676106,0.000697196090333287
42610,265.551452636719,53.0689880251884,0.000696180885249776
42620,265.517028808594,52.9848337173462,0.000695167029842699
42630,265.482604980469,52.9007911682129,0.000694154377989367
42640,265.448181152344,52.8168715536594,0.000693143076824741
42650,265.413757324219,52.7330674231052,0.000692133029083873
42660,265.379333496094,52.6493825018406,0.000691124284156118
42670,265.344909667969,52.5658130645752,0.000690116793640593
42680,265.310485839844,52.4823628365994,0.000689110606939855
42690,265.276062011719,52.3990318179131,0.000688105724561478
42700,265.241638183594,52.315816283226,0.00068710209808632
42710,265.207214355469,52.2327199578285,0.000686099776936757
42720,265.172790527344,52.1497391164303,0.000685098712681467
42730,265.138397216797,52.0668737590313,0.000684098827069844
42740,265.103973388672,51.9841313362122,0.00068310037608153
42750,265.069549560547,51.901500672102,0.000682103134523504
42760,265.035125732422,51.8189892172813,0.000681107200797226
42770,265.000701904297,51.73659324646,0.000680112526440898
42780,264.966278076172,51.6543127596378,0.000679119111945364
42790,264.931854248047,51.5721514821053,0.000678127006785912
42800,264.8974609375,51.4901056885719,0.000677136084472797
42810,264.863037109375,51.4081753790379,0.000676146501620796
42820,264.82861328125,51.3263642787933,0.000675158229611424
42830,264.794189453125,51.2446649372578,0.000674171170936608
42840,264.759765625,51.1630848050117,0.000673185424101672
42850,264.725341796875,51.081620156765,0.000672200940595975
42860,264.69091796875,51.0002672672272,0.000671217671883639
42870,264.656524658203,50.9190335869789,0.000670235639224028
42880,264.622100830078,50.8379153907299,0.000669254948761133
42890,264.587677001953,50.7569126784802,0.00066827552360049
42900,264.553253173828,50.6760254502296,0.000667297364236027
42910,264.518829345703,50.5952499806881,0.000666320422101252
42920,264.484436035156,50.5145937204361,0.000665344719034653
42930,264.450012207031,50.4340492188931,0.000664370311047472
42940,264.415588378906,50.3536202013493,0.000663397170821847
42950,264.381164550781,50.2733066678047,0.000662425298852986
42960,264.346740722656,50.1931086182594,0.000661454695636353
42970,264.312347412109,50.1130223274231,0.000660485236308848
42980,264.277923583984,50.033051520586,0.000659517123074168
42990,264.243499755859,49.9531961977482,0.000658550280066747
43000,264.209075927734,49.8734563589096,0.000657584707783079
43010,264.174652099609,49.7938245534897,0.000656620308470737
43020,264.140258789063,49.7143119573593,0.000655657154229608
43030,264.105834960938,49.6349111199379,0.000654695298906019
43040,264.071411132813,49.5556257665157,0.000653734716269003
43050,264.036987304688,49.4764521718025,0.000652775357666135
43060,264.002593994141,49.3973940610886,0.000651817197385533
43070,263.968170166016,49.3184477090836,0.000650860337557881
43080,263.933746337891,49.2396131157875,0.000649904703214275
43090,263.899322509766,49.1608940064907,0.000648950344010126
43100,263.864929199219,49.0822866559029,0.000647997136317436
43110,263.830505371094,49.003791064024,0.000647045230606217
43120,263.796081542969,48.9254109561443,0.000646094601506631
43130,263.761688232422,48.8471426069736,0.000645145125672847
43140,263.727264404297,48.7689860165119,0.000644196952973987
43150,263.692840576172,48.6909411847591,0.000643250009146883
43160,263.658416748047,48.6130118370056,0.000642304343893642
43170,263.6240234375,48.5351905226707,0.000641359785015787
43180,263.589599609375,48.4574846923351,0.000640416580032518
43190,263.55517578125,48.3798906207085,0.00063947460586059
43200,263.520782470703,48.3024045825005,0.00063853373978911
43210,263.486358642578,48.2250340282917,0.000637594228779872
43220,263.451934814453,48.1477752327919,0.000636655950029647
43230,263.417541503906,48.0706244707108,0.000635718781106132
43240,263.383117675781,47.9935891926289,0.000634782968415852
43250,263.348693847656,47.9166619479656,0.000633848340155863
43260,263.314300537109,47.8398464620113,0.000632914872722279
43270,263.279876708984,47.7631464600563,0.000631982762696255
43280,263.245452880859,47.6865507662296,0.00063105178923542
43290,263.211059570313,47.6100705564022,0.000630122027640539
43300,263.176635742188,47.5336983799934,0.000629193526009123
43310,263.142211914063,47.4574379622936,0.000628266260967567
43320,263.107818603516,47.3812893033028,0.000627340160236755
43330,263.073394775391,47.3052486777306,0.000626415320598805
43340,263.039001464844,47.2293198108673,0.000625491646425498
43350,263.004577636719,47.1534989774227,0.000624569234095463
43360,262.970153808594,47.0777899026871,0.0006236480607586
43370,262.935760498047,47.0021925866604,0.000622728054624745
43380,262.901336669922,46.9267033040524,0.000621809311469034
43390,262.866943359375,46.851322054863,0.000620891687302601
43400,262.83251953125,46.7760525643826,0.000619975376230885
43410,262.798095703125,46.7008911073208,0.000619060257180024
43420,262.763702392578,46.625841408968,0.00061814630821489
43430,262.729278564453,46.5508997440338,0.000617233624109377
43440,262.694885253906,46.4760661125183,0.000616322061844877
43450,262.660461425781,46.4013405144215,0.000615411765184757
43460,262.626037597656,46.3267266750336,0.000614502712317383
43470,262.591644287109,46.2522208690643,0.000613594783001099
43480,262.557220458984,46.1778230965137,0.000612688120422058
43490,262.522827148438,46.1035333573818,0.00061178258252616
43500,262.488403320313,46.0293553769588,0.000610878361556052
43510,262.454010009766,45.9552817046642,0.000609975216967975
43520,262.419586181641,45.8813160657883,0.000609073340615341
43530,262.385192871094,45.8074621856213,0.00060817264067116
43540,262.350769042969,45.7337126135826,0.000607273160260556
43550,262.316345214844,45.6600748002529,0.000606374927949965
43560,262.281951904297,45.5865412950516,0.000605477774822805
43570,262.247528076172,45.5131158232689,0.000604581891812038
43580,262.213134765625,45.4398021101952,0.000603687188077327
43590,262.1787109375,45.3665927052498,0.000602793705728317
43600,262.144317626953,45.2934876084328,0.000601901304793196
43610,262.109893798828,45.2204942703247,0.000601010224984256
43620,262.075500488281,45.147605240345,0.000600120227711717
43630,262.041076660156,45.074824243784,0.000599231502811567
43640,262.006683349609,45.0021512806416,0.000598343911088928
43650,261.972259521484,44.9295863509178,0.0005974575924979
43660,261.937866210938,44.8571220040321,0.000596572309132792
43670,261.903442382813,44.7847694158554,0.000595688349184523
43680,261.869049072266,44.712521135807,0.000594805475117345
43690,261.834655761719,44.6403808891773,0.000593923806454988
43700,261.800231933594,44.568344950676,0.000593043363232378
43710,261.765838623047,44.4964170455933,0.000592164057128543
43720,261.731414794922,44.4245934486389,0.000591285977202665
43730,261.697021484375,44.3528778851032,0.000590409035520984
43740,261.66259765625,44.2812666296959,0.000589533320756899
43750,261.628204345703,44.2097559571266,0.000588658646157516
43760,261.593780517578,44.1383570432663,0.000587785298409193
43770,261.559387207031,44.0670624375343,0.000586913041541739
43780,261.524963378906,43.9958721399307,0.00058604201306238
43790,261.490570068359,43.9247898757458,0.000585172126193632
43800,261.456176757813,43.8538081943989,0.000584303350620713
43810,261.421752929688,43.7829345464706,0.000583435854174532
43820,261.387359619141,43.7121652066708,0.000582569451375483
43830,261.352935791016,43.6415001749992,0.000581704278807327
43840,261.318542480469,43.5709394514561,0.000580840200988513
43850,261.284149169922,43.5004830360413,0.000579977286394547
43860,261.249725341797,43.4301309287548,0.000579115603133541
43870,261.21533203125,43.3598831295967,0.00057825501627612
43880,261.180908203125,43.2897433638573,0.000577395711175854
43890,261.146514892578,43.2197041809559,0.000576537453901555
43900,261.112121582031,43.1497655808926,0.000575680312451054
43910,261.077697753906,43.0799350142479,0.000574824453871629
43920,261.043304443359,43.0102087557316,0.000573969694455504
43930,261.008911132813,42.9405830800533,0.000573116052226234
43940,260.974487304688,42.8710654377937,0.000572263693998254
43950,260.940093994141,42.8016483783722,0.000571412386857428
43960,260.905700683594,42.732335627079,0.000570562247995662
43970,260.871276855469,42.6631197333336,0.000569713245028666
43980,260.836883544922,42.5940155982971,0.000568865444007976
43990,260.802459716797,42.5250083208084,0.000568018779600111
44000,260.76806640625,42.4561053514481,0.000567173218738523
44010,260.733673095703,42.3873066902161,0.000566328828442786
44020,260.699279785156,42.3186123371124,0.000565485609176189
44030,260.664855957031,42.2500148415565,0.000564643527936343
44040,260.630462646484,42.181521654129,0.000563802552430766
44050,260.596069335938,42.1131327748299,0.000562962749319484
44060,260.561645507813,42.0448444783688,0.000562124135098258
44070,260.527252197266,41.976660490036,0.000561286628260263
44080,260.492858886719,41.9085770845413,0.000560450245378113
44090,260.458435058594,41.8405942618847,0.000559615052466424
44100,260.424041748047,41.7727120220661,0.000558780918742867
44110,260.3896484375,41.7049340903759,0.000557947960150388
44120,260.355224609375,41.6372567415237,0.000557116192611903
44130,260.320831298828,41.5696799755096,0.000556285485879949
44140,260.286437988281,41.5022075176239,0.000555455955650704
44150,260.252044677734,41.4348319172859,0.000554627502660578
44160,260.217620849609,41.3675606250763,0.000553800292028027
44170,260.183227539063,41.3003861904144,0.000552974094479045
44180,260.148834228516,41.2333160638809,0.000552149075247358
44190,260.114440917969,41.1663427948952,0.000551325135017586
44200,260.080017089844,41.0994738340378,0.000550502438609277
44210,260.045623779297,41.0327054560184,0.000549680807306847
44220,260.01123046875,40.9660339355469,0.000548860256330923
44230,259.976837158203,40.8994667232037,0.000548040885945866
44240,259.942413330078,40.8329963684082,0.000547222661016128
44250,259.908020019531,40.7666265964508,0.000546405503325208
44260,259.873626708984,40.7003574073315,0.000545589477654587
44270,259.839233398438,40.6341850757599,0.000544774534509544
44280,259.804840087891,40.5681170523167,0.000543960774221691
44290,259.770416259766,40.5021458864212,0.00054314816115445
44300,259.736022949219,40.4362753033638,0.000542336617998349
44310,259.701629638672,40.3705015778542,0.00054152615912868
44320,259.667236328125,40.3048321604729,0.000540716884930924
44330,259.632843017578,40.2392596006393,0.000539908695908001
44340,259.598419189453,40.1737838983536,0.000539101655866324
44350,259.564025878906,40.1084050536156,0.000538295638400872
44360,259.529632568359,40.0431305170059,0.000537490807412614
44370,259.495239257813,39.977952837944,0.000536687063352432
44380,259.460845947266,39.9128720164299,0.000535884406652564
44390,259.426452636719,39.8478880524635,0.000535082837745479
44400,259.392028808594,39.7830083966255,0.000534282519983094
44410,259.357635498047,39.7182181477547,0.00053348312788744
44420,259.3232421875,39.6535322070122,0.000532684924970684
44430,259.288848876953,39.5889431238174,0.000531887811605541
44440,259.254455566406,39.5244508981705,0.000531091788225638
44450,259.220062255859,39.4600555300713,0.000530296855264834
44460,259.185668945313,39.3957607448101,0.00052950306322739
44470,259.151245117188,39.3315628170967,0.000528710424751524
44480,259.116851806641,39.2674617469311,0.000527918815665256
44490,259.082458496094,39.2034575343132,0.000527128298749226
44500,259.048065185547,39.1395501792431,0.000526338874438453
44510,259.013671875,39.0757396817207,0.000525550543168182
44520,258.979278564453,39.0120260417461,0.000524763305373892
44530,258.944885253906,38.9484092593193,0.000523977161491293
44540,258.910491943359,38.8848930597305,0.000523192162079717
44550,258.876098632813,38.8214662671089,0.000522408157205163
44560,258.841674804688,38.7581400573254,0.000521625359174124
44570,258.807281494141,38.6949107050896,0.000520843595216006
44580,258.772888183594,38.6317744851112,0.000520062877201666
44590,258.738494873047,38.5687351226807,0.000519283255704916
44600,258.7041015625,38.5057926177979,0.000518504731163085
44610,258.669708251953,38.4429469704628,0.000517727304013732
44620,258.635314941406,38.3801981806755,0.000516950974694652
44630,258.600921630859,38.317546248436,0.000516175743643871
44640,258.566528320313,38.2549837231636,0.000515401510919513
44650,258.532135009766,38.192518055439,0.000514628377313497
44660,258.497741699219,38.1301492452621,0.000513856343264542
44670,258.463348388672,38.0678772926331,0.000513085409211594
44680,258.428955078125,38.0057021975517,0.000512315575593837
44690,258.394561767578,37.9436165094376,0.000511546742403746
44700,258.360168457031,37.8816276788712,0.000510779010501169
44710,258.325775146484,37.8197357058525,0.00051001238032598
44720,258.291381835938,37.757933139801,0.000509246751831221
44730,258.256988525391,37.6962311565876,0.000508482276167761
44740,258.222595214844,37.6346185803413,0.000507718803025492
44750,258.188201904297,37.5731065869331,0.000506956483595891
44760,258.15380859375,37.5116840004921,0.00050619516752915
44770,258.119415283203,37.4503545463085,0.000505434905503359
44780,258.085021972656,37.3891219496727,0.00050467574822362
44790,258.050628662109,37.3279824852943,0.00050391764584125
44800,258.016235351563,37.2669361531734,0.000503160598778099
44810,257.981842041016,37.20598295331,0.000502404607456242
44820,257.947448730469,37.145122885704,0.00050164967229798
44830,257.913055419922,37.0843559503555,0.000500895793725839
44840,257.878662109375,37.0236858725548,0.000500143022486514
44850,257.844268798828,36.9631052017212,0.000499391258361806
44860,257.809875488281,36.9026213884354,0.000498640602429522
44870,257.775482177734,36.8422269821167,0.000497890954445062
44880,257.741088867188,36.7819294333458,0.000497142415513546
44890,257.706695556641,36.7217212915421,0.00049639488536396
44900,257.672302246094,36.6616025567055,0.000495648364400251
44910,257.637908935547,36.6015806794167,0.000494902953768526
44920,257.603515625,36.541648209095,0.000494158553158121
44930,257.569122314453,36.4818125963211,0.000493415263742489
44940,257.534729003906,36.4220663905144,0.000492672985184519
44950,257.500335693359,36.3624133169651,0.000491931768287144
44960,257.465972900391,36.302849650383,0.000491191504850014
44970,257.431579589844,36.2433791160584,0.000490452362212202
44980,257.397186279297,36.1840054392815,0.000489714332916555
44990,257.36279296875,36.1247174441814,0.000488977266134975
45000,257.328399658203,36.0655188560486,0.000488241212684952
45010,257.294006347656,36.0064134001732,0.000487506223411152
45020,257.259613037109,35.9474048018456,0.000486772349185426
45030,257.225219726563,35.8884818851948,0.000486039439099694
45040,257.190826416016,35.8296483755112,0.000485307543999282
45050,257.156433105469,35.7709117233753,0.000484576765221999
45060,257.1220703125,35.7122644782066,0.000483846944844401
45070,257.087677001953,35.6537029147148,0.000483118147728923
45080,257.053283691406,35.5952382087708,0.000482390468213538
45090,257.018890380859,35.5368591845036,0.000481663755270045
45100,256.984497070313,35.4785732924938,0.000480938110284613
45110,256.950103759766,35.420373082161,0.000480213432674479
45120,256.915710449219,35.3622697293758,0.000479489874365849
45130,256.88134765625,35.3042520582676,0.000478767227372627
45140,256.846954345703,35.2463237941265,0.000478045656443347
45150,256.812561035156,35.1884886622429,0.000477325155564404
45160,256.778167724609,35.1307392120361,0.000476605624086524
45170,256.743774414063,35.0730791687965,0.000475887112945683
45180,256.709411621094,35.0155122578144,0.00047516961661705
45190,256.675018310547,34.9580347537994,0.00047445319802515
45200,256.640625,34.9006429314613,0.000473737750448013
45210,256.606231689453,34.8433442413807,0.000473023375423051
45220,256.571838378906,34.7861349582672,0.000472310022801324
45230,256.537475585938,34.7290076315403,0.000471597535718921
45240,256.503082275391,34.6719734370708,0.000470886178607238
45250,256.468688964844,34.6150286495686,0.000470175845119415
45260,256.434295654297,34.5581695437431,0.000469466485059927
45270,256.39990234375,34.5014035701752,0.000468758200048866
45280,256.365539550781,34.4447195529938,0.000468050782939537
45290,256.331146240234,34.3881286680698,0.00046734449749653
45300,256.296752929688,34.3316271901131,0.000466639237725247
45310,256.262359619141,34.2752076685429,0.00046593490275596
45320,256.227996826172,34.2188812792301,0.000465231589494931
45330,256.193603515625,34.1626405715942,0.000464529307963455
45340,256.159210205078,34.1064855456352,0.000463828003067861
45350,256.124816894531,34.0504199266434,0.000463127725870132
45360,256.090454101563,33.9944437146187,0.000462428421678033
45370,256.056060791016,33.9385494589806,0.000461730099829962
45380,256.021667480469,33.8827446103096,0.000461032806895279
45390,255.987289428711,33.8270291686058,0.000460336515849145
45400,255.952896118164,33.7714031338692,0.000459641282023382
45410,255.918518066406,33.7158590555191,0.000458946949572921
45420,255.884124755859,33.6604006588459,0.000458253624354293
45430,255.849746704102,33.6050316691399,0.000457561302795077
45440,255.815368652344,33.5497483611107,0.000456869961945185
45450,255.780975341797,33.4945507347584,0.000456179629413757
45460,255.746597290039,33.4394387900829,0.000455490251131554
45470,255.712219238281,33.3844162523746,0.000454801905495965
45480,255.677825927734,33.3294793963432,0.000454114569267852
45490,255.643447875977,33.2746244966984,0.000453428137839346
45500,255.60905456543,33.2198590040207,0.000452742767293686
45510,255.574676513672,33.1651754677296,0.000452058302401938
45520,255.540298461914,33.1105813384056,0.000451374872173546
45530,255.505905151367,33.0560728907585,0.000450692453150182
45540,255.471527099609,33.001646399498,0.00045001094106339
45550,255.437149047852,32.9473093152046,0.000449330464852575
45560,255.402770996094,32.8930541872978,0.000448650923312453
45570,255.368377685547,32.8388810157776,0.00044797234358778
45580,255.333999633789,32.7847972512245,0.000447294774135747
45590,255.299621582031,32.730795443058,0.00044661814051488
45600,255.265228271484,32.6768830418587,0.000445942571438369
45610,255.230850219727,32.6230525970459,0.000445267912283321
45620,255.196472167969,32.5693041086197,0.000444594190121804
45630,255.162094116211,32.5156450271606,0.000443921507051974
45640,255.127716064453,32.4620679020882,0.00044324976176074
45650,255.093322753906,32.4085727334023,0.000442578981100768
45660,255.058944702148,32.3551595211029,0.000441909112467855
45670,255.024566650391,32.3018357157707,0.000441240284525915
45680,254.990188598633,32.2485938668251,0.000440572395907861
45690,254.955795288086,32.1954376995564,0.000439905524222334
45700,254.921417236328,32.1423634886742,0.000439239566270462
45710,254.88703918457,32.0893712341785,0.000438574548796791
45720,254.852661132813,32.0364609360695,0.000437910472181917
45730,254.818283081055,31.9836363196373,0.000437247387734976
45740,254.783905029297,31.9308936595917,0.000436585244922379
45750,254.74951171875,31.8782366812229,0.00043592412117807
45760,254.715133666992,31.8256616592407,0.000435263913697824
45770,254.680755615234,31.7731648683548,0.000434604598054153
45780,254.646377563477,31.720757484436,0.000433946327496414
45790,254.611999511719,31.6684283316135,0.000433288949539134
45800,254.577621459961,31.6161811351776,0.000432632515520406
45810,254.543243408203,31.5640196204185,0.000431977076806057
45820,254.508865356445,31.5119400620461,0.000431322582809156
45830,254.474487304688,31.4599387347698,0.000430668982915439
45840,254.44010925293,31.4080193638802,0.000430016328491354
45850,254.405731201172,31.3561856746674,0.000429364670931111
45860,254.371353149414,31.3044302165508,0.000428713908603247
45870,254.336975097656,31.2527604401112,0.000428064143920212
45880,254.302581787109,31.2011670321226,0.000427415275353555
45890,254.268218994141,31.1496593058109,0.000426767353914689
45900,254.233840942383,31.0982316732407,0.000426120380378459
45910,254.199462890625,31.046885997057,0.000425474354999225
45920,254.165069580078,30.9956185519695,0.000424829252607106
45930,254.130706787109,30.9444349259138,0.00042418507365171
45940,254.096328735352,30.8933295309544,0.000423541818432807
45950,254.061950683594,30.8423060923815,0.00042289951289037
45960,254.027572631836,30.79136274755,0.000422258131866535
45970,253.993194580078,30.7405013591051,0.000421617701283589
45980,253.95881652832,30.6897182017565,0.000420978170426821
45990,253.924438476563,30.6390170007944,0.000420339590769274
46000,253.890060424805,30.5883958935738,0.000419701937140075
46010,253.855682373047,30.5378548800945,0.000419065209915443
46020,253.821304321289,30.4873920977116,0.00041842938390761
46030,253.786926269531,30.43700940907,0.000417794485050466
46040,253.752563476563,30.386708676815,0.000417160514207026
46050,253.718185424805,30.3364861756563,0.000416527470820082
46060,253.683807373047,30.2863419055939,0.000415895330136832
46070,253.649429321289,30.236279591918,0.000415264143687339
46080,253.615051269531,30.1862936466932,0.000414633835104709
46090,253.580673217773,30.1363877952099,0.000414004455922878
46100,253.546295166016,30.0865601748228,0.000413375980927977
46110,253.511932373047,30.0368145108223,0.000412748436835448
46120,253.477554321289,29.9871470779181,0.000412121822557148
46130,253.443176269531,29.9375541508198,0.000411496062379091
46140,253.408798217773,29.8880431801081,0.000410871259072098
46150,253.374420166016,29.8386104404926,0.000410247361807103
46160,253.340057373047,29.7892559319735,0.000409624346281086
46170,253.305679321289,29.7399796545506,0.000409002262240952
46180,253.271301269531,29.6907797455788,0.000408381059730209
46190,253.236923217773,29.6416580677032,0.000407760764731053
46200,253.202560424805,29.592614620924,0.000407141353077502
46210,253.168182373047,29.5436512678862,0.000406522899874747
46220,253.133804321289,29.4947624206543,0.000405905304032797
46230,253.099426269531,29.4459536671638,0.00040528864281232
46240,253.065063476563,29.3972212821245,0.000404672840912922
46250,253.030685424805,29.3485652655363,0.00040405794752881
46260,252.996307373047,29.2999874800444,0.000403443964234001
46270,252.961944580078,29.2514860630035,0.000402830841449552
46280,252.92756652832,29.203062877059,0.000402218653822319
46290,252.893188476563,29.1547160595655,0.000401607351733111
46300,252.858825683594,29.1064456105232,0.000400996911344918
46310,252.824447631836,29.0582533925772,0.000400387407113999
46320,252.790069580078,29.0101319551468,0.000399778712506763
46330,252.755706787109,28.962092474103,0.000399170957787534
46340,252.721328735352,28.9141274988651,0.000398564088876908
46350,252.686950683594,28.8662388920784,0.000397958107674288
46360,252.652587890625,28.8184266537428,0.000397352990544163
46370,252.618209838867,28.7706907838583,0.000396748785878081
46380,252.583847045898,28.7230312824249,0.000396145446076194
46390,252.549468994141,28.6754462867975,0.00039554299370459
46400,252.515106201172,28.6279357969761,0.000394941381286072
46410,252.480728149414,28.5805016756058,0.000394340682636908
46420,252.446350097656,28.5331420600414,0.000393740848518906
46430,252.411987304688,28.4858588129282,0.00039314188122605
46440,252.377624511719,28.4386519342661,0.000392543804954309
46450,252.343246459961,28.39151956141,0.00039194661805414
46460,252.308868408203,28.3444598317146,0.000391350271395758
46470,252.274505615234,28.2974764704704,0.000390754793129787
46480,252.240142822266,28.2505676150322,0.000390160181596762
46490,252.205764770508,28.2037332653999,0.000389566460720252
46500,252.17138671875,28.1569734215736,0.000388973607220106
46510,252.137023925781,28.1102880835533,0.000388381597947098
46520,252.102661132813,28.0636791139841,0.000387790482563847
46530,252.068283081055,28.0171409249306,0.000387200207648911
46540,252.033920288086,27.9706791043282,0.000386610803862622
46550,251.999542236328,27.9242899268866,0.000386022266918374
46560,251.965179443359,27.8779733926058,0.000385434550380899
46570,251.930801391602,27.831731364131,0.000384847727067144
46580,251.896438598633,27.7855638414621,0.000384261750682371
46590,251.862075805664,27.7394708245993,0.000383676644924363
46600,251.827697753906,27.6934485882521,0.000383092381828786
46610,251.793334960938,27.6475008577108,0.000382508966814315
46620,251.758972167969,27.6016257703304,0.000381926397708763
46630,251.724594116211,27.5558233261108,0.000381344697974524
46640,251.690231323242,27.5100953876972,0.000380763847474855
46650,251.655853271484,27.4644363671541,0.000380183815414596
46660,251.621490478516,27.4188555777073,0.000379604684922273
46670,251.587127685547,27.373343706131,0.000379026350504641
46680,251.552749633789,27.3279044777155,0.000378448887033504
46690,251.51838684082,27.2825378924608,0.000377872248912365
46700,251.484024047852,27.237243950367,0.00037729645947697
46710,251.449661254883,27.1920245140791,0.000376721544880568
46720,251.415283203125,27.1468721330166,0.000376147425075509
46730,251.380920410156,27.10179425776,0.000375574157938186
46740,251.346557617188,27.0567890256643,0.000375001740872497
46750,251.31217956543,27.0118527114391,0.000374430145322372
46760,251.277816772461,26.9669909030199,0.000373859403584675
46770,251.243453979492,26.9221980124712,0.000373289461305288
46780,251.209091186523,26.8774759024382,0.000372720344642301
46790,251.174713134766,26.8328301608562,0.000372152154043362
46800,251.140350341797,26.7882496118546,0.000371584689609144
46810,251.105987548828,26.7437417060137,0.000371018077649115
46820,251.071624755859,26.6993045806885,0.000370452292669132
46830,251.037261962891,26.6549400985241,0.000369887360856496
46840,251.002899169922,26.6106463968754,0.000369323256710368
46850,250.968521118164,26.5664178878069,0.000368759925426847
46860,250.934158325195,26.5222676098347,0.000368197503450411
46870,250.899795532227,26.4781825244427,0.000367635832582501
46880,250.865432739258,26.4341682195663,0.000367074990727983
46890,250.831069946289,26.3902246952057,0.000366514978227572
46900,250.79670715332,26.3463482260704,0.000365955743677184
46910,250.762329101563,26.3025425374508,0.000365397361382992
46920,250.727966308594,26.2588113546371,0.000364839838945984
46930,250.693603515625,26.2151472270489,0.000364283095461579
46940,250.659240722656,26.171550154686,0.000363727131250136
46950,250.624877929688,26.1280238628387,0.000363171998412651
46960,250.590515136719,26.0845683515072,0.000362617697291137
46970,250.55615234375,26.041179895401,0.000362064176433128
46980,250.521789550781,25.9978584945202,0.000361511436159699
46990,250.487426757813,25.9546115994453,0.000360959580409851
47000,250.453063964844,25.9114317595959,0.000360408505915693
47010,250.418701171875,25.8683189749718,0.000359858212998841
47020,250.384338378906,25.825273245573,0.000359308701981085
47030,250.349975585938,25.7823020219803,0.000358760076859035
47040,250.315612792969,25.7393941283226,0.000358212182464222
47050,250.28125,25.6965532898903,0.000357665070949182
47060,250.246887207031,25.6537832319736,0.000357118794495092
47070,250.212524414063,25.6110802292824,0.000356573301580204
47080,250.178161621094,25.5684480071068,0.000356028644400304
47090,250.143798828125,25.5258791148663,0.00035548471953972
47100,250.109436035156,25.4833810031414,0.000354941631074641
47110,250.075073242188,25.4409499466419,0.000354399327455552
47120,250.040710449219,25.3985859453678,0.000353857809006033
47130,250.00634765625,25.3562889993191,0.000353317076049843
47140,249.971984863281,25.3140591084957,0.000352777128910921
47150,249.937622070313,25.271899998188,0.000352238019836223
47160,249.903259277344,25.2298004925251,0.000351699593381517
47170,249.868911743164,25.1877717673779,0.000351161984195329
47180,249.834548950195,25.1458138227463,0.000350625235542511
47190,249.800186157227,25.1039154827595,0.000350089170440754
47200,249.765823364258,25.062084197998,0.000349553893089299
47210,249.731460571289,25.0203236937523,0.000349019455779034
47220,249.69709777832,24.9786265194416,0.000348485754911058
47230,249.662734985352,24.9370001256466,0.000347952894749478
47240,249.628387451172,24.8954333364964,0.000347420698443534
47250,249.594024658203,24.8539373278618,0.000346889364761605
47260,249.559661865234,24.8125046491623,0.000346358768782234
47270,249.525299072266,24.7711390256882,0.000345828962818835
47280,249.490936279297,24.7298367321491,0.000345299895182033
47290,249.456588745117,24.6886014938354,0.000344771597110885
47300,249.422225952148,24.6474333107471,0.000344244111139597
47310,249.38786315918,24.6063321828842,0.0003437174164767
47320,249.353500366211,24.5652906596661,0.000343191409360392
47330,249.319152832031,24.5243161916733,0.000342666173206453
47340,249.284790039063,24.4834087789059,0.000342141750315184
47350,249.250427246094,24.4425646960735,0.000341618067947216
47360,249.216064453125,24.4017839431763,0.000341095126408867
47370,249.181716918945,24.3610665202141,0.000340572905151438
47380,249.147354125977,24.3204161524773,0.000340051498308551
47390,249.112991333008,24.2798328399658,0.000339530885324303
47400,249.078643798828,24.2393091320992,0.000339010941555313
47410,249.044281005859,24.1988524794579,0.00033849181307058
47420,249.009918212891,24.1584591567516,0.000337973427285621
47430,248.975555419922,24.1181291639805,0.000337455784507951
47440,248.941207885742,24.0778625011444,0.000336938864392672
47450,248.906845092773,24.0376591682434,0.000336422708581597
47460,248.872497558594,23.9975228905678,0.000335907328251363
47470,248.838134765625,23.9574462175369,0.000335392660646032
47480,248.803771972656,23.9174365997314,0.000334878789747508
47490,248.769424438477,23.8774865865707,0.000334365591043589
47500,248.735061645508,23.8376036286354,0.00033385321021574
47510,248.700714111328,23.7977802753448,0.000333341502242805
47520,248.666351318359,23.7580202519894,0.000332830560532711
47530,248.631988525391,23.7183198332787,0.000332320312718767
47540,248.597640991211,23.6786901950836,0.000331810895330495
47550,248.563278198242,23.6391164362431,0.000331302140642176
47560,248.528930664063,23.5996097326279,0.000330794164867283
47570,248.494567871094,23.5601626336575,0.000330286904536136
47580,248.460220336914,23.5207788646221,0.000329780371577837
47590,248.425857543945,23.4814547002316,0.000329274554597952
47600,248.391510009766,23.4421938657761,0.000328769465653571
47610,248.357147216797,23.4029963612556,0.000328265145476343
47620,248.322799682617,23.36385846138,0.00032776150175176
47630,248.288436889648,23.3247876167297,0.000327258679612799
47640,248.254089355469,23.2857726514339,0.000326756482315231
47650,248.2197265625,23.2468210160732,0.000326255054887125
47660,248.18537902832,23.2079289853573,0.00032575430521066
47670,248.151016235352,23.1691002845764,0.000325254325956031
47680,248.116668701172,23.1303311884403,0.000324755025103314
47690,248.082305908203,23.091621696949,0.000324256442914472
47700,248.047958374023,23.0529792606831,0.000323758644400636
47710,248.013610839844,23.0143927037716,0.000323261492890699
47720,247.979248046875,22.9758657515049,0.000322765060846947
47730,247.944900512695,22.9374021291733,0.000322269361151418
47740,247.910537719727,22.8989981114864,0.000321774381462798
47750,247.876190185547,22.8606536984444,0.000321280082434324
47760,247.841842651367,22.8223688900471,0.000320786484190029
47770,247.807479858398,22.7841474115849,0.000320293659112614
47780,247.773132324219,22.7459818124771,0.000319801463290715
47790,247.73876953125,22.7078795433044,0.000319310041178425
47800,247.70442199707,22.6698331534862,0.000318819248945958
47810,247.670074462891,22.6318500936031,0.000318329211354575
47820,247.635711669922,22.5939266383648,0.000317839895897417
47830,247.601364135742,22.5560590624809,0.000317351211257458
47840,247.567016601563,22.5182548165321,0.000316863282157544
47850,247.532669067383,22.4805064499378,0.000316376004057571
47860,247.498306274414,22.4428214132786,0.000315889501572993
47870,247.463958740234,22.4051922559738,0.000315403631157184
47880,247.429611206055,22.3676189780235,0.00031491841258403
47890,247.395263671875,22.3301090300083,0.000314433951037885
47900,247.360900878906,22.2926549613476,0.000313950161273114
47910,247.326553344727,22.2552604973316,0.000313467057272541
47920,247.292205810547,22.2179256379604,0.00031298465872358
47930,247.257858276367,22.1806466579437,0.000312502913434645
47940,247.223495483398,22.1434272825718,0.00031202189342907
47950,247.189147949219,22.1062675118446,0.00031154156045782
47960,247.154800415039,22.069163620472,0.000311061881593103
47970,247.120452880859,22.0321156084538,0.000310582857107664
47980,247.08610534668,21.9951272010803,0.000310104539796463
47990,247.051742553711,21.9581983983517,0.000309626949078106
48000,247.017395019531,21.9213217496872,0.000309149941900263
48010,246.983047485352,21.8845084309578,0.000308673695296803
48020,246.948699951172,21.8477509915829,0.000308198104482512
48030,246.914352416992,21.8110494315624,0.000307723169731066
48040,246.880004882813,21.7744037508965,0.000307248891316293
48050,246.845642089844,21.7378176748753,0.000306775341048742
48060,246.811309814453,21.7012837529182,0.000306302357173371
48070,246.776947021484,21.6648131608963,0.000305830173506319
48080,246.742599487305,21.6283947229385,0.000305358575770162
48090,246.708251953125,21.5920321643353,0.000304887635756784
48100,246.673904418945,21.5557292103767,0.000304417406350763
48110,246.639556884766,21.5194821357727,0.000303947835231827
48120,246.605209350586,21.4832872152328,0.000303478870050554
48130,246.570861816406,21.4471518993378,0.000303010616323794
48140,246.536514282227,21.4110724627972,0.000302543021709761
48150,246.502166748047,21.3750451803207,0.000302076033837495
48160,246.467819213867,21.3390775024891,0.000301609758268298
48170,246.433471679688,21.3031619787216,0.000301144089977695
48180,246.399124145508,21.2673060595989,0.000300679134556642
48190,246.364776611328,21.2315022945404,0.000300214786951616
48200,246.330429077148,21.1957544088364,0.000299751100100059
48210,246.296081542969,21.1600624024868,0.00029928807427841
48220,246.261734008789,21.1244262754917,0.000298825709763261
48230,246.227386474609,21.0888423025608,0.000298363954126128
48240,246.19303894043,21.0533179342747,0.000297902913047023
48250,246.15869140625,21.0178419947624,0.00029744242866524
48260,246.12434387207,20.9824256598949,0.00029698265939574
48270,246.089996337891,20.9470614790916,0.00029652350006864
48280,246.055648803711,20.9117494523525,0.00029606495093937
48290,246.021301269531,20.8764933049679,0.000295607065012885
48300,245.986953735352,20.8412930369377,0.000295149842566998
48310,245.952621459961,20.8061449229717,0.000294693212832925
48320,245.918273925781,20.7710489630699,0.000294237212657689
48330,245.883926391602,20.7360088825226,0.000293781876767896
48340,245.849578857422,20.7010246813297,0.000293327205441966
48350,245.815231323242,20.6660889089108,0.00029287309337127
48360,245.780883789063,20.6312090158463,0.000292419646392235
48370,245.746536254883,20.5963850021362,0.000291966864783738
48380,245.712203979492,20.5616094172001,0.000291514625090191
48390,245.677856445313,20.5268897116184,0.000291063069424512
48400,245.643508911133,20.4922221601009,0.000290612127106841
48410,245.609161376953,20.4576067626476,0.000290161798394502
48420,245.574813842773,20.4230472445488,0.00028971213639025
48430,245.540481567383,20.3885361552238,0.000289263017692643
48440,245.506134033203,20.3540809452534,0.000288814584234504
48450,245.471786499023,20.3196778893471,0.000288366765427195
48460,245.437438964844,20.285326987505,0.000287919561528766
48470,245.403106689453,20.2510245144367,0.00028747290204052
48480,245.368759155273,20.216777920723,0.000287026928752409
48490,245.334411621094,20.1825797557831,0.000286581518251092
48500,245.300064086914,20.1484374701977,0.000286136776581933
48510,245.265716552734,20.1143436133862,0.000285692598202153
48520,245.231384277344,20.0803019106388,0.000285249018518968
48530,245.197036743164,20.0463160872459,0.000284806126240755
48540,245.162689208984,20.0123749673367,0.00028436374507272
48550,245.128356933594,19.9784897267818,0.000283922016380707
48560,245.094009399414,19.9446529150009,0.000283480869920779
48570,245.059661865234,19.9108645319939,0.000283040288231672
48580,245.025329589844,19.8771357536316,0.000282600412843539
48590,244.990982055664,19.8434516787529,0.000282161067398354
48600,244.956649780273,19.8098160326481,0.000281722269917614
48610,244.922302246094,19.7762362658978,0.000281284161734206
48620,244.887954711914,19.7427086532116,0.00028084667256341
48630,244.853622436523,19.709225744009,0.000280409679189273
48640,244.819274902344,19.6757912635803,0.000279973269810096
48650,244.784942626953,19.6424126625061,0.000279537515771515
48660,244.750595092773,19.6090862154961,0.000279102399208416
48670,244.716247558594,19.5758007466793,0.00027866774383998
48680,244.681915283203,19.5425748825073,0.00027823379769996
48690,244.647567749023,19.5093937218189,0.000277800383638942
48700,244.613235473633,19.4762609899044,0.000277367520249025
48710,244.578887939453,19.4431766867638,0.000276935242397995
48720,244.544555664063,19.4101445376873,0.000276503568813729
48730,244.510208129883,19.3771570920944,0.000276072428137729
48740,244.475875854492,19.344225525856,0.000275641945354393
48750,244.441528320313,19.3113386631012,0.000275211995909842
48760,244.407196044922,19.2785002291203,0.000274782598735793
48770,244.372848510742,19.2457139492035,0.00027435384151229
48780,244.338500976563,19.2129760980606,0.000273925654209717
48790,244.304168701172,19.1802829504013,0.00027349796686613
48800,244.269836425781,19.1476382315159,0.00027307084995799
48810,244.235488891602,19.1150456666946,0.000272644373894584
48820,244.201156616211,19.0825015306473,0.000272218451704946
48830,244.166809082031,19.0500020980835,0.000271793064523036
48840,244.132476806641,19.0175510942936,0.000271368231730246
48850,244.098129272461,18.9851485192776,0.000270943987514059
48860,244.06379699707,18.9527943730354,0.000270520298217713
48870,244.02946472168,18.9204886555672,0.000270097181043661
48880,243.9951171875,18.8882239162922,0.000269674546723281
48890,243.960784912109,18.8560113310814,0.000269252521284581
48900,243.926452636719,18.8238508999348,0.000268831121880554
48910,243.892105102539,18.7917314469814,0.000268410205938653
48920,243.857772827148,18.759660422802,0.000267989846481335
48930,243.823425292969,18.7276378273964,0.000267570077312361
48940,243.789093017578,18.6956636607647,0.000267150865160391
48950,243.754760742188,18.6637304723263,0.000266732120556931
48960,243.720413208008,18.6318457126617,0.000266313966867626
48970,243.686080932617,18.6000093817711,0.000265896370964747
48980,243.651748657227,18.5682214796543,0.000265479349788288
48990,243.617401123047,18.5364782810211,0.000265062866913358
49000,243.583068847656,18.5047723352909,0.000264646782778023
49010,243.548736572266,18.4731222689152,0.000264231380608229
49020,243.514404296875,18.441516906023,0.000263816500815162
49030,243.480056762695,18.4099562466145,0.000263402160127094
49040,243.445724487305,18.3784440159798,0.000262988379034375
49050,243.411392211914,18.3469727635384,0.000262575067681774
49060,243.377059936523,18.3155499398708,0.000262162332913072
49070,243.342712402344,18.2841718196869,0.000261750138055322
49080,243.308380126953,18.2528384029865,0.000261338450480576
49090,243.274047851563,18.2215496897697,0.000260927286847121
49100,243.239715576172,18.1903094053268,0.000260516700729413
49110,243.205383300781,18.1591100990772,0.000260106585651764
49120,243.171035766602,18.1279517710209,0.00025969695810946
49130,243.136703491211,18.0968418717384,0.00025928789243761
49140,243.10237121582,18.0657804012299,0.000258879405200357
49150,243.06803894043,18.0347599089146,0.000258471389862235
49160,243.033706665039,18.0037841200829,0.000258063900021059
49170,242.999374389648,17.9728530347347,0.000257656935899567
49180,242.965042114258,17.9419666528702,0.000257250497720617
49190,242.930694580078,17.9111249744892,0.000256844601839937
49200,242.896362304688,17.8803205490112,0.000256439109335935
49210,242.862030029297,17.8495682775974,0.000256034250284778
49220,242.827697753906,17.8188569843769,0.000255629864625763
49230,242.793365478516,17.7881866693497,0.000255225952559712
49240,242.759033203125,17.757561057806,0.000254822567745803
49250,242.724700927734,17.7269838750362,0.000254419763873574
49260,242.690368652344,17.6964402198792,0.000254017327296096
49270,242.656036376953,17.6659449934959,0.000253615472093011
49280,242.621704101563,17.6354944705963,0.000253214145022618
49290,242.587371826172,17.60508492589,0.000252813292813077
49300,242.553039550781,17.5747163593769,0.000252412915666031
49310,242.518707275391,17.5443924963474,0.000252013067294457
49320,242.484375,17.5141096115112,0.00025161369440416
49330,242.450042724609,17.4838751554489,0.000251214904249881
49340,242.415710449219,17.4536854028702,0.000250816643545256
49350,242.381378173828,17.423540353775,0.000250418912515267
49360,242.347045898438,17.3934400081635,0.000250021711385026
49370,242.312713623047,17.3633843660355,0.000249625040379769
49380,242.278381347656,17.3333752900362,0.000249228926507012
49390,242.244049072266,17.3034090548754,0.000248833316431745
49400,242.209716796875,17.2734893858433,0.000248438263947686
49410,242.175384521484,17.2436144202948,0.000248043742498438
49420,242.141052246094,17.2137841582298,0.00024764975230988
49430,242.106719970703,17.1839967370033,0.000247256266806883
49440,242.072387695313,17.1542558819056,0.000246863339814059
49450,242.038055419922,17.1245597302914,0.000246470944760336
49460,242.003723144531,17.0949082821608,0.000246079081872106
49470,241.969390869141,17.0652996748686,0.000245687724559541
49480,241.935073852539,17.0357376337051,0.000245296911207366
49490,241.900741577148,17.0062184333801,0.000244906619369917
49500,241.866409301758,16.9767439365387,0.000244516860597176
49510,241.832077026367,16.9473141431808,0.000244127635116178
49520,241.797744750977,16.9179290533066,0.000243738943154085
49530,241.763427734375,16.8885886669159,0.000243350769579214
49540,241.729095458984,16.8592911213636,0.000242963118516214
49550,241.694763183594,16.830038279295,0.000242576001646728
49560,241.660430908203,16.8008301407099,0.00024218941919843
49570,241.626098632813,16.7716667056084,0.000241803371399127
49580,241.591766357422,16.7425461113453,0.000241417831618487
49590,241.55744934082,16.7134702205658,0.000241032811709557
49600,241.52311706543,16.6844371706247,0.000240648315508051
49610,241.488784790039,16.6554488241673,0.000240264354852748
49620,241.454452514648,16.6265051811934,0.000239880929972096
49630,241.420135498047,16.5976043790579,0.000239497999080007
49640,241.385803222656,16.568748280406,0.000239115619571528
49650,241.351470947266,16.5399350225925,0.000238733749631138
49660,241.317138671875,16.5111664682627,0.000238352416365158
49670,241.282821655273,16.4824407547712,0.000237971578060634
49680,241.248489379883,16.4537578821182,0.000237591265055993
49690,241.214157104492,16.4251197129488,0.000237211489398084
49700,241.179840087891,16.396526247263,0.000236832236332655
49710,241.1455078125,16.3679737597704,0.000236453482262662
49720,241.111175537109,16.3394659757614,0.000236075266212869
49730,241.076858520508,16.311002895236,0.000235697573494824
49740,241.042526245117,16.2825807929039,0.000235320380357965
49750,241.008209228516,16.2542033940554,0.000234943711041084
49760,240.973876953125,16.2258688360453,0.000234567568618658
49770,240.939544677734,16.1975789815187,0.00023419196534397
49780,240.905227661133,16.1693301051855,0.000233816832768093
49790,240.870895385742,16.1411259323359,0.000233442254617178
49800,240.836578369141,16.1129646003246,0.000233068174581435
49810,240.80224609375,16.0848461091518,0.000232694622435011
49820,240.767913818359,16.0567704588175,0.000232321583609205
49830,240.733596801758,16.0287376493216,0.000231949043621656
49840,240.699264526367,16.0007495433092,0.000231577059075422
49850,240.664947509766,15.9728024154902,0.000231205546895974
49860,240.630615234375,15.9448981285095,0.000230834563596832
49870,240.596298217773,15.9170366823673,0.000230464080101425
49880,240.561965942383,15.8892199397087,0.000230094152857016
49890,240.527648925781,15.8614441752434,0.000229724698930282
49900,240.493316650391,15.8337112516165,0.000229355774679371
49910,240.458999633789,15.806021168828,0.000228987351199256
49920,240.424667358398,15.778373926878,0.000228619457793634
49930,240.390350341797,15.7507676631212,0.00022825203865044
49940,240.356018066406,15.7232061028481,0.000227885176969661
49950,240.321701049805,15.6956855207682,0.000227518790028127
49960,240.287368774414,15.6682077795267,0.000227152933952541
49970,240.253051757813,15.6407728791237,0.000226787580093617
49980,240.218719482422,15.6133808195591,0.000226422757501137
49990,240.18440246582,15.5860297381878,0.000226058410594998
50000,240.150085449219,15.5587214976549,0.00022569458100838
50010,240.115753173828,15.5314551666379,0.000225331269770674
50020,240.081436157227,15.5042316764593,0.00022496846195208
50030,240.047103881836,15.477049164474,0.000224606159361142
50040,240.012786865234,15.4499094933271,0.000224244360667901
50050,239.978469848633,15.4228117316961,0.00022388306687351
50060,239.944137573242,15.3957568109035,0.000223522305930421
50070,239.909820556641,15.3687428683043,0.000223162022564807
50080,239.87548828125,15.3417699038982,0.000222802245395862
50090,239.841171264648,15.3148407116532,0.000222442986849936
50100,239.806854248047,15.2879524976015,0.000222084220762104
50110,239.772537231445,15.2611061930656,0.000221725960874835
50120,239.738204956055,15.2343008667231,0.000221368207962127
50130,239.703887939453,15.2075383812189,0.000221010961105582
50140,239.669570922852,15.180816873908,0.000220654207565298
50150,239.635238647461,15.1541363447905,0.000220297961580696
50160,239.600921630859,15.1274986565113,0.000219942222369647
50170,239.566604614258,15.1009019464254,0.000219586977118816
50180,239.532287597656,15.0743462145329,0.000219232226040507
50190,239.497955322266,15.0478323921561,0.000218877996838741
50200,239.463638305664,15.0213595479727,0.000218524248272752
50210,239.429321289063,14.9949286133051,0.000218171008071259
50220,239.395004272461,14.9685386568308,0.00021781826290052
50230,239.360687255859,14.9421896785498,0.000217466012973451
50240,239.326354980469,14.9158826097846,0.000217114285901949
50250,239.292037963867,14.8896165192127,0.000216763040641185
50260,239.257720947266,14.8633914068341,0.000216412291267491
50270,239.223403930664,14.8372072726488,0.000216062037994274
50280,239.189086914063,14.8110641166568,0.000215712281035066
50290,239.154754638672,14.784961938858,0.000215363034344322
50300,239.12043762207,14.7589007392526,0.000215014270633925
50310,239.086120605469,14.7328805178404,0.000214666003878888
50320,239.051803588867,14.7069003432989,0.000214318220721412
50330,239.017486572266,14.6809620782733,0.00021397094851733
50340,238.983169555664,14.655064791441,0.000213624173911039
50350,238.948852539063,14.6292075514793,0.000213277883539261
50360,238.914535522461,14.603391289711,0.000212932091190276
50370,238.88020324707,14.5776150748134,0.000212586797076412
50380,238.845886230469,14.551879838109,0.000212241987811491
50390,238.811569213867,14.526185579598,0.000211897677209759
50400,238.777252197266,14.5005313679576,0.000211553851898794
50410,238.742935180664,14.4749172031879,0.000211210512087864
50420,238.708618164063,14.4493440166116,0.000210867671577687
50430,238.674301147461,14.4238118082285,0.000210525330583637
50440,238.639984130859,14.3983187153935,0.000210183462130725
50450,238.605667114258,14.3728666007519,0.000209842093617232
50460,238.571350097656,14.3474545329809,0.000209501211659744
50470,238.537033081055,14.3220825120807,0.000209160816468257
50480,238.502716064453,14.2967514693737,0.000208820921855951
50490,238.468399047852,14.2714595422149,0.000208481500828889
50500,238.43408203125,14.2462076619267,0.000208142567198538
50510,238.399765014648,14.2209967598319,0.000207804134784313
50520,238.365447998047,14.1958249732852,0.000207466176580897
50530,238.331130981445,14.1706932336092,0.00020712870640599
50540,238.296813964844,14.1456015408039,0.000206791724470434
50550,238.262496948242,14.1205498948693,0.000206455230985194
50560,238.228179931641,14.0955373644829,0.000206119212542614
50570,238.193878173828,14.0705658122897,0.000205783683406839
50580,238.159545898438,14.0456333756447,0.000205448656097496
50590,238.125244140625,14.0207409858704,0.000205114091753559
50600,238.090927124023,13.9958877116442,0.000204780016449048
50610,238.056610107422,13.9710735529661,0.000204446417226751
50620,238.02229309082,13.9462994411588,0.000204113307923105
50630,237.987976074219,13.9215644448996,0.000203780675117559
50640,237.953659057617,13.8968694955111,0.000203448532650722
50650,237.919342041016,13.8722136616707,0.000203116867098352
50660,237.885040283203,13.847597874701,0.00020278567929784
50670,237.850723266602,13.8230212032795,0.000202454981855375
50680,237.81640625,13.7984827160835,0.000202124748308516
50690,237.782089233398,13.7739852070808,0.000201795019790986
50700,237.747772216797,13.7495258823037,0.000201465755582695
50710,237.713470458984,13.7251056730747,0.000201136956622011
50720,237.679153442383,13.7007236480713,0.000200808635306962
50730,237.644836425781,13.6763826012611,0.000200480819865193
50740,237.61051940918,13.6520797386766,0.000200153469553459
50750,237.576202392578,13.6278159916401,0.000199826598229436
50760,237.541900634766,13.6035904288292,0.000199500179627493
50770,237.507583618164,13.5794039815664,0.000199174253258844
50780,237.473266601563,13.5552566498518,0.000198848806497072
50790,237.43896484375,13.5311484336853,0.000198523826792186
50800,237.404647827148,13.5070793330669,0.00019819933988716
50810,237.370330810547,13.4830484166741,0.000197875319545246
50820,237.336029052734,13.4590566158295,0.000197551766937781
50830,237.301712036133,13.4351020678878,0.000197228680350277
50840,237.267395019531,13.4111866354942,0.000196906074607255
50850,237.23307800293,13.3873112499714,0.000196583963593252
50860,237.198776245117,13.3634731173515,0.000196262293864076
50870,237.164459228516,13.3396731689572,0.000195941104566193
50880,237.130142211914,13.3159123361111,0.000195620396940252
50890,237.095840454102,13.2921896874905,0.000195300144942679
50900,237.0615234375,13.2685042917728,0.000194980360247685
50910,237.027221679688,13.2448580116034,0.000194661045309095
50920,236.992904663086,13.221250846982,0.000194342225418006
50930,236.958587646484,13.1976809352636,0.000194023860850455
50940,236.924285888672,13.1741492077708,0.000193705953022614
50950,236.88996887207,13.1506556645036,0.000193388527107783
50960,236.855651855469,13.1272003054619,0.000193071570815963
50970,236.821350097656,13.1037831306458,0.000192755071931783
50980,236.787048339844,13.0804032087326,0.000192439029414545
50990,236.752731323242,13.0570624023676,0.000192123483252254
51000,236.718414306641,13.0337588489056,0.000191808393824653
51010,236.684112548828,13.0104925483465,0.000191493748984997
51020,236.649795532227,12.9872653633356,0.000191179601060508
51030,236.615493774414,12.9640754312277,0.000190865898166482
51040,236.581176757813,12.9409227520227,0.000190552665137358
51050,236.546875,12.9178073257208,0.000190239877573632
51060,236.512557983398,12.894731014967,0.000189927587671364
51070,236.478256225586,12.8716910257936,0.000189615729958234
51080,236.443939208984,12.8486882895231,0.000189304342837542
51090,236.409637451172,12.8257246688008,0.0001889934295042
51100,236.375335693359,12.8027973696589,0.000188682961228297
51110,236.341018676758,12.7799082547426,0.000188372977820433
51120,236.306701660156,12.7570554614067,0.000188063439829213
51130,236.272399902344,12.7342408522964,0.000187754362786234
51140,236.238098144531,12.711463496089,0.000187445745325967
51150,236.20378112793,12.688722461462,0.000187137586002279
51160,236.169479370117,12.666018679738,0.000186829874550644
51170,236.135162353516,12.6433540135622,0.00018652266281056
51180,236.100860595703,12.6207247376442,0.000186215871904936
51190,236.066558837891,12.5981327146292,0.000185909541580359
51200,236.032257080078,12.5755770131946,0.000185603658292189
51210,235.997940063477,12.5530594959855,0.000185298261710962
51220,235.963638305664,12.5305783003569,0.000184993300565397
51230,235.929321289063,12.5081343576312,0.000184688812745617
51240,235.89501953125,12.4857276678085,0.000184384774545371
51250,235.860717773438,12.4633563682437,0.000184081170617915
51260,235.826400756836,12.4410232529044,0.00018377805431615
51270,235.792098999023,12.4187264591455,0.000183475374528798
51280,235.757797241211,12.3964659869671,0.000183173143360551
51290,235.723480224609,12.3742427676916,0.000182871386608281
51300,235.689178466797,12.352054938674,0.000182570053250109
51310,235.654876708984,12.3299043625593,0.000182269182866398
51320,235.620574951172,12.3077910393476,0.000181968775659349
51330,235.586273193359,12.2857131063938,0.00018166880428835
51340,235.551956176758,12.2636714950204,0.000181369294466172
51350,235.517654418945,12.24166713655,0.000181070236649365
51360,235.483352661133,12.2196981683373,0.000180771615252213
51370,235.449035644531,12.1977664530277,0.000180473469720417
51380,235.414733886719,12.1758701279759,0.000180175749284333
51390,235.380432128906,12.1540101245046,0.000179878479632029
51400,235.346130371094,12.1321864426136,0.000179581660960609
51410,235.311828613281,12.110399082303,0.000179285293467295
51420,235.277526855469,12.0886471122503,0.000178989363559886
51430,235.243225097656,12.0669323951006,0.000178693899012894
51440,235.208908081055,12.0452530682087,0.000178398884016133
51450,235.174606323242,12.0236091315746,0.000178104295597158
51460,235.14030456543,12.0020005851984,0.000177810145538508
51470,235.106002807617,11.9804292917252,0.000177516461631244
51480,235.071701049805,11.9588933885098,0.00017722321647621
51490,235.037399291992,11.9373928755522,0.000176930410265502
51500,235.003082275391,11.915928684175,0.000176638068466107
51510,234.968780517578,11.8944998830557,0.000176346154513179
51520,234.934478759766,11.8731064721942,0.000176054680085596
51530,234.900177001953,11.8517484515905,0.000175763645375906
51540,234.865875244141,11.8304267525673,0.000175473064390476
51550,234.831573486328,11.8091404438019,0.000175182923512407
51560,234.797271728516,11.7878895252943,0.000174893222934588
51570,234.762969970703,11.7666739970446,0.000174603962850017
51580,234.728668212891,11.7454919964075,0.000174315115808248
51590,234.694366455078,11.7243472486734,0.000174026737285586
51600,234.660064697266,11.7032378911972,0.000173738799835848
51610,234.625762939453,11.6821639239788,0.000173451303652486
51620,234.591461181641,11.6611234843731,0.000173164221269338
51630,234.557159423828,11.6401193663478,0.000172877594363604
51640,234.522857666016,11.6191506385803,0.000172591409301233
51650,234.488555908203,11.5982163697481,0.000172305652440195
51660,234.454254150391,11.5773174911737,0.00017202033780639
51670,234.419952392578,11.5564540028572,0.000171735465593947
51680,234.385650634766,11.5356240421534,0.000171451008313093
51690,234.351348876953,11.5148294717073,0.000171166993834093
51700,234.317047119141,11.4940702915192,0.000170883422351414
51710,234.282745361328,11.4733455702662,0.000170600280211548
51720,234.248443603516,11.4526562392712,0.00017031758145322
51730,234.214141845703,11.4320013672113,0.000170035312419092
51740,234.17985534668,11.4113800227642,0.000169753448382958
51750,234.145553588867,11.3907940685749,0.00016947203937853
51760,234.111251831055,11.3702435046434,0.000169191074523342
51770,234.076950073242,11.3497264683247,0.000168910526292126
51780,234.04264831543,11.3292438909411,0.000168630408730359
51790,234.008346557617,11.3087967038155,0.000168350735891755
51800,233.974060058594,11.2883830443025,0.000168071469278289
51810,233.939758300781,11.2680038437247,0.000167792644880251
51820,233.905456542969,11.2476591020823,0.000167514251909855
51830,233.871154785156,11.227348819375,0.000167236290556934
51840,233.836853027344,11.2070720642805,0.000166958747136935
51850,233.802551269531,11.1868306994438,0.000166681649586866
51860,233.768264770508,11.1666228622198,0.000166404959484094
51870,233.733963012695,11.1464485526085,0.000166128698752778
51880,233.699661254883,11.126309633255,0.000165852884464232
51890,233.66535949707,11.1062033101916,0.000165577475161037
51900,233.631072998047,11.0861314460635,0.000165302487998855
51910,233.596771240234,11.0660940408707,0.000165027944777052
51920,233.562469482422,11.0460892319679,0.000164753807092353
51930,233.528167724609,11.026119813323,0.000164480116801961
51940,233.493881225586,11.0061839222908,0.000164206835582408
51950,233.459579467773,10.9862815588713,0.00016393398509678
51960,233.425277709961,10.9664127230644,0.000163661554783053
51970,233.390991210938,10.9465774148703,0.000163389534144301
51980,233.356689453125,10.9267756342888,0.000163117944746456
51990,233.322387695313,10.90700738132,0.000162846776076596
52000,233.2880859375,10.8872726559639,0.000162576028320308
52010,233.253799438477,10.8675723895431,0.000162305704954893
52020,233.219497680664,10.8479047194123,0.000162035799601089
52030,233.185211181641,10.8282715082169,0.000161766319046118
52040,233.150909423828,10.8086699619889,0.000161497242923052
52050,233.116607666016,10.7891019433737,0.000161228588638989
52060,233.082321166992,10.7695683836937,0.000160960359762272
52070,233.04801940918,10.7500674203038,0.000160692549733083
52080,233.013732910156,10.7305999845266,0.000160425151596564
52090,232.979431152344,10.7111651450396,0.000160158172640395
52100,232.945129394531,10.6917638331652,0.000159891616451384
52110,232.910842895508,10.6723960489035,0.000159625472758707
52120,232.876541137695,10.6530599296093,0.000159359734816943
52130,232.842254638672,10.6337573379278,0.000159094409768909
52140,232.807952880859,10.614488273859,0.000158829518669328
52150,232.773651123047,10.5952508747578,0.000158565023387953
52160,232.739364624023,10.5760479345918,0.000158300955541074
52170,232.705078125,10.5568766593933,0.000158037283906373
52180,232.670776367188,10.537737980485,0.000157774032950018
52190,232.636474609375,10.5186328291893,0.000157511206421108
52200,232.602188110352,10.4995593428612,0.000157248766295554
52210,232.567901611328,10.4805193841457,0.000156986750996206
52220,232.533599853516,10.4615120217204,0.00015672515704299
52230,232.499313354492,10.4425372555852,0.000156463964033617
52240,232.46501159668,10.4235941544175,0.000156203178746621
52250,232.430725097656,10.4046845808625,0.000155942808753111
52260,232.396423339844,10.3858057409525,0.000155682832850504
52270,232.36213684082,10.3669613599777,0.000155423286599601
52280,232.327850341797,10.3481486439705,0.000155164138538777
52290,232.293548583984,10.3293666616082,0.00015490538505303
52300,232.259246826172,10.3106182068586,0.000154647058012509
52310,232.224960327148,10.2919023483992,0.000154389133490948
52320,232.190673828125,10.2732181549072,0.000154131607873659
52330,232.156372070313,10.2545656263828,0.00015387449145099
52340,232.122085571289,10.235944762826,0.000153617764157188
52350,232.087799072266,10.2173574268818,0.000153361464256319
52360,232.053497314453,10.1988017559052,0.00015310557404312
52370,232.01921081543,10.1802768185735,0.00015285005956119
52380,231.984924316406,10.1617835462093,0.000152594945049715
52390,231.950622558594,10.1433238014579,0.000152340268682354
52400,231.91633605957,10.124895721674,0.000152085982611662
52410,231.882049560547,10.106498375535,0.000151832083060685
52420,231.847747802734,10.0881326943636,0.000151578594170397
52430,231.813461303711,10.0697986781597,0.000151325496151469
52440,231.779174804688,10.0514963269234,0.00015107279917297
52450,231.744873046875,10.0332265719771,0.000150820527343123
52460,231.710586547852,10.0149866193533,0.000150568618964733
52470,231.676300048828,9.99678112566471,0.00015031715416862
52480,231.642013549805,9.97860357165337,0.000150066035110061
52490,231.607727050781,9.96045954525471,0.000149815345990779
52500,231.573425292969,9.94234718382359,0.000149565068836647
52510,231.539138793945,9.92426462471485,0.000149315156076711
52520,231.504852294922,9.90621373057365,0.000149065645775909
52530,231.470565795898,9.88819450139999,0.000148816538113085
52540,231.436279296875,9.87020693719387,0.000148567833267186
52550,231.401977539063,9.85224917531013,0.000148319513156579
52560,231.367691040039,9.83432307839394,0.00014807158641762
52570,231.333404541016,9.81642864644527,0.000147824063024776
52580,231.299118041992,9.79856494814157,0.000147576929130696
52590,231.264831542969,9.78073105216026,0.000147330170879818
52600,231.230529785156,9.76292975246906,0.00014708384023787
52610,231.196258544922,9.74515825510025,0.000146837866173927
52620,231.161956787109,9.72741842269897,0.000146592315719769
52630,231.127670288086,9.70970932394266,0.000146347145944579
52640,231.093383789063,9.69203002750874,0.000146102352674099
52650,231.059097290039,9.67438146471977,0.000145857950117225
52660,231.024810791016,9.65676456689835,0.000145613952491291
52670,230.990524291992,9.63917840272188,0.000145370345931152
52680,230.956237792969,9.62162204086781,0.000145127116563431
52690,230.921936035156,9.60409548133612,0.000144884274129759
52700,230.887664794922,9.58659965544939,0.000144641804129109
52710,230.853363037109,9.56913642585278,0.000144399773108853
52720,230.819091796875,9.5517011359334,0.00014415807276971
52730,230.784790039063,9.53429751098156,0.000143916797648138
52740,230.750503540039,9.51692368835211,0.000143675891215417
52750,230.716217041016,9.49957966804504,0.000143435363170044
52760,230.681945800781,9.48226638138294,0.000143195218273133
52770,230.647644042969,9.4649838283658,0.00014295548511534
52780,230.613372802734,9.44773107767105,0.000142716111944899
52790,230.579071044922,9.43050812929869,0.0001424771367316
52800,230.544799804688,9.41331498324871,0.000142238521901488
52810,230.510498046875,9.39615350216627,0.000142000333458684
52820,230.476226806641,9.37901996076107,0.000141762477649909
52830,230.441925048828,9.36191715300083,0.000141525034439248
52840,230.407653808594,9.34484414756298,0.000141287952408341
52850,230.37336730957,9.32780094444752,0.000141051259840199
52860,230.339080810547,9.31078754365444,0.00014081494753343
52870,230.304794311523,9.29380394518375,0.000140579015657866
52880,230.2705078125,9.27685014903545,0.000140343464383442
52890,230.236221313477,9.25992615520954,0.000140108293880195
52900,230.201934814453,9.24303196370602,0.000139873504318261
52910,230.167663574219,9.2261666432023,0.00013963907251494
52920,230.133361816406,9.20933112502098,0.000139405040503843
52930,230.099090576172,9.19252447783947,0.000139171357354729
52940,230.064804077148,9.17574763298035,0.000138938065063193
52950,230.030517578125,9.15900059044361,0.000138705154556747
52960,229.996231079102,9.14228335022926,0.000138472626006134
52970,229.961944580078,9.12559404969215,0.000138240451365636
52980,229.927673339844,9.10893455147743,0.00013800864985562
52990,229.89338684082,9.0923048555851,0.00013777723997858
53000,229.859100341797,9.07570403069258,0.000137546198618326
53010,229.824813842773,9.05913300812244,0.00013731554005649
53020,229.79052734375,9.04258992522955,0.000137085236226808
53030,229.756256103516,9.02607571333647,0.000136855292320041
53040,229.721969604492,9.00959223508835,0.000136625754939275
53050,229.687683105469,8.99313576519489,0.000136396558659095
53060,229.653411865234,8.97670909762383,0.00013616773696664
53070,229.619110107422,8.96031130105257,0.000135939303046465
53080,229.584838867188,8.94394237548113,0.000135711220902432
53090,229.550552368164,8.92760138958693,0.00013548350366726
53100,229.516265869141,8.91129020601511,0.000135256170738273
53110,229.481994628906,8.89500789344311,0.000135029199171532
53120,229.447708129883,8.87875352054834,0.000134802592963691
53130,229.413421630859,8.86252894997597,0.000134576371566409
53140,229.379150390625,8.84633138775826,0.000134350483782578
53150,229.344863891602,8.83016269654036,0.000134124975946545
53160,229.310577392578,8.81402380764484,0.000133899853422111
53170,229.276306152344,8.797911927104,0.000133675065034381
53180,229.24201965332,8.78182891756296,0.000133450657048735
53190,229.207733154297,8.76577384769917,0.000133226606567211
53200,229.173461914063,8.74974764883518,0.000133002919051513
53210,229.139175415039,8.73374938964844,0.000132779598234311
53220,229.104904174805,8.71777907013893,0.000132556626578609
53230,229.070617675781,8.70183762162924,0.000132334036078847
53240,229.036346435547,8.68592318147421,0.000132111780928094
53250,229.002059936523,8.67003761231899,0.000131889907232254
53260,228.9677734375,8.65418091416359,0.000131668406343731
53270,228.933502197266,8.63835122436285,0.000131447241325533
53280,228.899215698242,8.62254947423935,0.000131226444042059
53290,228.864944458008,8.60677566379309,0.000131005997145661
53300,228.830657958984,8.59102979302406,0.000130785918279889
53310,228.79638671875,8.57531186193228,0.000130566190150834
53320,228.762100219727,8.55962187051773,0.000130346830348771
53330,228.727828979492,8.54395981878042,0.000130127821633375
53340,228.693542480469,8.52832477539778,0.000129909167355274
53350,228.659271240234,8.51271767169237,0.000129690864509844
53360,228.624984741211,8.49713757634163,0.000129472916390501
53370,228.590713500977,8.4815863519907,0.000129255334243048
53380,228.556427001953,8.46606213599443,0.000129038107115189
53390,228.522155761719,8.45056492835283,0.000128821217920008
53400,228.487884521484,8.43509566038847,0.000128604689640745
53410,228.453598022461,8.41965433210135,0.000128388531015106
53420,228.419311523438,8.40423908084631,0.000128172705196954
53430,228.385040283203,8.38885083794594,0.000127957217992836
53440,228.350769042969,8.37349146604538,0.000127742106550003
53450,228.316482543945,8.35815817117691,0.000127527336930664
53460,228.282211303711,8.34285281598568,0.000127312920650313
53470,228.247924804688,8.32757446914911,0.000127098860690467
53480,228.213653564453,8.31232219934464,0.00012688512598487
53490,228.179382324219,8.2970978692174,0.000126671753630727
53500,228.145095825195,8.28190054744482,0.000126458738028507
53510,228.110824584961,8.26673023402691,0.000126246062406622
53520,228.076553344727,8.25158692896366,0.000126033735392932
53530,228.042266845703,8.23647063225508,0.000125821765563606
53540,228.007995605469,8.22137948125601,0.000125610107766646
53550,227.973724365234,8.20631720125675,0.000125398827503788
53560,227.939453125,8.19128099828959,0.000125187882244932
53570,227.905166625977,8.17627087235451,0.000124977280508729
53580,227.870895385742,8.16128775477409,0.000124767019936276
53590,227.836608886719,8.14633164554834,0.000124557117407574
53600,227.802337646484,8.13140254467726,0.000124347556383869
53610,227.76806640625,8.11649858951569,0.000124138316889442
53620,227.733795166016,8.1016207113862,0.000123929413315768
53630,227.699523925781,8.08677077293396,0.000123720874311451
53640,227.665252685547,8.07194691151381,0.000123512671539917
53650,227.630966186523,8.05714912712574,0.000123304813418524
53660,227.596694946289,8.04237835109234,0.000123097297810474
53670,227.562423706055,8.02763272076845,0.000122890104638346
53680,227.528137207031,8.01291409879923,0.000122683270793771
53690,227.493865966797,7.99822062253952,0.000122476751445039
53700,227.459594726563,7.98355508595705,0.00012227059776868
53710,227.425323486328,7.96891376376152,0.000122064752867442
53720,227.391052246094,7.95429944992065,0.000121859259684309
53730,227.356781005859,7.93971121311188,0.000121654104108391
53740,227.322509765625,7.92514905333519,0.000121449286292382
53750,227.288238525391,7.91061297059059,0.000121244806389066
53760,227.253952026367,7.89610110223293,0.000121040644125706
53770,227.219680786133,7.88161624222994,0.000120836826211185
53780,227.185409545898,7.86715745925903,0.000120633346663978
53790,227.151138305664,7.85272382199764,0.000120430191354377
53800,227.11686706543,7.83831626176834,0.000120227374714176
53810,227.082595825195,7.82393384724855,0.000120024882609541
53820,227.048309326172,7.80957750976086,0.000119822737529448
53830,227.014038085938,7.79524724930525,0.000119620923509686
53840,226.979766845703,7.78094120323658,0.000119419420181637
53850,226.945495605469,7.7666612342,0.000119218256277661
53860,226.911224365234,7.75240734219551,0.00011901743195155
53870,226.876953125,7.73817859590054,0.000118816933057069
53880,226.842681884766,7.7239740639925,0.000118616745439435
53890,226.808410644531,7.70979654043913,0.000118416912153079
53900,226.774139404297,7.6956432312727,0.000118217390438834
53910,226.739868164063,7.68151506781578,0.000118018194746747
53920,226.705596923828,7.66741298139095,0.000117819339535601
53930,226.671325683594,7.65333510935307,0.000117620796333647
53940,226.637054443359,7.63928238302469,0.000117422579597684
53950,226.602783203125,7.62525480240583,0.000117224689475835
53960,226.568511962891,7.61125143617392,0.000117027111796726
53970,226.534240722656,7.59727507829666,0.000116829889667424
53980,226.499969482422,7.58332200348377,0.000116632965953635
53990,226.465698242188,7.5693940743804,0.000116436369443017
54000,226.431442260742,7.55549129098654,0.000116240092450936
54010,226.397171020508,7.54161272197962,0.000116044136474053
54020,226.362899780273,7.52775929868221,0.000115848508141962
54030,226.328628540039,7.51393008977175,0.000115653193268738
54040,226.294357299805,7.50012695789337,0.000115458220670668
54050,226.26008605957,7.48634710907936,0.000115263547485959
54060,226.225814819336,7.47259240597486,0.000115069202533249
54070,226.191558837891,7.45886191725731,0.000114875163868847
54080,226.157287597656,7.44515564292669,0.000114681447146277
54090,226.123016357422,7.43147451430559,0.000114488059094847
54100,226.088745117188,7.417818531394,0.00011429499986402
54110,226.054473876953,7.40418396890164,0.000114102212194746
54120,226.020202636719,7.39057641476393,0.000113909782336517
54130,225.985931396484,7.37699214369059,0.000113717653026107
54140,225.951675415039,7.36343115568161,0.000113525816733734
54150,225.917404174805,7.34989624470472,0.000113334332023662
54160,225.88313293457,7.3363846167922,0.000113143148284983
54170,225.848861694336,7.32289627194405,0.00011295226565471
54180,225.814605712891,7.30943400412798,0.000112761719752572
54190,225.780334472656,7.2959940880537,0.000112571468507879
54200,225.746063232422,7.28257838636637,0.000112381533163596
54210,225.711791992188,7.26918689906597,0.000112191913863619
54220,225.677520751953,7.25581776350737,0.000112002581999684
54230,225.643264770508,7.24247470498085,0.00011181358765476
54240,225.608993530273,7.22915399819613,0.000111624888598211
54250,225.574737548828,7.21585750579834,0.000111436498615649
54260,225.540466308594,7.20258522778749,0.000111248432939015
54270,225.506195068359,7.18933623284101,0.000111060669776068
54280,225.471923828125,7.17610958963633,0.000110873194875519
54290,225.43766784668,7.16290809214115,0.000110686044051288
54300,225.403396606445,7.14972987771034,0.000110499203662518
54310,225.369140625,7.1365749463439,0.000110312658875272
54320,225.334869384766,7.12344329804182,0.000110126424776915
54330,225.300598144531,7.11033493280411,0.000109940494025516
54340,225.266326904297,7.09724985063076,0.000109754866759526
54350,225.232070922852,7.08418898284435,0.000109569550099033
54360,225.197799682617,7.07114953547716,0.000109384515826402
54370,225.163543701172,7.05813523381949,0.00010919980686831
54380,225.129272460938,7.0451432839036,0.000109015394955087
54390,225.095001220703,7.0321736857295,0.000108831272807431
54400,225.060745239258,7.01922830194235,0.000108647462022618
54410,225.026473999023,7.00630526989698,0.00010846394865444
54420,224.992218017578,6.99340552091598,0.000108280732534359
54430,224.957946777344,6.98052812367678,0.000108097814077786
54440,224.923690795898,6.96767494082451,0.000107915207590267
54450,224.889419555664,6.95484410971403,0.000107732899017921
54460,224.855163574219,6.94203656166792,0.000107550888291636
54470,224.820892333984,6.92924950271845,0.000107369146866398
54480,224.786636352539,6.91648852080107,0.000107187746874909
54490,224.752365112305,6.9037489593029,0.000107006630863435
54500,224.718109130859,6.89102988690138,0.000106825769980158
54510,224.683837890625,6.8783350288868,0.000106645236622462
54520,224.64958190918,6.86566438525915,0.000106465016440685
54530,224.615310668945,6.85301329940557,0.000106285051834833
54540,224.5810546875,6.84038735926151,0.000106105415144791
54550,224.546783447266,6.82778190821409,0.00010592604871082
54560,224.51252746582,6.81519974023104,0.000105746981598283
54570,224.478271484375,6.80263992398977,0.000105568206703744
54580,224.444000244141,6.7901024594903,0.000105389731325906
54590,224.409744262695,6.77758641541004,0.000105211526800482
54600,224.37548828125,6.76509272307158,0.000105033614890304
54610,224.341217041016,6.75262231379747,0.000104856017323054
54620,224.30696105957,6.74017332494259,0.000104678691036814
54630,224.272689819336,6.7277466878295,0.000104501664878167
54640,224.238433837891,6.71534147113562,0.000104324910282168
54650,224.204162597656,6.70295860618353,0.000104148456056154
54660,224.169906616211,6.69059809297323,0.000103972288147487
54670,224.135650634766,6.67825806885958,0.000103796384839678
54680,224.101379394531,6.66594132781029,0.000103620796741176
54690,224.067123413086,6.65364507585764,0.000103445466433292
54700,224.032867431641,6.64137303829193,0.00010327045903045
54710,223.998611450195,6.62912055850029,0.000103095702261421
54720,223.964340209961,6.61689043045044,0.000102921246711551
54730,223.930084228516,6.60468079149723,0.00010274704950431
54740,223.895812988281,6.59249443560839,0.000102573168246449
54750,223.861572265625,6.58032950013876,0.000102399553122837
54760,223.827301025391,6.56818598508835,0.000102226232202549
54770,223.793045043945,6.55606295913458,0.000102053170177907
54780,223.7587890625,6.54396321624517,0.000101880417648948
54790,223.724517822266,6.53188303112984,0.000101707923688197
54800,223.69026184082,6.51982426643372,0.000101535703534586
54810,223.656005859375,6.50778785347939,0.000101363778770715
54820,223.62174987793,6.49577286094427,0.000101192135024051
54830,223.587493896484,6.48377649486065,0.000101020728892236
54840,223.55322265625,6.47180527448654,0.000100849668957185
54850,223.518966674805,6.45985268056393,0.000100678839992479
54860,223.484710693359,6.44792150706053,0.000100508292553227
54870,223.450454711914,6.43601175397635,0.000100338026768907
54880,223.416198730469,6.42412155866623,0.000100168013725811
54890,223.381927490234,6.4122537150979,9.99983039424834E-05
54900,223.347686767578,6.4004072919488,9.9828862537158E-05
54910,223.313415527344,6.38858042657375,9.96596878847202E-05
54920,223.279159545898,6.37677405029535,9.94907741717252E-05
54930,223.244903564453,6.36498909443617,9.93221428743707E-05
54940,223.210647583008,6.3532255589962,9.91537941226831E-05
54950,223.176391601563,6.34148251265287,9.89857135095324E-05
54960,223.142135620117,6.32975995540619,9.88179011584096E-05
54970,223.107879638672,6.31805695593357,9.86503426511811E-05
54980,223.073623657227,6.30637444555759,9.84830526487239E-05
54990,223.039367675781,6.29471521824598,9.83160749132563E-05
55000,223.005096435547,6.28307368606329,9.81493290139912E-05
55010,222.970855712891,6.27145357429981,9.79828531100741E-05
55020,222.936584472656,6.25985395163298,9.78166596214596E-05
55030,222.90234375,6.24827574938536,9.76507364265162E-05
55040,222.868072509766,6.23671524226665,9.74850521860822E-05
55050,222.833831787109,6.22517522424459,9.73196239648256E-05
55060,222.799560546875,6.21365755796433,9.71545076875303E-05
55070,222.76530456543,6.20215944945812,9.69896398075643E-05
55080,222.731048583984,6.19067996740341,9.68250125403774E-05
55090,222.696807861328,6.17922283709049,9.66606776481616E-05
55100,222.662536621094,6.16778340190649,9.64965822840464E-05
55110,222.628295898438,6.1563653871417,9.63327583729589E-05
55120,222.594039916992,6.14496693015099,9.61691967341673E-05
55130,222.559783935547,6.13358896225691,9.6005905450444E-05
55140,222.525527954102,6.1222305521369,9.58428700668899E-05
55150,222.491271972656,6.11089169979095,9.56800907017042E-05
55160,222.457015991211,6.09957240521908,9.55175674731592E-05
55170,222.422760009766,6.08827266842127,9.53553004996E-05
55180,222.38850402832,6.0769934207201,9.5193304488184E-05
55190,222.354248046875,6.06573186814785,9.50315357911838E-05
55200,222.320007324219,6.05449359863997,9.4870075561741E-05
55210,222.285736083984,6.04327209293842,9.47088413111279E-05
55220,222.251495361328,6.03207107633352,9.45478655034781E-05
55230,222.217239379883,6.02088775485754,9.43871239682212E-05
55240,222.182983398438,6.0097249224782,9.42266541161307E-05
55250,222.148727416992,5.99858351051807,9.40664706773753E-05
55260,222.114471435547,5.98745886236429,9.39065007507818E-05
55270,222.080230712891,5.97635470330715,9.37467964299207E-05
55280,222.045974731445,5.96527010202408,9.35873561218149E-05
55290,222.01171875,5.95420319586992,9.34281442675156E-05
55300,221.977462768555,5.94315677881241,9.32692048200506E-05
55310,221.943206787109,5.93212805688381,9.31104940515252E-05
55320,221.908966064453,5.92111889272928,9.29520349168552E-05
55330,221.874710083008,5.91012928634882,9.27938403284853E-05
55340,221.840454101563,5.899160169065,9.26359186293547E-05
55350,221.806198120117,5.88820781558752,9.24782114377428E-05
55360,221.771957397461,5.87727595120668,9.23207710182102E-05
55370,221.737701416016,5.86636178195477,9.21635663165719E-05
55380,221.70344543457,5.85546623915434,9.20066057110769E-05
55390,221.669189453125,5.8445893228054,9.18498893148905E-05
55400,221.634948730469,5.83373196423054,9.16934255668185E-05
55410,221.600692749023,5.82289230078459,9.15371979410694E-05
55420,221.566436767578,5.81207219511271,9.1381229507399E-05
55430,221.532196044922,5.80127071589231,9.12254994574446E-05
55440,221.497940063477,5.79048693180084,9.1070005834006E-05
55450,221.463684082031,5.77972363680601,9.09147863996356E-05
55460,221.429443359375,5.76897617429495,9.07597617676592E-05
55470,221.39518737793,5.75824920088053,9.0605017820656E-05
55480,221.360931396484,5.74753992259502,9.04505044526392E-05
55490,221.326690673828,5.73684833943844,9.02962155454363E-05
55500,221.292434692383,5.72617631405592,9.01421929883052E-05
55510,221.258178710938,5.71552012115717,8.99883720140825E-05
55520,221.223937988281,5.70488534867764,8.98348345133377E-05
55530,221.189697265625,5.69426640868187,8.96814988293388E-05
55540,221.15544128418,5.6836660951376,8.95284152431424E-05
55550,221.121185302734,5.67308440804482,8.93755776727297E-05
55560,221.086944580078,5.66252041608095,8.92229653999162E-05
55570,221.052688598633,5.65197505056858,8.90706055345975E-05
55580,221.018447875977,5.64144644886255,8.89184565266307E-05
55590,220.984191894531,5.63093647360802,8.8766560126964E-05
55600,220.949951171875,5.6204441934824,8.86148894984165E-05
55610,220.91569519043,5.6099696084857,8.846345699785E-05
55620,220.881439208984,5.59951271861792,8.83122566039425E-05
55630,220.847198486328,5.58907352387905,8.81612823334558E-05
55640,220.812957763672,5.5786520242691,8.80105404046533E-05
55650,220.778701782227,5.56824821978807,8.78600369979514E-05
55660,220.74446105957,5.55786211043596,8.77097600674446E-05
55670,220.710205078125,5.54749369621277,8.75597218565793E-05
55680,220.675964355469,5.53714297711849,8.74099103573661E-05
55690,220.641708374023,5.52680995315313,8.72603377756567E-05
55700,220.607467651367,5.51649369299412,8.71109774347538E-05
55710,220.573211669922,5.50619419664145,8.69618414961678E-05
55720,220.538970947266,5.49591239541769,8.6812932731663E-05
55730,220.504730224609,5.48564922064543,8.66642719884645E-05
55740,220.470474243164,5.47540187835693,8.65158212229329E-05
55750,220.436218261719,5.46517223119736,8.63676039595807E-05
55760,220.401977539063,5.45495934784412,8.62195996179284E-05
55770,220.367736816406,5.44476415961981,8.60718290103074E-05
55780,220.33349609375,5.43458480387926,8.5924262796076E-05
55790,220.299240112305,5.42442407459021,8.57769511930703E-05
55800,220.264999389648,5.41428010910749,8.56298529667302E-05
55810,220.230743408203,5.40415197610855,8.54829653609344E-05
55820,220.196502685547,5.39404153823853,8.53363060844114E-05
55830,220.162261962891,5.38394786417484,8.51898664421851E-05
55840,220.128021240234,5.37387188524008,8.50436612752978E-05
55850,220.093765258789,5.36381173878908,8.48976670973317E-05
55860,220.059524536133,5.35376835614443,8.47518869663026E-05
55870,220.025283813477,5.34374080598354,8.46063121345011E-05
55880,219.991027832031,5.33373095095158,8.4460978051538E-05
55890,219.956787109375,5.32373692840338,8.43158436013189E-05
55900,219.922546386719,5.3137606009841,8.41709442519325E-05
55910,219.888305664063,5.30380010604858,8.4026250603972E-05
55920,219.854049682617,5.29385637491941,8.38817833322084E-05
55930,219.819808959961,5.28392847627401,8.37375161278941E-05
55940,219.785568237305,5.27401641011238,8.35934549181251E-05
55950,219.751312255859,5.26412297040224,8.34496498850993E-05
55960,219.717071533203,5.25424350053072,8.3306015717302E-05
55970,219.682830810547,5.24438079446554,8.31626026061398E-05
55980,219.648590087891,5.23453485220671,8.30194106549936E-05
55990,219.614349365234,5.22470474243164,8.28764251942849E-05
56000,219.580108642578,5.21489139646292,8.27336610959396E-05
56010,219.545867919922,5.20509295165539,8.25910889082667E-05
56020,219.511611938477,5.1953112706542,8.24487440121589E-05
56030,219.47737121582,5.18554542213678,8.2306600257656E-05
56040,219.443130493164,5.17579540610313,8.21646634818131E-05
56050,219.408889770508,5.16606122255325,8.20229337815329E-05
56060,219.374649047852,5.15634380280972,8.18814260429438E-05
56070,219.340393066406,5.14664128422737,8.17401164734381E-05
56080,219.30615234375,5.1369545981288,8.15990085752464E-05
56090,219.271911621094,5.12728374451399,8.14581081408457E-05
56100,219.237670898438,5.11762872338295,8.13174152674417E-05
56110,219.203430175781,5.10798860341311,8.11769152515836E-05
56120,219.169189453125,5.0983652472496,8.10366377897204E-05
56130,219.134948730469,5.0887567922473,8.08965533754922E-05
56140,219.100708007813,5.07916323840618,8.07566620994066E-05
56150,219.066467285156,5.06958551704884,8.06169788619983E-05
56160,219.0322265625,5.06002455949783,8.04775185731194E-05
56170,218.997985839844,5.05047757178545,8.03382368935401E-05
56180,218.963745117188,5.04094641655684,8.01991635408878E-05
56190,218.929504394531,5.03143016248941,8.00602837936742E-05
56200,218.895263671875,5.02192880958319,7.99215977427536E-05
56210,218.861022949219,5.0124442204833,7.97831351267824E-05
56220,218.826782226563,5.00297266989946,7.96448367458771E-05
56230,218.792541503906,4.99351788312197,7.95067619911953E-05
56240,218.75830078125,4.98407799750566,7.93688813060781E-05
56250,218.724060058594,4.97465301305056,7.92311947816688E-05
56260,218.689819335938,4.96524199843407,7.90936876736902E-05
56270,218.655578613281,4.95584681630135,7.89563897420319E-05
56280,218.621337890625,4.94646653532982,7.88192862448537E-05
56290,218.587097167969,4.93710022419691,7.86823624310779E-05
56300,218.552856445313,4.92774974554777,7.85456480747072E-05
56310,218.518615722656,4.91841323673725,7.84091135800027E-05
56320,218.484375,4.9090925604105,7.82727887303829E-05
56330,218.450134277344,4.89978585392237,7.81366439209192E-05
56340,218.415908813477,4.89049404859543,7.800068864115E-05
56350,218.38166809082,4.88121621310711,7.78649190334468E-05
56360,218.347427368164,4.87195327877998,7.77293445834722E-05
56370,218.313186645508,4.86270431429148,7.75939505219814E-05
56380,218.278945922852,4.85347118228674,7.74587666606711E-05
56390,218.244720458984,4.84425108879805,7.73237430951085E-05
56400,218.210479736328,4.83504682779312,7.71889353284065E-05
56410,218.176239013672,4.82585467398167,7.70542785632645E-05
56420,218.141998291016,4.81667835265398,7.69198323617248E-05
56430,218.107757568359,4.80751693248749,7.67855819478876E-05
56440,218.073516845703,4.79836761951447,7.66514827817636E-05
56450,218.039276123047,4.78923413902521,7.65175944535721E-05
56460,218.00505065918,4.78011462837458,7.63838819521781E-05
56470,217.970809936523,4.77100908756256,7.62503560641179E-05
56480,217.936569213867,4.76191658526659,7.61169966332309E-05
56490,217.90234375,4.75283898413181,7.59838281953426E-05
56500,217.868103027344,4.74377535283566,7.58508466017172E-05
56510,217.833862304688,4.73472476005554,7.57180317148607E-05
56520,217.799621582031,4.72568813711405,7.55853985095116E-05
56530,217.765396118164,4.71666641533375,7.54529566828493E-05
56540,217.731155395508,4.70765773206949,7.53206871084535E-05
56550,217.696914672852,4.69866301864386,7.51885994728207E-05
56560,217.662689208984,4.68968227505684,7.50566886001208E-05
56570,217.628448486328,4.68071363866329,7.49249352924044E-05
56580,217.594207763672,4.67176083475351,7.47933939921601E-05
56590,217.559967041016,4.66281920671463,7.46619902368753E-05
56600,217.525741577148,4.65389247983694,7.45307785228682E-05
56610,217.491500854492,4.64497972279787,7.43997544906905E-05
56620,217.457275390625,4.63607907295227,7.4268877939516E-05
56630,217.423034667969,4.62719239294529,7.41381892164337E-05
56640,217.388793945313,4.61831875145435,7.40076682637214E-05
56650,217.354553222656,4.60945907980204,7.38773300872839E-05
56660,217.320327758789,4.60061244666576,7.37471546665118E-05
56670,217.286087036133,4.59177931770682,7.36171599108399E-05
56680,217.251861572266,4.58295969292521,7.34873355554622E-05
56690,217.217620849609,4.57415543496609,7.33577218865838E-05
56700,217.183395385742,4.56536607816815,7.32283012176501E-05
56710,217.149154663086,4.5565920881927,7.30990914107229E-05
56720,217.114929199219,4.54783253371716,7.29700673385894E-05
56730,217.080688476563,4.53908834606409,7.28412543019004E-05
56740,217.046447753906,4.53035905957222,7.2712639787622E-05
56750,217.012222290039,4.52164467424154,7.25842187861067E-05
56760,216.977996826172,4.51294519007206,7.24559965114249E-05
56770,216.943756103516,4.50426060706377,7.23279781448358E-05
56780,216.909515380859,4.49559092521667,7.22001586768708E-05
56790,216.875289916992,4.48693614453077,7.20725331308986E-05
56800,216.841064453125,4.47829626500607,7.19451066883574E-05
56810,216.806823730469,4.46967128664255,7.18178844980569E-05
56820,216.772598266602,4.46106120944023,7.16908565371707E-05
56830,216.738357543945,4.45246556773782,7.15640255164986E-05
56840,216.704132080078,4.44388529285789,7.1437396413777E-05
56850,216.669891357422,4.43531945347786,7.13109644216881E-05
56860,216.635665893555,4.42676804959774,7.11847195791505E-05
56870,216.601440429688,4.4182320125401,7.10586819859008E-05
56880,216.567199707031,4.40971041098237,7.09328417570678E-05
56890,216.532958984375,4.40120324492455,7.08071939699878E-05
56900,216.498733520508,4.39271098002791,7.06817412271439E-05
56910,216.464508056641,4.38423361629248,7.05564886211754E-05
56920,216.430267333984,4.37577068805695,7.04314337174128E-05
56930,216.396041870117,4.36732266098261,7.03065741645254E-05
56940,216.36181640625,4.35888906940818,7.01819075336213E-05
56950,216.327575683594,4.35046991333365,7.0057438857809E-05
56960,216.293350219727,4.34206565842032,6.99331658375711E-05
56970,216.259124755859,4.3336758390069,6.98090860165773E-05
56980,216.224884033203,4.32530045509338,6.96852044041898E-05
56990,216.190658569336,4.31693950667977,6.9561511249018E-05
57000,216.156433105469,4.30859345942736,6.94380190731789E-05
57010,216.122192382813,4.30026138201356,6.93147178542254E-05
57020,216.087966918945,4.29194420576096,6.91916128991575E-05
57030,216.053741455078,4.28364146500826,6.90687016970618E-05
57040,216.019500732422,4.27535315975547,6.89459892101113E-05
57050,215.985275268555,4.26707929000258,6.8823465782413E-05
57060,215.951049804688,4.25881985574961,6.8701136384152E-05
57070,215.91682434082,4.25057485699654,6.85790011075964E-05
57080,215.882598876953,4.24234382808208,6.84570525308778E-05
57090,215.848358154297,4.23412770032883,6.83353106043512E-05
57100,215.81413269043,4.22592554241419,6.82137507215072E-05
57110,215.779907226563,4.21773781999946,6.80923853276531E-05
57120,215.745681762695,4.20956453308463,6.7971214515349E-05
57130,215.711456298828,4.20140521600842,6.7850230857057E-05
57140,215.677215576172,4.19326033443213,6.77294467549651E-05
57150,215.642990112305,4.18512988835573,6.76088527105549E-05
57160,215.608764648438,4.17701387777925,6.74884536161451E-05
57170,215.57453918457,4.16891183704138,6.73682420396558E-05
57180,215.540313720703,4.16082376614213,6.72482180704143E-05
57190,215.506072998047,4.15275013074279,6.71283940781168E-05
57200,215.471862792969,4.14469046518207,6.70087483683061E-05
57210,215.437622070313,4.13664523512125,6.68893075567274E-05
57220,215.403396606445,4.12861397489905,6.67700499698002E-05
57230,215.369171142578,4.12059668451548,6.66509804424096E-05
57240,215.334945678711,4.11259382963181,6.65321065975323E-05
57250,215.300720214844,4.10460494458675,6.64134209939855E-05
57260,215.266494750977,4.09663002938032,6.62949237215553E-05
57270,215.232269287109,4.0886695496738,6.61766224069844E-05
57280,215.198043823242,4.0807225741446,6.6058502067573E-05
57290,215.163818359375,4.07279003411531,6.59405778682769E-05
57300,215.129577636719,4.06487099826336,6.58228394904222E-05
57310,215.095367431641,4.05696639791131,6.57052880977573E-05
57320,215.061126708984,4.04907576739788,6.55879349007591E-05
57330,215.026916503906,4.04119864106178,6.54707538162364E-05
57340,214.99267578125,4.03333595022559,6.5353778620392E-05
57350,214.958465576172,4.02548676356673,6.52369757454432E-05
57360,214.924224853516,4.01765201240778,6.51203789120068E-05
57370,214.890014648438,4.00983076542616,6.50039546080265E-05
57380,214.855773925781,4.00202348828316,6.48877289486061E-05
57390,214.821563720703,3.99422971531749,6.47716760249383E-05
57400,214.787322998047,3.98644991219044,6.46558218944897E-05
57410,214.753112792969,3.97868407890201,6.4540148259945E-05
57420,214.718872070313,3.97093221545219,6.44246735700017E-05
57430,214.684661865234,3.96319385617971,6.43093720312283E-05
57440,214.650436401367,3.95546946674585,6.41942650229898E-05
57450,214.625869750977,3.94775858148932,6.40764567351612E-05
57460,214.601409912109,3.94006166607141,6.39588164130897E-05
57470,214.576965332031,3.93237825483084,6.38413639689169E-05
57480,214.552520751953,3.92470834776759,6.37241040239211E-05
57490,214.528076171875,3.91705241054296,6.36070442055452E-05
57500,214.503631591797,3.90940997749567,6.34901770197068E-05
57510,214.479187011719,3.90178128145635,6.33735063139513E-05
57520,214.454742431641,3.89416608959436,6.32570283733533E-05
57530,214.430297851563,3.88656463474035,6.31407470463811E-05
57540,214.405853271484,3.87897691689432,6.30246624002828E-05
57550,214.381408691406,3.87140247039497,6.29087669355246E-05
57560,214.356964111328,3.8638417609036,6.27930682845031E-05
57570,214.33251953125,3.85629455558956,6.26775627302886E-05
57580,214.308074951172,3.84876085445285,6.25622503389566E-05
57590,214.283630371094,3.84124042466283,6.24471273914799E-05
57600,214.259185791016,3.83373373188078,6.23322015238281E-05
57610,214.234741210938,3.82624054327607,6.22174690174661E-05
57620,214.210296630859,3.81876062601805,6.21029261521615E-05
57630,214.185852050781,3.81129421293736,6.19885767797051E-05
57640,214.161407470703,3.80384130403399,6.18744209663532E-05
57650,214.136962890625,3.79640166647732,6.17604549906672E-05
57660,214.112518310547,3.78897553309798,6.16466827058243E-05
57670,214.088073730469,3.78156267106533,6.15331003895812E-05
57680,214.063629150391,3.77416308037937,6.14197081070172E-05
57690,214.039184570313,3.76677699387073,6.13065097126968E-05
57700,214.014755249023,3.75940417870879,6.11934971202047E-05
57710,213.990310668945,3.75204440206289,6.10806753378633E-05
57720,213.965866088867,3.74469812959433,6.0968047640558E-05
57730,213.941421508789,3.73736512847245,6.08556103036291E-05
57740,213.916976928711,3.73004539869726,6.07433633923348E-05
57750,213.892532348633,3.72273870743811,6.06313031799093E-05
57760,213.868087768555,3.71544528752565,6.05194335228575E-05
57770,213.843643188477,3.70816513895988,6.04077544865268E-05
57780,213.819198608398,3.7008982617408,6.02962661362945E-05
57790,213.79475402832,3.69364442303777,6.01849647437799E-05
57800,213.770324707031,3.68640362285078,6.00738460850857E-05
57810,213.745880126953,3.67917609401047,5.99629226025268E-05
57820,213.721435546875,3.67196160368621,5.9852186271037E-05
57830,213.696990966797,3.664760151878,5.97416371548405E-05
57840,213.672546386719,3.65757197141647,5.96312791141485E-05
57850,213.648101806641,3.65039659664035,5.95211046217624E-05
57860,213.623672485352,3.64323426038027,5.94111132938795E-05
57870,213.599227905273,3.63608496263623,5.9301313689477E-05
57880,213.574783325195,3.62894870340824,5.91917016219176E-05
57890,213.550338745117,3.62182548269629,5.90822771556019E-05
57900,213.525894165039,3.61471530050039,5.897304035496E-05
57910,213.501449584961,3.60761769115925,5.88639836864518E-05
57920,213.477020263672,3.60053358599544,5.87551182100308E-05
57930,213.452575683594,3.59346205368638,5.86464371999643E-05
57940,213.428131103516,3.58640332706273,5.85379403115296E-05
57950,213.403686523438,3.57935763895512,5.84296314087383E-05
57960,213.379257202148,3.57232475653291,5.83215025844398E-05
57970,213.35481262207,3.56530491262674,5.82135660519794E-05
57980,213.330368041992,3.55829764157534,5.81058100940947E-05
57990,213.305923461914,3.55130317620933,5.79982385753486E-05
58000,213.281494140625,3.54432151652873,5.78908474174751E-05
58010,213.257049560547,3.53735266253352,5.77836449744814E-05
58020,213.232604980469,3.53039661422372,5.76766271609522E-05
58030,213.208160400391,3.52345337159932,5.75697940403916E-05
58040,213.183731079102,3.51652270182967,5.74631377587021E-05
58050,213.159286499023,3.50960483774543,5.73566704163221E-05
58060,213.134841918945,3.50269954651594,5.72503841511784E-05
58070,213.110412597656,3.4958072938025,5.71442825459705E-05
58080,213.085968017578,3.48892714828253,5.70383586302494E-05
58090,213.0615234375,3.4820600412786,5.69326235924595E-05
58100,213.037094116211,3.47520550712943,5.68270658128161E-05
58110,213.012649536133,3.46836354583502,5.67216935013074E-05
58120,212.988204956055,3.46153392456472,5.66164988349002E-05
58130,212.963775634766,3.45471710897982,5.65114854429188E-05
58140,212.939331054688,3.44791263341904,5.64066538762376E-05
58150,212.914886474609,3.44112096354365,5.63020077589276E-05
58160,212.89045715332,3.43434163369238,5.61975355071405E-05
58170,212.866012573242,3.42757487669587,5.60932490553618E-05
58180,212.841567993164,3.42082069255412,5.59891444312703E-05
58190,212.817138671875,3.41407884843647,5.58852138793878E-05
58200,212.792694091797,3.40734934434295,5.57814654818994E-05
58210,212.768249511719,3.40063241310418,5.56778990983871E-05
58220,212.74382019043,3.39392805472016,5.55745108055782E-05
58230,212.719375610352,3.38723580352962,5.54713010192807E-05
58240,212.694946289063,3.38055612519383,5.53682694613706E-05
58250,212.670501708984,3.37388878688216,5.52654203320219E-05
58260,212.646057128906,3.36723355576396,5.51627458994255E-05
58270,212.621627807617,3.36059089750052,5.50602499018769E-05
58280,212.597183227539,3.35396034643054,5.49579326816574E-05
58290,212.57275390625,3.34734236821532,5.48557940343414E-05
58300,212.548309326172,3.34073649719357,5.47538342729552E-05
58310,212.523880004883,3.3341427333653,5.4652045589448E-05
58320,212.499435424805,3.32756154239178,5.45504435327003E-05
58330,212.475006103516,3.32099245861173,5.44490126900696E-05
58340,212.450561523438,3.31443548202515,5.43477609492866E-05
58350,212.426132202148,3.30789061263204,5.42466805571703E-05
58360,212.40168762207,3.30135831609368,5.41457870115574E-05
58370,212.377258300781,3.29483766108751,5.40450573127665E-05
58380,212.352813720703,3.2883295789361,5.39445145697081E-05
58390,212.328384399414,3.28183337114751,5.38441396263869E-05
58400,212.303939819336,3.2753492705524,5.37439441082071E-05
58410,212.279510498047,3.26887727715075,5.36439203436255E-05
58420,212.255065917969,3.26241739094257,5.35440761119687E-05
58430,212.23063659668,3.25596937909722,5.34443999469814E-05
58440,212.206192016602,3.24953370727599,5.33449072441661E-05
58450,212.181762695313,3.24310967698693,5.32455789193986E-05
58460,212.157318115234,3.23669798672199,5.31464341648976E-05
58470,212.132888793945,3.23029840365052,5.30474615677747E-05
58480,212.108444213867,3.22391046211123,5.29486611790822E-05
58490,212.084014892578,3.21753462776542,5.28500330810277E-05
58500,212.0595703125,3.21117043495178,5.27515772962844E-05
58510,212.035140991211,3.20481834933162,5.26532939355057E-05
58520,212.010711669922,3.19847837090492,5.25551868620062E-05
58530,211.986267089844,3.19215003401041,5.24572522603029E-05
58540,211.961837768555,3.18583333864808,5.23594826303668E-05
58550,211.937393188477,3.17952875047922,5.22618932297976E-05
58560,211.912963867188,3.17323626950383,5.21644765876784E-05
58570,211.888534545898,3.16695496439934,5.20672212226684E-05
58580,211.86408996582,3.16068599931896,5.19701500753271E-05
58590,211.839660644531,3.15442867577076,5.18732442291944E-05
58600,211.815216064453,3.1481827609241,5.17765073929372E-05
58610,211.790786743164,3.14194895327091,5.16799436465028E-05
58620,211.766357421875,3.13572678714991,5.15835491272584E-05
58630,211.741912841797,3.12951626256108,5.14873276041154E-05
58640,211.717483520508,3.12331737950444,5.13912717085015E-05
58650,211.693054199219,3.11713037081063,5.12953890473408E-05
58660,211.668609619141,3.110955003649,5.11996795396062E-05
58670,211.644180297852,3.1047910451889,5.11041320234038E-05
58680,211.619750976563,3.09863872826099,5.10087540862556E-05
58690,211.595306396484,3.09249828569591,5.09135532916523E-05
58700,211.570877075195,3.08636925183237,5.08185146828577E-05
58710,211.546447753906,3.08025162667036,5.0723641995307E-05
58720,211.522018432617,3.07414587587118,5.06289429555906E-05
58730,211.497573852539,3.06805153377354,5.05344135997688E-05
58740,211.47314453125,3.06196860037744,5.04400466872439E-05
58750,211.448715209961,3.05589730851352,5.03458497637393E-05
58760,211.424270629883,3.04983742535114,5.0251822678601E-05
58770,211.399841308594,3.0437889508903,5.01579582296053E-05
58780,211.375411987305,3.03775211796165,5.00642639447232E-05
58790,211.350982666016,3.03172646090388,4.99707322076522E-05
58800,211.326538085938,3.0257124453783,4.98773743523449E-05
58810,211.302108764648,3.01970960572362,4.97841755516937E-05
58820,211.277679443359,3.01371817477047,4.96911433088179E-05
58830,211.25325012207,3.00773838534951,4.95982815209295E-05
58840,211.228820800781,3.0017695389688,4.95055787275485E-05
58850,211.204376220703,2.99581233412027,4.94130500747219E-05
58860,211.179946899414,2.98986630514264,4.93206807940143E-05
58870,211.155517578125,2.9839314520359,4.9228474518176E-05
58880,211.131088256836,2.97800800763071,4.91364351454404E-05
58890,211.106658935547,2.9720957390964,4.90445588916541E-05
58900,211.082214355469,2.96619487926364,4.89528531947141E-05
58910,211.05778503418,2.96030519530177,4.88613071859787E-05
58920,211.033355712891,2.95442645438015,4.87699206236463E-05
58930,211.008926391602,2.94855912216008,4.86787012508467E-05
58940,210.984497070313,2.9427029658109,4.85876452813347E-05
58950,210.960067749023,2.93685798533261,4.84967527718771E-05
58960,210.935623168945,2.93102394789457,4.84060234356799E-05
58970,210.911193847656,2.92520131915808,4.83154580101441E-05
58980,210.886764526367,2.91938963346183,4.82250523690288E-05
58990,210.862335205078,2.91358912363648,4.81348104144166E-05
59000,210.837905883789,2.90779955685139,4.80447283562124E-05
59010,210.8134765625,2.90202093310654,4.79548062500031E-05
59020,210.789047241211,2.89625348523259,4.78650479992863E-05
59030,210.764617919922,2.89049698039889,4.77754498127077E-05
59040,210.740173339844,2.88475165143609,4.76860190474481E-05
59050,210.715744018555,2.8790170326829,4.75967411505471E-05
59060,210.691314697266,2.8732935898006,4.75076273345357E-05
59070,210.666885375977,2.86758132278919,4.74186776564953E-05
59080,210.642456054688,2.86187953315675,4.73298806218456E-05
59090,210.618026733398,2.85618891939521,4.72412478367293E-05
59100,210.593597412109,2.85050924867392,4.71527755068504E-05
59110,210.56916809082,2.84484005533159,4.7064455984249E-05
59120,210.544738769531,2.83918203786016,4.69763008791648E-05
59130,210.520309448242,2.83353473059833,4.68883025432425E-05
59140,210.495880126953,2.8278985992074,4.6800468737552E-05
59150,210.471450805664,2.82227294519544,4.67127879583105E-05
59160,210.447021484375,2.81665800139308,4.66252641129479E-05
59170,210.422592163086,2.81105376780033,4.65378972561226E-05
59180,210.398162841797,2.80546071007848,4.64506951525855E-05
59190,210.373733520508,2.79987789690495,4.63636424378069E-05
59200,210.349304199219,2.79430625960231,4.62767545875514E-05
59210,210.32487487793,2.78874509967864,4.61900200901356E-05
59220,210.300445556641,2.78319464996457,4.61034428558267E-05
59230,210.276016235352,2.77765491046011,4.60170229394357E-05
59240,210.251586914063,2.77212588116527,4.59307603957996E-05
59250,210.227157592773,2.76660732924938,4.5844651421611E-05
59260,210.202728271484,2.76109948754311,4.57586999290304E-05
59270,210.178298950195,2.75560235604644,4.56729059729706E-05
59280,210.153869628906,2.75011546909809,4.55872618893405E-05
59290,210.129440307617,2.74463929235935,4.55017754503389E-05
59300,210.105010986328,2.73917382583022,4.54164467109548E-05
59310,210.080581665039,2.73371883668005,4.53312718653415E-05
59320,210.05615234375,2.72827409207821,4.52462471058817E-05
59330,210.031723022461,2.72284029051661,4.51613840702243E-05
59340,210.007293701172,2.71741673350334,4.50766712281816E-05
59350,209.982879638672,2.71200365386903,4.49921092253979E-05
59360,209.958450317383,2.70660081878304,4.49077007971809E-05
59370,209.934020996094,2.70120892673731,4.48234543114724E-05
59380,209.909591674805,2.69582681357861,4.47393505047817E-05
59390,209.885162353516,2.69045564346015,4.46554087492098E-05
59400,209.860733032227,2.68509471789002,4.4571617506631E-05
59410,209.836303710938,2.67974380403757,4.44879729642578E-05
59420,209.811874389648,2.67440360039473,4.44044867707508E-05
59430,209.787460327148,2.6690736413002,4.43211480252388E-05
59440,209.763031005859,2.663753926754,4.42379632333945E-05
59450,209.73860168457,2.65844445675612,4.41549292185221E-05
59460,209.714172363281,2.65314523130655,4.4072046033313E-05
59470,209.689743041992,2.64785648323596,4.39893175985408E-05
59480,209.665313720703,2.64257774688303,4.39067362312816E-05
59490,209.640899658203,2.63730925507843,4.38243026621395E-05
59500,209.616470336914,2.6320512406528,4.37420271984674E-05
59510,209.592041015625,2.62680323794484,4.36598989593162E-05
59520,209.567611694336,2.62156524695456,4.35779179961718E-05
59530,209.543182373047,2.6163375005126,4.34960882313071E-05
59540,209.518768310547,2.61111999861896,4.34144065558344E-05
59550,209.494338989258,2.605912508443,4.33328754801216E-05
59560,209.469909667969,2.60071502998471,4.32514918883965E-05
59570,209.44548034668,2.59552779607475,4.31702597048345E-05
59580,209.42106628418,2.5903508067131,4.30891758428679E-05
59590,209.396636962891,2.58518336340785,4.30082350197304E-05
59600,209.372207641602,2.58002639748156,4.29274496349908E-05
59610,209.347778320313,2.5748792104423,4.28468081199368E-05
59620,209.323364257813,2.56974226795137,4.27663151571121E-05
59630,209.298934936523,2.56461510434747,4.26859692895261E-05
59640,209.274505615234,2.5594977196306,4.26057674446111E-05
59650,209.250076293945,2.55439057946205,4.25257174251796E-05
59660,209.225662231445,2.54929321818054,4.24458084355731E-05
59670,209.201232910156,2.5442058686167,4.23660505999585E-05
59680,209.176803588867,2.5391282979399,4.22864369916349E-05
59690,209.152389526367,2.53406073898077,4.22069684599108E-05
59700,209.127960205078,2.52900295890868,4.21276473421359E-05
59710,209.103530883789,2.52395495772362,4.20484706042338E-05
59720,209.079116821289,2.51891696825624,4.1969439113199E-05
59730,209.0546875,2.51388875767589,4.18905551725542E-05
59740,209.030258178711,2.50887009315193,4.18118118843169E-05
59750,209.005844116211,2.50386144034565,4.17332140124393E-05
59760,208.981414794922,2.49886233359575,4.16547599456156E-05
59770,208.956985473633,2.49387300573289,4.1576450562656E-05
59780,208.932571411133,2.48889368958771,4.14982867656792E-05
59790,208.908142089844,2.48392368666828,4.14202630259942E-05
59800,208.883712768555,2.47896369546652,4.13423880045642E-05
59810,208.859298706055,2.47401325032115,4.12646509719964E-05
59820,208.834869384766,2.46907235123217,4.1187058012496E-05
59830,208.810455322266,2.46414123103023,4.11096070358092E-05
59840,208.786026000977,2.45921965688467,4.1032300221483E-05
59850,208.761596679688,2.4543076287955,4.09551346096853E-05
59860,208.737182617188,2.44940514676273,4.08781072617829E-05
59870,208.712753295898,2.44451244361699,4.08012280952298E-05
59880,208.688339233398,2.43962905369699,4.07244834166097E-05
59890,208.663909912109,2.43475544266403,4.0647887008957E-05
59900,208.639495849609,2.42989114485681,4.05714251981311E-05
59910,208.61506652832,2.42503639310598,4.0495107860037E-05
59920,208.590637207031,2.42019118741155,4.04189320719672E-05
59930,208.566223144531,2.41535529494286,4.03428910432641E-05
59940,208.541793823242,2.41052894853055,4.02669946198857E-05
59950,208.517379760742,2.40571214817464,4.01912369538025E-05
59960,208.492950439453,2.40090442821383,4.01156162016828E-05
59970,208.468536376953,2.39610648714006,4.00401382057539E-05
59980,208.444107055664,2.39131762646139,3.9964797210343E-05
59990,208.419692993164,2.3865383118391,3.98895951895527E-05
60000,208.395263671875,2.38176807761192,3.98145302550502E-05
60010,208.370849609375,2.37700762227178,3.97396082959997E-05
60020,208.346420288086,2.37225601449609,3.96648196170488E-05
60030,208.322006225586,2.36751395277679,3.95901701293556E-05
60040,208.297576904297,2.36278120428324,3.95156617937788E-05
60050,208.273162841797,2.35805753618479,3.94412849700425E-05
60060,208.248733520508,2.35334318131208,3.93670493845713E-05
60070,208.224319458008,2.34863790683448,3.92929454166591E-05
60080,208.199890136719,2.34394194558263,3.92189827732862E-05
60090,208.175476074219,2.33925529755652,3.91451557494393E-05
60100,208.151062011719,2.33457772992551,3.90714633766094E-05
60110,208.12663269043,2.32990924268961,3.89979085613105E-05
60120,208.10221862793,2.32524983584881,3.89244856276445E-05
60130,208.077789306641,2.32059974223375,3.8851204234291E-05
60140,208.053375244141,2.3159587290138,3.87780548284805E-05
60150,208.028961181641,2.31132656335831,3.87050364128306E-05
60160,208.004531860352,2.30670371092856,3.86321596662326E-05
60170,207.980117797852,2.30208970606327,3.85594111649149E-05
60180,207.955688476563,2.29748478159308,3.84868005183223E-05
60190,207.931274414063,2.292888937518,3.8414322121079E-05
60200,207.906860351563,2.28830194100738,3.83419749485151E-05
60210,207.882431030273,2.2837242577225,3.82697696592773E-05
60220,207.858016967773,2.27915518917143,3.81976889728946E-05
60230,207.833587646484,2.27459543384612,3.81257502552164E-05
60240,207.809173583984,2.27004406042397,3.80539323398483E-05
60250,207.784759521484,2.26550223305821,3.79822575920409E-05
60260,207.760330200195,2.26096902042627,3.79107132306715E-05
60270,207.735916137695,2.25644442252815,3.78392937271678E-05
60280,207.711502075195,2.25192890502512,3.7768009725582E-05
60290,207.687072753906,2.24742223508656,3.76968601379357E-05
60300,207.662658691406,2.24292441271245,3.76258394665831E-05
60310,207.638244628906,2.23843543790281,3.75549505324699E-05
60320,207.613830566406,2.23395507782698,3.74841894753367E-05
60330,207.589401245117,2.2294835653156,3.74135629975658E-05
60340,207.564987182617,2.22502066753805,3.73430617330204E-05
60350,207.540573120117,2.22056685015559,3.72726962980257E-05
60360,207.516143798828,2.21612164750695,3.72024616588966E-05
60370,207.491729736328,2.21168482676148,3.7132348475931E-05
60380,207.467315673828,2.20725708641112,3.70623712618143E-05
60390,207.442901611328,2.20283772796392,3.69925183346943E-05
60400,207.418472290039,2.19842721708119,3.69228002755191E-05
60410,207.394058227539,2.19402532093227,3.68532077828161E-05
60420,207.369644165039,2.18963203951716,3.67837436229391E-05
60430,207.345230102539,2.18524737283587,3.671440784122E-05
60440,207.32080078125,2.18087108805776,3.66451992678395E-05
60450,207.29638671875,2.17650341801345,3.65761164605734E-05
60460,207.27197265625,2.17214436270297,3.6507162166676E-05
60470,207.24755859375,2.16779392212629,3.64383364315645E-05
60480,207.22314453125,2.16345186345279,3.6369635386578E-05
60490,207.198715209961,2.15911841951311,3.63010656636822E-05
60500,207.174301147461,2.15479335747659,3.62326180419527E-05
60510,207.149887084961,2.15047691017389,3.61642991590545E-05
60520,207.125473022461,2.14616861194372,3.6096101228621E-05
60530,207.101058959961,2.14186892844737,3.6028032126241E-05
60540,207.076644897461,2.13757762685418,3.59600879806121E-05
60550,207.052215576172,2.13329493999481,3.58922753983607E-05
60560,207.027801513672,2.12902016937733,3.58245773768524E-05
60570,207.003387451172,2.12475401349366,3.57570083621022E-05
60580,206.978973388672,2.12049623951316,3.5689564481044E-05
60590,206.954559326172,2.11624684743583,3.56222457779631E-05
60600,206.930145263672,2.11200560443103,3.55550483775245E-05
60610,206.905731201172,2.10777251049876,3.54879723226677E-05
60620,206.881301879883,2.10354779846966,3.54210241894412E-05
60630,206.856887817383,2.09933146834373,3.53541987925487E-05
60640,206.832473754883,2.09512328729033,3.52874948720383E-05
60650,206.808059692383,2.09092348814011,3.52209163928867E-05
60660,206.783645629883,2.08673160523176,3.5154455554688E-05
60670,206.759231567383,2.08254810422659,3.50881202448786E-05
60680,206.734817504883,2.0783725194633,3.50219026612409E-05
60690,206.710403442383,2.07420554943383,3.49558146169127E-05
60700,206.685989379883,2.07004649564624,3.48898443849831E-05
60710,206.661575317383,2.06589535810053,3.48239920072054E-05
60720,206.637161254883,2.06175236962736,3.47582614505519E-05
60730,206.612747192383,2.05761753022671,3.4692652758207E-05
60740,206.588317871094,2.05349107272923,3.46271724570945E-05
60750,206.563903808594,2.04937206581235,3.45617997657572E-05
60760,206.539489746094,2.04526144079864,3.4496552993611E-05
60770,206.515075683594,2.04115896485746,3.44314282577945E-05
60780,206.490661621094,2.03706440515816,3.43664216736101E-05
60790,206.466247558594,2.03297752887011,3.43015293545229E-05
60800,206.441833496094,2.02889880165458,3.4236759198898E-05
60810,206.417419433594,2.02482822351158,3.41721112500821E-05
60820,206.393005371094,2.02076532877982,3.41075776917578E-05
60830,206.368591308594,2.01671035028994,3.40431624948305E-05
60840,206.344177246094,2.01266305521131,3.39788617705406E-05
60850,206.319763183594,2.0086239092052,3.39146834219999E-05
60860,206.295364379883,2.00459267944098,3.38506210571672E-05
60870,206.270950317383,2.00056913308799,3.37866757979534E-05
60880,206.246536254883,1.99655327014625,3.37228451768265E-05
60890,206.222122192383,1.99254555627704,3.3659137100699E-05
60900,206.197708129883,1.98854529298842,3.35955398124061E-05
60910,206.173294067383,1.98455317877233,3.35320651533955E-05
60920,206.148880004883,1.98056851513684,3.34687013637473E-05
60930,206.124465942383,1.97659176774323,3.3405456352781E-05
60940,206.100051879883,1.97262270376086,3.33423262272791E-05
60950,206.075637817383,1.96866132318974,3.32793110280733E-05
60960,206.051223754883,1.96470762602985,3.3216410796015E-05
60970,206.026809692383,1.96076137945056,3.31536216351475E-05
60980,206.002410888672,1.9568232819438,3.30909529457651E-05
60990,205.977996826172,1.95289216935635,3.30283899892734E-05
61000,205.953582763672,1.94896920584142,3.29659500381075E-05
61010,205.929168701172,1.9450536929071,3.29036213199344E-05
61020,205.904754638672,1.94114539772272,3.28413999351596E-05
61030,205.880340576172,1.93724525161088,3.27793016804796E-05
61040,205.855926513672,1.93335232324898,3.27173108393219E-05
61050,205.831512451172,1.92946707829833,3.26554353310335E-05
61060,205.807113647461,1.92558905109763,3.25936648980643E-05
61070,205.782699584961,1.92171870730817,3.25320122990213E-05
61080,205.758285522461,1.91785581409931,3.24704712121956E-05
61090,205.733871459961,1.91400060430169,3.2409045619719E-05
61100,205.709457397461,1.91015261225402,3.23477276769113E-05
61110,205.685043334961,1.9063123036176,3.22865253088429E-05
61120,205.66064453125,1.90247874706984,3.22254203903925E-05
61130,205.63623046875,1.89865310676396,3.21644374647547E-05
61140,205.61181640625,1.89483468420804,3.21035623450297E-05
61150,205.58740234375,1.89102371223271,3.2042799014866E-05
61160,205.56298828125,1.88721995800734,3.19821435683841E-05
61170,205.538589477539,1.88342365436256,3.19215976204082E-05
61180,205.514175415039,1.87963480129838,3.18611659546082E-05
61190,205.489761352539,1.87585293315351,3.18008383426279E-05
61200,205.465347290039,1.87207851558924,3.17406227167298E-05
61210,205.440948486328,1.86831108294427,3.16805088677116E-05
61220,205.416534423828,1.86455110087991,3.16205094399618E-05
61230,205.392120361328,1.86079833656549,3.15606181672467E-05
61240,205.367706298828,1.85705255717039,3.15008311386767E-05
61250,205.343307495117,1.85331422835588,3.14411539549463E-05
61260,205.318893432617,1.84958311729133,3.13815873825224E-05
61270,205.294479370117,1.84585922397673,3.13221291195256E-05
61280,205.270080566406,1.84214231558144,3.12627729293367E-05
61290,205.245666503906,1.83843215927482,3.12035195493759E-05
61300,205.221252441406,1.83472945354879,3.11443785442874E-05
61310,205.196853637695,1.83103373274207,3.10853397371208E-05
61320,205.172439575195,1.82734522968531,3.10264117456309E-05
61330,205.148025512695,1.82366347871721,3.0967584385498E-05
61340,205.123626708984,1.81998917832971,3.09088672558828E-05
61350,205.099212646484,1.81632139720023,3.08502491810409E-05
61360,205.074798583984,1.81266106665134,3.07917437125892E-05
61370,205.050399780273,1.80900772102177,3.07333406925853E-05
61380,205.025985717773,1.80536089465022,3.06750368244535E-05
61390,205.001571655273,1.80172128602862,3.06168417212581E-05
61400,204.977172851563,1.79808842949569,3.05587452330524E-05
61410,204.952758789063,1.79446279071271,3.05007598645261E-05
61420,204.928344726563,1.7908439040184,3.04428754598304E-05
61430,204.903945922852,1.78723176941276,3.03850897923372E-05
61440,204.879531860352,1.78362661972642,3.03274113864866E-05
61450,204.855133056641,1.78002822212875,3.02698317990515E-05
61460,204.830718994141,1.77643657661974,3.02123555795286E-05
61470,204.806304931641,1.77285214886069,3.01549884259617E-05
61480,204.78190612793,1.76927377469838,3.00977083309056E-05
61490,204.75749206543,1.76570285111666,3.0040543582996E-05
61500,204.733093261719,1.76213821396232,2.99834699328456E-05
61510,204.708679199219,1.75858056172729,2.99265037737043E-05
61520,204.684280395508,1.75502966158092,2.98696367152061E-05
61530,204.659866333008,1.75148528069258,2.98128692878972E-05
61540,204.635467529297,1.7479476518929,2.97562010407482E-05
61550,204.611053466797,1.74441700801253,2.96996404156615E-05
61560,204.586639404297,1.74089218489826,2.96431654049158E-05
61570,204.562240600586,1.73737481236458,2.95868015873085E-05
61580,204.537826538086,1.73386372625828,2.95305335938484E-05
61590,204.513427734375,1.73035915941,2.94743610140418E-05
61600,204.489013671875,1.72686157748103,2.94182962178151E-05
61610,204.464614868164,1.72337028197944,2.93623229480003E-05
61620,204.440200805664,1.71988573856652,2.93064535593459E-05
61630,204.415802001953,1.71640701591969,2.92506678382623E-05
61640,204.391387939453,1.71293551102281,2.91949939962581E-05
61650,204.366989135742,1.70947005972266,2.91394078656382E-05
61660,204.342575073242,1.70601159334183,2.90839297109171E-05
61670,204.318176269531,1.70255918055773,2.90285393435804E-05
61680,204.293762207031,1.69911328703165,2.89732490759877E-05
61690,204.26936340332,1.6956739127636,2.89180546113196E-05
61700,204.244964599609,1.69224082492292,2.8862954181409E-05
61710,204.220550537109,1.68881402350962,2.88079499724091E-05
61720,204.196151733398,1.68539374135435,2.87530416814168E-05
61730,204.171737670898,1.68197974562645,2.86982296720612E-05
61740,204.147338867188,1.67857226915658,2.86435136578047E-05
61750,204.122924804688,1.67517107911408,2.85888939860017E-05
61760,204.098526000977,1.67177617549896,2.85343664124088E-05
61770,204.074127197266,1.66838755831122,2.84799331117582E-05
61780,204.049713134766,1.66500546038151,2.84256002184989E-05
61790,204.025314331055,1.66162918321788,2.83713515864264E-05
61800,204.000915527344,1.65825919248164,2.83171973278523E-05
61810,203.976501464844,1.65489548817277,2.82631395909117E-05
61820,203.952102661133,1.65153807029128,2.82091741771634E-05
61830,203.927688598633,1.64818670600653,2.81553013679212E-05
61840,203.903289794922,1.64484162814915,2.81015209563128E-05
61850,203.878890991211,1.64150237105787,2.80478271301479E-05
61860,203.854476928711,1.63816963322461,2.79942339522599E-05
61870,203.830078125,1.63484271615744,2.79407253257051E-05
61880,203.805679321289,1.63152231834829,2.78873153199672E-05
61890,203.781265258789,1.62820774130523,2.78339941140057E-05
61900,203.756866455078,1.62489921785891,2.77807615475975E-05
61910,203.732467651367,1.62159651517868,2.77276157600808E-05
61920,203.708053588867,1.61830033175647,2.76745708005225E-05
61930,203.683654785156,1.61500973626971,2.76216066262912E-05
61940,203.659255981445,1.61172519437969,2.7568733309048E-05
61950,203.634857177734,1.6084467060864,2.75159508814512E-05
61960,203.610443115234,1.60517450422049,2.74632654178499E-05
61970,203.586044311523,1.60190765745938,2.7410656896315E-05
61980,203.561645507813,1.59864709712565,2.7358143345095E-05
61990,203.537231445313,1.59539212472737,2.73057148904574E-05
62000,203.512832641602,1.59214367158711,2.72533834063154E-05
62010,203.488433837891,1.58890034072101,2.72011270634094E-05
62020,203.46403503418,1.58566306345165,2.71489618344295E-05
62030,203.43962097168,1.58243230544031,2.70968977583193E-05
62040,203.415222167969,1.57920666970313,2.70449068781128E-05
62050,203.390823364258,1.57598708756268,2.69930072083193E-05
62060,203.366424560547,1.57277309335768,2.69411908051119E-05
62070,203.342010498047,1.56956491991878,2.68894637050559E-05
62080,203.317611694336,1.56636256724596,2.683782190037E-05
62090,203.293212890625,1.56316603533924,2.67862674439178E-05
62100,203.268814086914,1.55997485853732,2.67347923866669E-05
62110,203.244415283203,1.55678950250149,2.66834047386563E-05
62120,203.220016479492,1.55361020006239,2.66321085225707E-05
62130,203.195602416992,1.55043648555875,2.65808977840534E-05
62140,203.171203613281,1.54726789332926,2.65297605731234E-05
62150,203.14680480957,1.54410558752716,2.6478718879866E-05
62160,203.122406005859,1.54094840399921,2.64277527731057E-05
62170,203.098007202148,1.53779704123735,2.63768742608803E-05
62180,203.073608398438,1.53465149924159,2.63260833747629E-05
62190,203.049194335938,1.53151107951999,2.62753701372129E-05
62200,203.024795532227,1.52837648056448,2.62247426079663E-05
62210,203.000396728516,1.52524723671377,2.61741948057231E-05
62220,202.975997924805,1.52212381362915,2.61237347512331E-05
62230,202.951599121094,1.51900551281869,2.60733504867037E-05
62240,202.927200317383,1.51589256711304,2.6023046036433E-05
62250,202.902801513672,1.51278497651219,2.59728214292136E-05
62260,202.878402709961,1.50968343950808,2.59226886876175E-05
62270,202.85400390625,1.50658702477813,2.58726318511822E-05
62280,202.82958984375,1.50349619798362,2.58226608876956E-05
62290,202.805191040039,1.50041049346328,2.57727639399434E-05
62300,202.780792236328,1.49733037687838,2.5722950981191E-05
62310,202.756393432617,1.49425375275314,2.56731860388113E-05
62320,202.731994628906,1.49117794353515,2.56234231208374E-05
62330,202.707595825195,1.48810294922441,2.55736622280002E-05
62340,202.683197021484,1.48502876982093,2.55239033610312E-05
62350,202.658798217773,1.48195552174002,2.5474148521789E-05
62360,202.634399414063,1.47888320498168,2.54243977117285E-05
62370,202.610000610352,1.47581158671528,2.53746469290874E-05
62380,202.585601806641,1.47274101618677,2.53249021794258E-05
62390,202.56120300293,1.46967126056552,2.52751594607413E-05
62400,202.536804199219,1.46660243626684,2.52254207761003E-05
62410,202.512405395508,1.46353454329073,2.51756861269609E-05
62420,202.488006591797,1.4604675816372,2.51259555147818E-05
62430,202.463607788086,1.45740155130625,2.50762289410225E-05
62440,202.439208984375,1.45433633588254,2.50265044038455E-05
62450,202.414810180664,1.45127216819674,2.49767859110656E-05
62460,202.390411376953,1.44820904824883,2.49270734648687E-05
62470,202.366012573242,1.44514674320817,2.48773630593975E-05
62480,202.341613769531,1.44208548590541,2.48276587039179E-05
62490,202.31721496582,1.43902515992522,2.47779583961132E-05
62500,202.292816162109,1.43596588168293,2.47282641421953E-05
62510,202.268417358398,1.43290753476322,2.46785739393658E-05
62520,202.244018554688,1.4298502355814,2.4628889794322E-05
62530,202.219619750977,1.42679398413748,2.45792117092566E-05
62540,202.195220947266,1.42373866401613,2.45295376806482E-05
62550,202.170837402344,1.420684508048,2.44798698742681E-05
62560,202.146438598633,1.41763128340244,2.44302079793889E-05
62570,202.122039794922,1.41457910649478,2.43805521527855E-05
62580,202.097640991211,1.41152797732502,2.43309023966556E-05
62590,202.0732421875,1.40847801230848,2.4281260720124E-05
62600,202.048843383789,1.40542897861451,2.42316231117815E-05
62610,202.024444580078,1.40238110907376,2.41819935879229E-05
62620,202.000045776367,1.3993342872709,2.41323701438249E-05
62630,201.975646972656,1.39628862962127,2.40827547895861E-05
62640,201.951263427734,1.39324401970953,2.40331437041335E-05
62650,201.926864624023,1.39020045753568,2.39835405249361E-05
62660,201.902465820313,1.38715805951506,2.39339454434281E-05
62670,201.878067016602,1.38411682564765,2.38843584625454E-05
62680,201.853668212891,1.38107675593346,2.38347795852257E-05
62690,201.82926940918,1.37803773395717,2.37852068050559E-05
62700,201.804870605469,1.37499999254942,2.3735644143437E-05
62710,201.780487060547,1.37196329887956,2.36860857932048E-05
62720,201.756088256836,1.36892776936293,2.36365373525034E-05
62730,201.731689453125,1.36589352041483,2.35869990399111E-05
62740,201.707290649414,1.36286043561995,2.35374688485363E-05
62750,201.682891845703,1.35982851497829,2.34879467813265E-05
62760,201.658508300781,1.35679775848985,2.34384310677268E-05
62770,201.63410949707,1.35376828256994,2.33889272725232E-05
62780,201.609710693359,1.35073997080326,2.33394316108225E-05
62790,201.585311889648,1.34771293960512,2.32899460973613E-05
62800,201.560928344727,1.34468707256019,2.32404669644222E-05
62810,201.536529541016,1.34166248608381,2.31909997495161E-05
62820,201.512130737305,1.33863918017596,2.31415426934235E-05
62830,201.487731933594,1.33561703842133,2.30920937870773E-05
62840,201.463348388672,1.33259629365057,2.30426553141957E-05
62850,201.438949584961,1.32957671303302,2.29932267467377E-05
62860,201.41455078125,1.32655841298401,2.29438083523782E-05
62870,201.390151977539,1.32354150991887,2.28944021485478E-05
62880,201.365768432617,1.32052588742226,2.28450043945865E-05
62890,201.341369628906,1.3175115454942,2.27956185599569E-05
62900,201.316970825195,1.31449848413467,2.27462429137149E-05
62910,201.292587280273,1.31148670334369,2.26968757390506E-05
62920,201.268188476563,1.30847643595189,2.26475245141399E-05
62930,201.243789672852,1.30546733271331,2.25981814745164E-05
62940,201.21940612793,1.30245974287391,2.25488509595678E-05
62950,201.195007324219,1.29945331718773,2.2499530350778E-05
62960,201.170608520508,1.29644840490073,2.24502239854714E-05
62970,201.146224975586,1.29344477318227,2.24009261371648E-05
62980,201.121826171875,1.290442654863,2.23516442445807E-05
62990,201.097427368164,1.28744181711227,2.23023725767295E-05
63000,201.073043823242,1.2844423763454,2.22531114655246E-05
63010,201.048645019531,1.28144444897771,2.22038663135456E-05
63020,201.02424621582,1.27844780217856,2.21546313989402E-05
63030,200.999862670898,1.2754526687786,2.21054090826034E-05
63040,200.975463867188,1.2724589323625,2.20562007116182E-05
63050,200.951080322266,1.26946670934558,2.20070049558777E-05
63060,200.926681518555,1.2664757668972,2.1957821129472E-05
63070,200.902282714844,1.26348645426333,2.19086536174196E-05
63080,200.877899169922,1.26049853861332,2.18594967274699E-05
63090,200.853500366211,1.25751201994717,2.18103537885482E-05
63100,200.829116821289,1.25452713109553,2.17612255264639E-05
63110,200.804718017578,1.25154363922775,2.17121112182841E-05
63120,200.780334472656,1.24856166075915,2.1663009585081E-05
63130,200.755935668945,1.24558119568974,2.16139239282733E-05
63140,200.731536865234,1.24260224401951,2.15648526032209E-05
63150,200.707153320313,1.23962480574846,2.15157939794093E-05
63160,200.682754516602,1.23664899729192,2.14667533579116E-05
63170,200.65837097168,1.23367458581924,2.14177234345897E-05
63180,200.633972167969,1.23070180416107,2.13687115174787E-05
63190,200.609588623047,1.22773053590208,2.13197123371507E-05
63200,200.585189819336,1.22476078104228,2.12707291456193E-05
63210,200.560806274414,1.22179265599698,2.12217607304703E-05
63220,200.536407470703,1.21882616076618,2.11728103303441E-05
63230,200.512023925781,1.21586117893457,2.11238727030727E-05
63240,200.48762512207,1.21289782691747,2.10749530952487E-05
63250,200.463241577148,1.20993610471487,2.10260483013738E-05
63260,200.438842773438,1.20697589591146,2.09771595085851E-05
63270,200.414459228516,1.20401743333787,2.09282875718342E-05
63280,200.390060424805,1.20106060057878,2.08794336644025E-05
63290,200.365676879883,1.19810528121889,2.08305925849895E-05
63300,200.341278076172,1.19515170808882,2.07817715636344E-05
63310,200.31689453125,1.19219976477325,2.0732965413392E-05
63320,200.292510986328,1.18924945127219,2.06841757266207E-05
63330,200.268112182617,1.18630076758564,2.06354040815827E-05
63340,200.243728637695,1.18335394654423,2.0586651386797E-05
63350,200.219329833984,1.18040863890201,2.05379147142121E-05
63360,200.194946289063,1.17746507748961,2.04891949866945E-05
63370,200.170547485352,1.17452326230705,2.04404953378921E-05
63380,200.14616394043,1.17158307693899,2.0391810628489E-05
63390,200.121780395508,1.16864463780075,2.0343144452692E-05
63400,200.097381591797,1.16570794489235,2.02944983648705E-05
63410,200.072998046875,1.16277299821377,2.02458692730954E-05
63420,200.048614501953,1.15983979776502,2.01972587352634E-05
63430,200.024215698242,1.15690834354609,2.01486682951949E-05
63440,199.99983215332,1.153978635557,2.01000948820897E-05
63450,199.975433349609,1.15105067379773,2.0051541573293E-05
63460,199.951049804688,1.14812457468361,2.00030073403111E-05
63470,199.926666259766,1.14520022179931,1.99544916957278E-05
63480,199.902267456055,1.14227761514485,1.99059961657947E-05
63490,199.877883911133,1.13935687113553,1.98575197438716E-05
63500,199.853500366211,1.13643798977137,1.98090639604755E-05
63510,199.8291015625,1.13352073822171,1.97606262731388E-05
63520,199.804718017578,1.13060546573251,1.97122097557449E-05
63530,199.780334472656,1.12769193947315,1.96638118690999E-05
63540,199.755935668945,1.12478039227426,1.96154381788084E-05
63550,199.731552124023,1.12187047488987,1.95670796015714E-05
63560,199.707168579102,1.11896265298128,1.9518745768167E-05
63570,199.68278503418,1.11605657730252,1.94704305948063E-05
63580,199.658386230469,1.1131523642689,1.94221376038518E-05
63590,199.634002685547,1.11025013029575,1.93738658621734E-05
63600,199.609619140625,1.10734975896776,1.93256148342437E-05
63610,199.585220336914,1.10445113386959,1.92773839695149E-05
63620,199.560836791992,1.10155460424721,1.92291764203E-05
63630,199.53645324707,1.09865993726999,1.9180989608118E-05
63640,199.512069702148,1.09576713293791,1.91328235405719E-05
63650,199.487670898438,1.0928763076663,1.90846817179912E-05
63660,199.463287353516,1.08998746145517,1.90365612256594E-05
63670,199.438903808594,1.08710047788918,1.89884615017906E-05
63680,199.414520263672,1.08421558979899,1.89403866213699E-05
63690,199.39013671875,1.08133256435394,1.88923325256476E-05
63700,199.365737915039,1.07845151796937,1.88443026987108E-05
63710,199.341354370117,1.07557245064527,1.87962942608775E-05
63720,199.316970825195,1.07269547879696,1.87483107009862E-05
63730,199.292587280273,1.0698203695938,1.87003479583132E-05
63740,199.268203735352,1.06694735586643,1.86524101108537E-05
63750,199.243804931641,1.06407632119954,1.86044965571194E-05
63760,199.219421386719,1.06120726559311,1.85566044524189E-05
63770,199.195037841797,1.05834030546248,1.85087372693697E-05
63780,199.170654296875,1.05547532439232,1.84608929809515E-05
63790,199.146270751953,1.05261243879795,1.84130736319968E-05
63800,199.121887207031,1.04975164867938,1.83652792316674E-05
63810,199.097503662109,1.04689295403659,1.83175097891298E-05
63820,199.073104858398,1.04403623845428,1.8269764676746E-05
63830,199.048721313477,1.04118161834776,1.82220431361523E-05
63840,199.024337768555,1.03832897730172,1.81743445427078E-05
63850,198.999954223633,1.03547866456211,1.81266750186079E-05
63860,198.975570678711,1.03263033088297,1.80790284600303E-05
63870,198.951187133789,1.02978409267962,1.80314069138385E-05
63880,198.926803588867,1.02694006636739,1.79838124278996E-05
63890,198.902420043945,1.02409813553095,1.79362429732462E-05
63900,198.878036499023,1.0212583001703,1.78886985590854E-05
63910,198.853652954102,1.01842056028545,1.78411791946285E-05
63920,198.829254150391,1.01558514870703,1.77936903339748E-05
63930,198.804870605469,1.01275183260441,1.77462251734422E-05
63940,198.780487060547,1.00992061197758,1.76987850912771E-05
63950,198.756103515625,1.00709148682654,1.76513700967093E-05
63960,198.731719970703,1.00426468998194,1.76039842803147E-05
63970,198.707336425781,1.00144022144377,1.75566276528347E-05
63980,198.682952880859,0.9986178483814,1.75092961426729E-05
63990,198.658569335938,0.995797570794821,1.7461989759078E-05
64000,198.634185791016,0.992979621514678,1.74147125946487E-05
64010,198.609802246094,0.990163767710328,1.73674605763002E-05
64020,198.585418701172,0.987350358627737,1.73202398398174E-05
64030,198.56103515625,0.984539045020938,1.72730442694501E-05
64040,198.536651611328,0.981730176135898,1.72258800024979E-05
64050,198.512268066406,0.97892340272665,1.7178740921716E-05
64060,198.487884521484,0.976118899416178,1.7131630101153E-05
64070,198.463500976563,0.973316666204482,1.70845475512251E-05
64080,198.439117431641,0.970516819506884,1.70374953260333E-05
64090,198.414733886719,0.9677191847004,1.69904703708616E-05
64100,198.390350341797,0.964923878200352,1.69434747399468E-05
64110,198.365966796875,0.962130900006741,1.68965084441028E-05
64120,198.341583251953,0.959340250119567,1.68495714941487E-05
64130,198.317199707031,0.956551870331168,1.68026628784409E-05
64140,198.292816162109,0.953765877056867,1.67557846526195E-05
64150,198.268447875977,0.950982212089002,1.67089345192533E-05
64160,198.244064331055,0.948200875427574,1.66621150644761E-05
64170,198.219680786133,0.945421925280243,1.66153260327338E-05
64180,198.195297241211,0.94264536164701,1.65685674352551E-05
64190,198.170913696289,0.939871184527874,1.65218392832741E-05
64200,198.146530151367,0.937099335715175,1.64751405646818E-05
64210,198.122146606445,0.934329873416573,1.64284723138204E-05
64220,198.097763061523,0.93156291404739,1.63818365891416E-05
64230,198.073394775391,0.928798282984644,1.63352290730765E-05
64240,198.049011230469,0.926036038435996,1.62886533205979E-05
64250,198.024627685547,0.923276296816766,1.62421101290942E-05
64260,198.000244140625,0.920518999919295,1.619559848649E-05
64270,197.975860595703,0.917764089535922,1.61491173802116E-05
64280,197.951477050781,0.915011623874307,1.61026678459004E-05
64290,197.927093505859,0.912261661142111,1.60562509197082E-05
64300,197.902709960938,0.909514143131673,1.60098655890783E-05
64310,197.878341674805,0.906769128050655,1.59635116594487E-05
64320,197.853958129883,0.904026499483734,1.59171895585365E-05
64330,197.829574584961,0.901286490261555,1.58709021632076E-05
64340,197.805191040039,0.898548925761133,1.58246464109525E-05
64350,197.780807495117,0.895813864190131,1.57784233387155E-05
64360,197.756439208984,0.89308136375621,1.57322327700613E-05
64370,197.732055664063,0.890351366251707,1.56860761231646E-05
64380,197.707672119141,0.887623871676624,1.56399521928206E-05
64390,197.683288574219,0.88489888003096,1.55938609911357E-05
64400,197.658905029297,0.882176507730037,1.5547804581969E-05
64410,197.634536743164,0.879456754773855,1.55017817813505E-05
64420,197.610153198242,0.876739446539432,1.54557919208838E-05
64430,197.58576965332,0.87402475764975,1.5409836890826E-05
64440,197.561386108398,0.871312688104808,1.53639167040738E-05
64450,197.537017822266,0.868603179696947,1.53180291637791E-05
64460,197.512634277344,0.865896290633827,1.52721776789894E-05
64470,197.488250732422,0.863191962707788,1.5226360049218E-05
64480,197.4638671875,0.860490254126489,1.51805773138931E-05
64490,197.439498901367,0.857791164889932,1.51348283162723E-05
64500,197.415115356445,0.855094753205776,1.50891164391605E-05
64510,197.390731811523,0.852400902658701,1.50434384682841E-05
64520,197.366363525391,0.849709787871689,1.49977963388818E-05
64530,197.341979980469,0.847021292429417,1.49521903320301E-05
64540,197.317596435547,0.844335532747209,1.49066213530902E-05
64550,197.293228149414,0.841652334202081,1.48610851831004E-05
64560,197.268844604492,0.838971871417016,1.48155872204682E-05
64570,197.24446105957,0.836294086184353,1.47701252981615E-05
64580,197.220092773438,0.833618978504092,1.47246982903077E-05
64590,197.195709228516,0.830946606583893,1.46793095204159E-05
64600,197.171325683594,0.828276970423758,1.4633957859635E-05
64610,197.146957397461,0.825610070023686,1.45886421926018E-05
64620,197.122573852539,0.822945847176015,1.45433637660577E-05
64630,197.098190307617,0.820284360088408,1.44981224896959E-05
64640,197.073822021484,0.817625666968525,1.44529182871823E-05
64650,197.049438476563,0.814969651401043,1.44077513560471E-05
64660,197.025054931641,0.812316488008946,1.43626236748287E-05
64670,197.000686645508,0.809666060376912,1.43175320905275E-05
64680,196.976303100586,0.807018426712602,1.42724798676854E-05
64690,196.951934814453,0.804373528808355,1.42274637763578E-05
64700,196.927551269531,0.801731483079493,1.41824880976272E-05
64710,196.903182983398,0.799092231318355,1.41375496150934E-05
64720,196.878799438477,0.79645577352494,1.40926505374746E-05
64730,196.854431152344,0.79382216790691,1.40477897212642E-05
64740,196.830047607422,0.791191298048943,1.40029673018139E-05
64750,196.8056640625,0.788563338574022,1.39581852917231E-05
64760,196.781295776367,0.785938231274485,1.39134415966906E-05
64770,196.756912231445,0.783316034357995,1.38687394230201E-05
64780,196.732543945313,0.780696631409228,1.38240745699204E-05
64790,196.708160400391,0.778080022428185,1.37794491994178E-05
64800,196.683792114258,0.775466440245509,1.37348653085383E-05
64810,196.659408569336,0.772855652030557,1.36903209231925E-05
64820,196.635040283203,0.770247774198651,1.36458159923189E-05
64830,196.610656738281,0.767642864957452,1.36013536834714E-05
64840,196.586288452148,0.765040807891637,1.35569298346696E-05
64850,196.561904907227,0.762441603001207,1.35125465684779E-05
64860,196.537536621094,0.759845424909145,1.34682048935534E-05
64870,196.513153076172,0.757252157200128,1.34239048566583E-05
64880,196.488784790039,0.754661858081818,1.33796454169013E-05
64890,196.464401245117,0.752074469346553,1.33354276390342E-05
64900,196.440032958984,0.749489990994334,1.32912494634293E-05
64910,196.415649414063,0.746908597648144,1.32471160704586E-05
64920,196.39128112793,0.74433017289266,1.32030233498848E-05
64930,196.366912841797,0.741754716727883,1.31589723496528E-05
64940,196.342529296875,0.739182170946151,1.31149630717766E-05
64950,196.318145751953,0.736612710170448,1.30709976042385E-05
64960,196.29377746582,0.734046217985451,1.3027072884697E-05
64970,196.269409179688,0.731482694391161,1.29831899479404E-05
64980,196.245025634766,0.728922314010561,1.29393529154098E-05
64990,196.220657348633,0.726364960428327,1.28955577216002E-05
65000,196.1962890625,0.723810575436801,1.28518043583226E-05
65010,196.171905517578,0.721259275451303,1.28080959047132E-05
65020,196.147537231445,0.718711002264172,1.276442934759E-05
65030,196.123153686523,0.71616587229073,1.27208087599852E-05
65040,196.098785400391,0.713623769115657,1.26772301079186E-05
65050,196.074417114258,0.711084750946611,1.26336954345351E-05
65060,196.050033569336,0.708548817783594,1.25902057361434E-05
65070,196.025665283203,0.706016027834266,1.25467601004923E-05
65080,196.00129699707,0.703486322890967,1.2503358493006E-05
65090,195.976913452148,0.700959702953696,1.24600019002457E-05
65100,195.952545166016,0.698436226230115,1.24166894299231E-05
65110,195.928161621094,0.695915834512562,1.2373422000957E-05
65120,195.903793334961,0.69339870242402,1.23302008044695E-05
65130,195.879425048828,0.690884655341506,1.22870237193828E-05
65140,195.855041503906,0.688373809680343,1.22438937867097E-05
65150,195.830673217773,0.685865990817547,1.22008060062973E-05
65160,195.806304931641,0.683361489791423,1.21577665292837E-05
65170,195.781936645508,0.680860131978989,1.21147722665802E-05
65180,195.757568359375,0.678361917380244,1.20718232350719E-05
65190,195.733184814453,0.675867020618171,1.20289234972909E-05
65200,195.70881652832,0.673375150654465,1.19860660121195E-05
65210,195.684448242188,0.670886656735092,1.19432579540074E-05
65220,195.660064697266,0.668401306029409,1.19004961240831E-05
65230,195.635696411133,0.665919214952737,1.1857780752874E-05
65240,195.611328125,0.663440325297415,1.18151117527727E-05
65250,195.586959838867,0.660964753478765,1.17724912145932E-05
65260,195.562576293945,0.658492383081466,1.17299179979394E-05
65270,195.538208007813,0.656023272313178,1.16873913234997E-05
65280,195.51383972168,0.653557479381561,1.16449131645841E-05
65290,195.489471435547,0.651095004286617,1.16024835393356E-05
65300,195.465087890625,0.648635730613023,1.15601012935593E-05
65310,195.440719604492,0.646179774776101,1.15177667116246E-05
65320,195.416351318359,0.643727194983512,1.1475481754971E-05
65330,195.391983032227,0.641277816612273,1.14332433288392E-05
65340,195.367614746094,0.638831872493029,1.139105560226E-05
65350,195.343231201172,0.636389129795134,1.13489153285641E-05
65360,195.318862915039,0.633949821349233,1.13068249016695E-05
65370,195.294494628906,0.631513830740005,1.12647831536567E-05
65380,195.270126342773,0.629081157967448,1.12227901027501E-05
65390,195.245758056641,0.626651919446886,1.11808478442883E-05
65400,195.221389770508,0.624226056970656,1.11389553586094E-05
65410,195.197021484375,0.621803512331098,1.10971116255423E-05
65420,195.172637939453,0.619384401943535,1.1055319605547E-05
65430,195.14826965332,0.616968667600304,1.10135765468132E-05
65440,195.123901367188,0.614556367509067,1.09718843746857E-05
65450,195.099533081055,0.612147443462163,1.09302420689011E-05
65460,195.075164794922,0.609741895459592,1.08886496481468E-05
65470,195.050796508789,0.607339839916676,1.08471092103011E-05
65480,195.026428222656,0.604941218625754,1.0805619735129E-05
65490,195.002044677734,0.602546089794487,1.07641831238772E-05
65500,194.977691650391,0.600154278799891,1.07227937492373E-05
65510,194.953308105469,0.597766076680273,1.06814601930049E-05
65520,194.928939819336,0.595381250604987,1.06401757970515E-05
65530,194.904571533203,0.592999916989356,1.05989435000289E-05
65540,194.88020324707,0.590622134041041,1.05577643619818E-05
65550,194.855834960938,0.58824778534472,1.05166363215921E-05
65560,194.831466674805,0.585876929108053,1.04755604387939E-05
65570,194.807098388672,0.583509681746364,1.04345388149426E-05
65580,194.782730102539,0.581145868636668,1.03935683473381E-05
65590,194.758361816406,0.578785547986627,1.03526500963342E-05
65600,194.733993530273,0.576428836211562,1.03117861640975E-05
65610,194.709625244141,0.574075675103813,1.02709755296099E-05
65620,194.685256958008,0.57172606466338,1.02302182128849E-05
65630,194.660888671875,0.569379946682602,1.01895131922729E-05
65640,194.636520385742,0.567037437576801,1.01488625710231E-05
65650,194.612152099609,0.564698537345976,1.01082663695702E-05
65660,194.587783813477,0.562363187782466,1.00677235662949E-05
65670,194.563415527344,0.560031447093934,1.00272352234559E-05
65680,194.539047241211,0.557703198865056,9.98679927686762E-06
65690,194.514678955078,0.555378675926477,9.94641991604634E-06
65700,194.490310668945,0.553057761862874,9.90609507708823E-06
65710,194.465942382813,0.550740514881909,9.86582582320676E-06
65720,194.44157409668,0.548426818568259,9.82561008960453E-06
65730,194.417205810547,0.546116731129587,9.78544893938494E-06
65740,194.392837524414,0.543810427188873,9.74534552240323E-06
65750,194.368469238281,0.541507732123137,9.70529673065318E-06
65760,194.344100952148,0.539208645932376,9.66530258468275E-06
65770,194.319732666016,0.536913226824254,9.62536414855199E-06
65780,194.295364379883,0.534621591214091,9.58548353048749E-06
65790,194.27099609375,0.532333622686565,9.54565866471917E-06
65800,194.246643066406,0.530049321241677,9.50588882550682E-06
65810,194.222274780273,0.527768745087087,9.46617657434041E-06
65820,194.197906494141,0.525491836015135,9.42652013870741E-06
65830,194.173538208008,0.523218710441142,9.38692162819693E-06
65840,194.149169921875,0.520949310157448,9.3473800202015E-06
65850,194.124801635742,0.518683693371713,9.30789638069953E-06
65860,194.100433349609,0.516421743668616,9.26846864216234E-06
65870,194.076080322266,0.514163635671139,9.22909923446577E-06
65880,194.051712036133,0.511909136548638,9.18978545431947E-06
65890,194.02734375,0.50965859554708,9.15053286423329E-06
65900,194.002975463867,0.50741177983582,9.1113373064427E-06
65910,193.978607177734,0.505168689414859,9.07219880244149E-06
65920,193.954238891602,0.502929440699518,9.03311946467074E-06
65930,193.929870605469,0.500694033689797,8.99409931543407E-06
65940,193.905517578125,0.498462468385696,8.95513767234968E-06
65950,193.881149291992,0.496234628371894,8.91623387838525E-06
65960,193.856781005859,0.494010746479034,8.87739143139094E-06
65970,193.832412719727,0.491790589876473,8.83860617000276E-06
65980,193.808044433594,0.489574274979532,8.79988020830497E-06
65990,193.78369140625,0.487361801788211,8.76121287879861E-06
66000,193.759323120117,0.48515317030251,8.72260558655887E-06
66010,193.734954833984,0.482948613353074,8.68406184775806E-06
66020,193.710586547852,0.480747781693935,8.6455754056813E-06
66030,193.686233520508,0.478550908155739,8.60714979153476E-06
66040,193.661865234375,0.476357759907842,8.56878219944646E-06
66050,193.637496948242,0.47416880261153,8.53048034747036E-06
66060,193.613128662109,0.471983454190195,8.49223378732721E-06
66070,193.588775634766,0.469802296720445,8.45405234796293E-06
66080,193.564407348633,0.467624980956316,8.41593110440949E-06
66090,193.5400390625,0.465451623313129,8.37787150528391E-06
66100,193.515670776367,0.463282107375562,8.33987147819855E-06
66110,193.491317749023,0.461116549558937,8.30193248690686E-06
66120,193.466949462891,0.458954949863255,8.26405586701089E-06
66130,193.442581176758,0.456797541119158,8.22624517716507E-06
66140,193.418212890625,0.45464385766536,8.18849205536391E-06
66150,193.393859863281,0.452494248747826,8.15080217125582E-06
66160,193.369491577148,0.450348714366555,8.11317683807725E-06
66170,193.345123291016,0.448207138106227,8.07561333647604E-06
66180,193.320770263672,0.446069519966841,8.03811105538664E-06
66190,193.296401977539,0.443935859948397,8.00067128997287E-06
66200,193.272033691406,0.441806390881538,7.96329762294707E-06
66210,193.247680664063,0.439680879935622,7.92598525631696E-06
66220,193.22331237793,0.43755944352597,7.88873756688849E-06
66230,193.198959350586,0.435442081652582,7.85155333008324E-06
66240,193.174591064453,0.433328677900135,7.81443171385343E-06
66250,193.15022277832,0.431219465099275,7.7773763179737E-06
66260,193.125869750977,0.429114326834679,7.74038445604114E-06
66270,193.101501464844,0.427013146691024,7.7034552781396E-06
66280,193.0771484375,0.424916157498956,7.66659178834436E-06
66290,193.052780151367,0.422823242843151,7.62979312566511E-06
66300,193.028411865234,0.42073440272361,7.5930587056997E-06
66310,193.004058837891,0.418649753555655,7.55639005660826E-06
66320,192.979690551758,0.416569178923965,7.51978629966318E-06
66330,192.955337524414,0.414492795243859,7.48324836898606E-06
66340,192.930969238281,0.41242060251534,7.44677747609496E-06
66350,192.906600952148,0.410352484323084,7.41037094929264E-06
66360,192.882247924805,0.408288440667093,7.37402822962005E-06
66370,192.857879638672,0.406228820793331,7.33775681946E-06
66380,192.833526611328,0.404173159040511,7.30154716934708E-06
66390,192.809158325195,0.402121571823955,7.26540256459232E-06
66400,192.784805297852,0.400074408389628,7.22932818774687E-06
66410,192.760437011719,0.398031435906887,7.19332100506051E-06
66420,192.736083984375,0.395992654375732,7.15737990017771E-06
66430,192.711715698242,0.393957947380841,7.12150393002103E-06
66440,192.687362670898,0.391927664168179,7.08569830260806E-06
66450,192.662994384766,0.389901571907103,7.04995995992572E-06
66460,192.638641357422,0.387879554182291,7.01428570260431E-06
66470,192.614273071289,0.385861960239708,6.97868298557062E-06
66480,192.589920043945,0.383848557248712,6.94314651581669E-06
66490,192.565551757813,0.381839461624622,6.90767952766057E-06
66500,192.541198730469,0.379834673367441,6.87228094980159E-06
66510,192.516830444336,0.377834076061845,6.83694979385658E-06
66520,192.492477416992,0.375837786123157,6.80168710551076E-06
66530,192.468109130859,0.373845803551376,6.76649399202994E-06
66540,192.443756103516,0.371858128346503,6.73136940401723E-06
66550,192.419387817383,0.369874760508537,6.69631443787749E-06
66560,192.395034790039,0.367895816452801,6.66133016299055E-06
66570,192.370666503906,0.365921063348651,6.62641344944206E-06
66580,192.346313476563,0.36395073402673,6.59156748561705E-06
66590,192.321960449219,0.361984828487039,6.55679282690059E-06
66600,192.297592163086,0.360023230314255,6.52208790896045E-06
66610,192.273239135742,0.358065939508379,6.487451720363E-06
66620,192.248886108398,0.35611295606941,6.45288480763947E-06
66630,192.224517822266,0.354164396412671,6.4183898163631E-06
66640,192.200164794922,0.352220376953483,6.38396786204563E-06
66650,192.175796508789,0.350280664861202,6.34961576840119E-06
66660,192.151443481445,0.348345376551151,6.31533466137473E-06
66670,192.127090454102,0.346414395608008,6.28112296415502E-06
66680,192.102722167969,0.344488071277738,6.24698753260716E-06
66690,192.078369140625,0.342565937899053,6.21291895507953E-06
66700,192.054016113281,0.34064834471792,6.17892409091631E-06
66710,192.029647827148,0.338735175319016,6.14500134455524E-06
66720,192.005294799805,0.336826429702342,6.11114976405268E-06
66730,191.980941772461,0.334922224283218,6.077371980025E-06
66740,191.956573486328,0.333022442646325,6.04366638827896E-06
66750,191.932220458984,0.331127201206982,6.01003416563119E-06
66760,191.907867431641,0.329236383549869,5.97647370999846E-06
66770,191.883499145508,0.327350106090307,5.94298763479975E-06
66780,191.859146118164,0.325468368828297,5.90957502039559E-06
66790,191.83479309082,0.323591055348516,5.87623425610181E-06
66800,191.810424804688,0.321718282066286,5.84296794840797E-06
66810,191.786071777344,0.319850048981607,5.80977519328615E-06
66820,191.76171875,0.31798635609448,5.77665648634048E-06
66830,191.737365722656,0.316127319820225,5.74361397089802E-06
66840,191.712997436523,0.3142727073282,5.7106438997536E-06
66850,191.68864440918,0.312422751449049,5.67774962004185E-06
66860,191.664291381836,0.310577335767448,5.64492950199572E-06
66870,191.639938354492,0.308736343868077,5.61218145770069E-06
66880,191.615570068359,0.306900124996901,5.57951230831496E-06
66890,191.591217041016,0.305068446323276,5.54691695914525E-06
66900,191.566864013672,0.303241307847202,5.51439588536179E-06
66910,191.542510986328,0.301418825984001,5.48195123255869E-06
66920,191.518142700195,0.299601000733674,5.44958346407211E-06
66930,191.493789672852,0.297787832096219,5.41729173818437E-06
66940,191.469436645508,0.295979203656316,5.38507440271298E-06
66950,191.445083618164,0.294175348244607,5.35293572272894E-06
66960,191.42073059082,0.29237603303045,5.32087149103129E-06
66970,191.396362304688,0.290581490844488,5.28888639544704E-06
66980,191.372009277344,0.288791488856077,5.25697538193914E-06
66990,191.34765625,0.287006143480539,5.22514102251934E-06
67000,191.323303222656,0.285225687548518,5.19338758583785E-06
67010,191.298950195313,0.283449655398726,5.16170662296266E-06
67020,191.274597167969,0.281678512692451,5.1301066424927E-06
67030,191.250244140625,0.279912143014371,5.09858555486469E-06
67040,191.225875854492,0.278150313533843,5.06713955301187E-06
67050,191.201522827148,0.276393257081509,5.03577209643687E-06
67060,191.177169799805,0.274641090072691,5.00448574340898E-06
67070,191.152816772461,0.272893463261426,4.97327416018618E-06
67080,191.128463745117,0.271150725893676,4.94214374090029E-06
67090,191.104110717773,0.2694126451388,4.91109027233883E-06
67100,191.07975769043,0.267679337412119,4.88011590631499E-06
67110,191.055404663086,0.265950919128954,4.84922279573908E-06
67120,191.031036376953,0.264227273873985,4.8184092336297E-06
67130,191.006683349609,0.262508285231888,4.78767235490699E-06
67140,190.982330322266,0.260794186033309,4.75701682328865E-06
67150,190.957977294922,0.259084976278245,4.72644266989744E-06
67160,190.933624267578,0.257380306720734,4.69594355382532E-06
67170,190.909271240234,0.255680759437382,4.66553012522093E-06
67180,190.884918212891,0.253985985182226,4.63519604320759E-06
67190,190.860565185547,0.252295867539942,4.60493921332957E-06
67200,190.836212158203,0.250610872171819,4.57476816556092E-06
67210,190.811859130859,0.248930533416569,4.54467443126236E-06
67220,190.787506103516,0.247255200520158,4.51466441696676E-06
67230,190.763153076172,0.245584640651941,4.48473390291015E-06
67240,190.738800048828,0.243918970227242,4.45488504572877E-06
67250,190.714447021484,0.24225830566138,4.4251200031604E-06
67260,190.690093994141,0.240602414123714,4.39543455386061E-06
67270,190.665740966797,0.238951412029564,4.36583085532765E-06
67280,190.641387939453,0.237305532209575,4.33631319343371E-06
67290,190.617034912109,0.235664309002459,4.3068730909815E-06
67300,190.592681884766,0.234028208069503,4.27751908896206E-06
67310,190.568328857422,0.232396880164742,4.248244836123E-06
67320,190.543975830078,0.230770674534142,4.21905674811913E-06
67330,190.519622802734,0.229149358347058,4.18995060073014E-06
67340,190.495269775391,0.227533048018813,4.16092855428526E-06
67350,190.470916748047,0.225921627134085,4.13198851186775E-06
67360,190.446563720703,0.224315328523517,4.10313476383132E-06
67370,190.422210693359,0.222713919356465,4.07436308384442E-06
67380,190.397857666016,0.221117516048253,4.04567563339047E-06
67390,190.373504638672,0.219526118598878,4.01707244479397E-06
67400,190.349166870117,0.217939727008343,3.98855323066516E-06
67410,190.324813842773,0.216358341276646,3.96011866506207E-06
67420,190.30046081543,0.214781961403787,3.93176845838311E-06
67430,190.276107788086,0.213210703805089,3.90350477437433E-06
67440,190.251754760742,0.211644452065229,3.87532551463341E-06
67450,190.227401733398,0.21008332259953,3.84723284348549E-06
67460,190.203048706055,0.20852719899267,3.81922466201623E-06
67470,190.178695678711,0.206976197659969,3.79130313513021E-06
67480,190.154357910156,0.205430202186108,3.7634658614044E-06
67490,190.130004882813,0.203889328986406,3.73571561250438E-06
67500,190.105651855469,0.202353578060865,3.70805211756633E-06
67510,190.081298828125,0.200822832994163,3.6804732763951E-06
67520,190.056945800781,0.199297326616943,3.65298338915821E-06
67530,190.032592773438,0.197776826098561,3.62557822188149E-06
67540,190.008239746094,0.196261680684984,3.59826421022026E-06
67550,189.983901977539,0.194751308299601,3.571030429249E-06
67560,189.959548950195,0.193246407434344,3.54389029514537E-06
67570,189.935195922852,0.191746512427926,3.51683501413445E-06
67580,189.910842895508,0.19025185611099,3.48986888976866E-06
67590,189.886489868164,0.188762322068214,3.46298982062265E-06
67600,189.862152099609,0.187277910299599,3.43619756403591E-06
67610,189.837799072266,0.185798853635788,3.409496980507E-06
67620,189.813446044922,0.184324802830815,3.38288141728565E-06
67630,189.789093017578,0.182855990715325,3.3563551807494E-06
67640,189.764739990234,0.181392417289317,3.32991830528887E-06
67650,189.74040222168,0.179934198968112,3.30357269701438E-06
67660,189.716049194336,0.178480986505747,3.27731251165268E-06
67670,189.691696166992,0.177033129148185,3.25114392801074E-06
67680,189.667358398438,0.175590510480106,3.22506458371965E-06
67690,189.643005371094,0.174153246916831,3.19907717270147E-06
67700,189.61865234375,0.172721105627716,3.17317719126454E-06
67710,189.594299316406,0.171294203028083,3.14736681211932E-06
67720,189.569946289063,0.169872655533254,3.12164820909272E-06
67730,189.545608520508,0.168456579558551,3.09602330789296E-06
67740,189.521255493164,0.167045393027365,3.07048194601095E-06
67750,189.496917724609,0.165639794431627,3.04503649981319E-06
67760,189.472564697266,0.164239434525371,3.01968107759433E-06
67770,189.448211669922,0.162844429723918,2.99441760743394E-06
67780,189.423858642578,0.16145478002727,2.9692461247971E-06
67790,189.399520874023,0.160070369020104,2.94416428675347E-06
67800,189.37516784668,0.158691196702421,2.91917260434927E-06
67810,189.350830078125,0.157317612320185,2.8942770651711E-06
67820,189.326477050781,0.155949266627431,2.86947174871E-06
67830,189.302124023438,0.154586392454803,2.84476073912792E-06
67840,189.277770996094,0.153228756971657,2.82013978763217E-06
67850,189.253433227539,0.151876593008637,2.7956129893344E-06
67860,189.229080200195,0.150529900565743,2.77118083341363E-06
67870,189.204742431641,0.149188446812332,2.74683862060647E-06
67880,189.180389404297,0.147852464579046,2.72259111810931E-06
67890,189.156036376953,0.146521953865886,2.69843813895789E-06
67900,189.131698608398,0.14519679825753,2.67437735964959E-06
67910,189.107345581055,0.1438771141693,2.65041139384956E-06
67920,189.0830078125,0.142562785185874,2.62653770366859E-06
67930,189.058654785156,0.141253927722573,2.60275889573694E-06
67940,189.034301757813,0.139950658194721,2.5790769381415E-06
67950,189.009963989258,0.138652743771672,2.55548737074757E-06
67960,188.985610961914,0.13736030086875,2.53199278974097E-06
67970,188.961273193359,0.136073213070631,2.50859067482718E-06
67980,188.936920166016,0.134791946038604,2.48529005468753E-06
67990,188.912567138672,0.133516034111381,2.46208217710389E-06
68000,188.888229370117,0.132245477288961,2.43896688092277E-06
68010,188.863876342773,0.130980741232634,2.41595318708863E-06
68020,188.839538574219,0.129721243865788,2.39303000475523E-06
68030,188.815185546875,0.128467450849712,2.37020634895243E-06
68040,188.79084777832,0.127219129353762,2.34747757695027E-06
68050,188.766494750977,0.125976395793259,2.32484625521485E-06
68060,188.742156982422,0.124739133752882,2.30230989504229E-06
68070,188.717803955078,0.123507459647954,2.27987105627133E-06
68080,188.693466186523,0.122281489893794,2.25753155533639E-06
68090,188.66911315918,0.12106099165976,2.23528749864468E-06
68100,188.644775390625,0.119846081361175,2.2131407095235E-06
68110,188.620422363281,0.118636758998036,2.19109158550363E-06
68120,188.596084594727,0.117433140985668,2.16914195841038E-06
68130,188.571746826172,0.116234994493425,2.1472877446122E-06
68140,188.547393798828,0.115042552351952,2.1255334548658E-06
68150,188.523040771484,0.113855698145926,2.10387680115316E-06
68160,188.49870300293,0.11267454829067,2.08231980420725E-06
68170,188.474365234375,0.111499102786183,2.06086267471633E-06
68180,188.450012207031,0.110329245217144,2.03950346450353E-06
68190,188.425674438477,0.109164975583553,2.01824187947031E-06
68200,188.401321411133,0.108006410300732,1.99708043867111E-06
68210,188.376983642578,0.106853665784001,1.97602100852516E-06
68220,188.352630615234,0.105706392787397,1.95505749109795E-06
68230,188.32829284668,0.104564940556884,1.93419606527436E-06
68240,188.303955078125,0.10342919267714,1.91343477708452E-06
68250,188.279602050781,0.102299149148166,1.89277381875748E-06
68260,188.255264282227,0.101174926385283,1.87221507494071E-06
68270,188.230926513672,0.100056291557848,1.85175443136733E-06
68280,188.206573486328,0.098943361081183,1.83139422936594E-06
68290,188.182235717773,0.0978362513706088,1.81113636433708E-06
68300,188.157897949219,0.0967348460108042,1.79097887081182E-06
68310,188.133544921875,0.0956393778324127,1.77092624263287E-06
68320,188.10920715332,0.0945494975894689,1.75097176386013E-06
68330,188.084869384766,0.0934655545279384,1.73112208645003E-06
68340,188.060516357422,0.0923871994018555,1.71137092055205E-06
68350,188.036178588867,0.0913147814571857,1.69172449530711E-06
68360,188.011825561523,0.0902480678632855,1.67217881355063E-06
68370,187.987487792969,0.0891872914507985,1.65273795597996E-06
68380,187.963150024414,0.088132219389081,1.63339778548229E-06
68390,187.938812255859,0.0870830845087767,1.61416265689774E-06
68400,187.914459228516,0.0860397703945637,1.59503058241616E-06
68410,187.890121459961,0.0850021606311202,1.57599918304872E-06
68420,187.865783691406,0.0839706044644117,1.55707510512953E-06
68430,187.841430664063,0.0829447526484728,1.5382520383887E-06
68440,187.817092895508,0.0819247215986252,1.51953192988944E-06
68450,187.792755126953,0.0809107441455126,1.50091926525944E-06
68460,187.768417358398,0.0799027038738132,1.48241192645796E-06
68470,187.744079589844,0.0789003679528832,1.46400563424595E-06
68480,187.7197265625,0.0779039692133665,1.44570486619954E-06
68490,187.695388793945,0.0769135076552629,1.42750942682975E-06
68500,187.671051025391,0.0759289832785726,1.40941947614712E-06
68510,187.646697998047,0.0749505124986172,1.39143732956507E-06
68520,187.622360229492,0.0739777460694313,1.37355631675456E-06
68530,187.598022460938,0.0730110332369804,1.35578307706127E-06
68540,187.573684692383,0.0720502575859427,1.33811549037373E-06
68550,187.549346923828,0.0710954191163182,1.32055359782285E-06
68560,187.524993896484,0.0701466342434287,1.30309970921677E-06
68570,187.50065612793,0.0692036701366305,1.28574932729987E-06
68580,187.476318359375,0.0682667596265674,1.26850692623401E-06
68590,187.45198059082,0.0673359027132392,1.25137254807819E-06
68600,187.427642822266,0.0664109829813242,1.23434407116627E-06
68610,187.403289794922,0.0654921168461442,1.2174237999112E-06
68620,187.378952026367,0.0645793043076992,1.20061157683049E-06
68630,187.354614257813,0.0636724289506674,1.18390537996999E-06
68640,187.330276489258,0.0627717236056924,1.16730958039732E-06
68650,187.305938720703,0.0618769554421306,1.15081989084046E-06
68660,187.281600952148,0.0609882408753037,1.13443851810152E-06
68670,187.257263183594,0.0601055799052119,1.11816550441423E-06
68680,187.23291015625,0.0592289725318551,1.10200098184323E-06
68690,187.208572387695,0.0583585351705551,1.08594697803013E-06
68700,187.184234619141,0.0574941514059901,1.07000146067344E-06
68710,187.159896850586,0.0566357048228383,1.05416230525266E-06
68720,187.135559082031,0.0557835446670651,1.03843605463874E-06
68730,187.111221313477,0.0549373216927052,1.02281625067051E-06
68740,187.086883544922,0.0540973851457238,1.00730943795427E-06
68750,187.062545776367,0.0532633857801557,9.91909156682123E-07
68760,187.038208007813,0.0524356728419662,9.7662195319667E-07
68770,187.013870239258,0.0516141299158335,9.61445703111049E-07
68780,186.989532470703,0.0507987570017576,9.46380449748937E-07
68790,186.965194702148,0.0499894376844168,9.31424067357707E-07
68800,186.945999145508,0.0491862883791327,9.16553556055657E-07
68810,186.945999145508,0.0483893090859056,9.01702380466242E-07
68820,186.945999145508,0.0475984998047352,8.86966178920975E-07
68830,186.945999145508,0.0468139769509435,8.72347120741444E-07
68840,186.945999145508,0.0460356241092086,8.57843036606061E-07
68850,186.945999145508,0.0452633248642087,8.43451757193239E-07
68860,186.945999145508,0.0444974284619093,8.29179790467741E-07
68870,186.945999145508,0.0437377020716667,8.15022797786391E-07
68880,186.945999145508,0.0429842621088028,8.00982948470776E-07
68890,186.945999145508,0.0422368757426739,7.87055903877723E-07
68900,186.945999145508,0.0414958922192454,7.73248171971993E-07
68910,186.945999145508,0.0407610787078738,7.59555414110411E-07
68920,186.945999145508,0.0400325516238809,7.45979799614565E-07
68930,186.945999145508,0.0393104273825884,7.32523497806043E-07
68940,186.945999145508,0.0385944731533527,7.19182170041669E-07
68950,186.945999145508,0.0378846889361739,7.05955816321444E-07
68960,186.945999145508,0.0371813075616956,6.92848775288542E-07
68970,186.945999145508,0.0364843290299177,6.79861046942964E-07
68980,186.945999145508,0.0357936369255185,6.66990461963122E-07
68990,186.945999145508,0.0351091148331761,6.54234851027427E-07
69000,186.945999145508,0.0344311119988561,6.41600722100645E-07
69010,186.945999145508,0.0337592791765928,6.2908156721801E-07
69020,186.945999145508,0.0330938491970301,6.166817250227E-07
69030,186.945999145508,0.0324349384754896,6.04403364836301E-07
69040,186.945999145508,0.031782197766006,5.92239978694049E-07
69050,186.945999145508,0.031135743483901,5.80193735917534E-07
69060,186.945999145508,0.0304959248751402,5.68271144471518E-07
69070,186.945999145508,0.0298622762784362,5.56463527069651E-07
69080,186.945999145508,0.0292352633550763,5.44779560998282E-07
69090,186.945999145508,0.0286144204437733,5.33210568971061E-07
69100,186.945999145508,0.0280002132058144,5.2176522827434E-07
69110,186.945999145508,0.0273921759799123,5.10434861621767E-07
69120,186.945999145508,0.0267906580120325,4.99225976978105E-07
69130,186.945999145508,0.026195659302175,4.88138574343355E-07
69140,186.945999145508,0.0256070634350181,4.77170484395928E-07
69150,186.945999145508,0.0250248704105616,4.66321707135825E-07
69160,186.945999145508,0.0244491966441274,4.55594411884634E-07
69170,186.945999145508,0.0238800421357155,4.44988598642353E-07
69180,186.945999145508,0.0233171740546823,4.34499928765809E-07
69190,186.945999145508,0.0227609416469932,4.24134910219764E-07
69200,186.945999145508,0.0222112284973264,4.1389137368263E-07
69210,186.945999145508,0.0216679181903601,4.0376714983282E-07
69220,186.945999145508,0.0211311271414161,3.93764407991921E-07
69230,186.945999145508,0.0206008553504944,3.83883148159934E-07
69240,186.945999145508,0.0200772192329168,3.74125539658445E-07
69250,186.945999145508,0.0195601023733616,3.64489413165868E-07
69260,186.945999145508,0.0190493883565068,3.54972599360615E-07
69270,186.945999145508,0.018545426428318,3.45581606207448E-07
69280,186.945999145508,0.0180478673428297,3.36309925741605E-07
69290,186.945999145508,0.0175569439306855,3.27161896606262E-07
69300,186.945999145508,0.0170725397765636,3.18135349479829E-07
69310,186.945999145508,0.0165948877111077,3.09234623005484E-07
69320,186.945999145508,0.0161236384883523,3.00453209218462E-07
69330,186.945999145508,0.015659024938941,2.91795446761939E-07
69340,186.945999145508,0.0152010470628738,2.83261335635915E-07
69350,186.945999145508,0.0147497048601508,2.7485087584039E-07
69360,186.945999145508,0.0143049983307719,2.66564067375364E-07
69370,186.945999145508,0.0138668110594153,2.5839874091925E-07
69380,186.945999145508,0.0134353758767247,2.50359235115222E-07
69390,186.945999145508,0.0130105763673782,2.42443380641694E-07
69400,186.945999145508,0.0125925289466977,2.34653346820252E-07
69410,186.945999145508,0.0121808843687177,2.26982625686134E-07
69420,186.945999145508,0.0117761082947254,2.19439894525691E-07
69430,186.945999145508,0.0113779678940773,2.12020814695746E-07
69440,186.945999145508,0.0109865795820951,2.04727555517889E-07
69450,186.945999145508,0.010601943358779,1.97560116992118E-07
69460,186.945999145508,0.0102238263934851,1.90514160475258E-07
69470,186.945999145508,0.00985257793217897,1.83596193932073E-07
69480,186.945999145508,0.00948796514421701,1.76801878719387E-07
69490,186.945999145508,0.00912998802959919,1.701312148372E-07
69500,186.945999145508,0.00877899583429098,1.63590710250276E-07
69510,186.945999145508,0.00843463931232691,1.5717385699385E-07
69520,186.945999145508,0.0080970348790288,1.50882824389511E-07
69530,186.945999145508,0.00776618253439665,1.44717612437259E-07
69540,186.945999145508,0.00744208227843046,1.38678221137094E-07
69550,186.945999145508,0.00712485052645206,1.32766819810603E-07
69560,186.945999145508,0.00681448727846146,1.26983408457786E-07
69570,186.945999145508,0.00651064328849316,1.21321479113881E-07
69580,186.945999145508,0.0062139006331563,1.15791878386826E-07
69590,186.945999145508,0.00592379365116358,1.1038592899027E-07
69600,186.945999145508,0.00564043875783682,1.05105800245801E-07
69610,186.945999145508,0.0053641851991415,9.99580001181816E-08
69620,186.945999145508,0.00509445089846849,9.49316819994736E-08
69630,186.945999145508,0.0048317015171051,9.00355231760278E-08
69640,186.945999145508,0.0045758206397295,8.52673543262565E-08
69650,186.945999145508,0.00432680826634169,8.06271754501597E-08
69660,186.945999145508,0.00408478081226349,7.6117155869325E-08
69670,186.945999145508,0.00384950544685125,7.17329569405771E-08
69680,186.945999145508,0.00362109858542681,6.74767479855037E-08
69690,186.945999145508,0.00339967664331198,6.33506983256925E-08
69700,186.945999145508,0.00318512320518494,5.93526386395557E-08
69710,186.945999145508,0.00297755468636751,5.54847382486812E-08
69720,186.945999145508,0.00277673825621605,5.17426585098934E-08
69730,186.945999145508,0.00258302316069603,4.81329073879555E-08
69740,186.945999145508,0.00239606015384197,4.46489769181044E-08
69750,186.945999145508,0.00221619848161936,4.12973750651032E-08
69760,186.945999145508,0.00204320531338453,3.80737631857764E-08
69770,186.945999145508,0.00187719706445932,3.49803106017119E-08
69780,186.945999145508,0.00171817373484373,3.20170173129095E-08
69790,186.945999145508,0.00156613532453775,2.91838833193693E-08
69800,186.945999145508,0.00142108183354139,2.64809086210913E-08
69810,186.945999145508,0.00128301326185465,2.39080932180754E-08
69820,186.945999145508,0.00115192960947752,2.14654371103218E-08
69830,186.945999145508,0.00102783087641001,1.91529402978303E-08
69840,186.945999145508,0.000910833477973938,1.69727721021887E-08
69850,186.945999145508,0.000800937414169312,1.49249325233971E-08
69860,186.945999145508,0.000697909854352474,1.30050829182798E-08
69870,186.945999145508,0.000602100044488907,1.12197312516002E-08
69880,186.945999145508,0.000513158738613129,9.56236955859509E-09
69890,186.945999145508,0.00043143518269062,8.03950580402754E-09
69900,186.945999145508,0.000356580130755901,6.64463202313447E-09
69910,186.945999145508,0.000289059244096279,5.3864255022667E-09
69920,186.945999145508,0.000228523276746273,4.25837827666111E-09
69930,186.945999145508,0.00017508864402771,3.2626596679054E-09
69940,186.945999145508,0.000128638930618763,2.39710035441188E-09
69950,186.945999145508,8.94069671630859E-05,1.66603897935595E-09
69960,186.945999145508,5.72763383388519E-05,1.06730622114991E-09
69970,186.945999145508,3.22470441460609E-05,6.00902079793748E-10
69980,186.945999145508,1.4319084584713E-05,2.66826555287476E-10
69990,186.945999145508,3.49245965480804E-06,6.50796476310918E-11
